1,36,127,2025-05-22 16:58:50,已参加,,,2025-05-22 16:58:50
2,40,19,2025-05-22 16:58:50,已参加,,,2025-05-22 16:58:50
3,3,280,2025-05-22 16:58:50,已参加,,,2025-05-22 16:58:50
4,28,687,2025-05-22 16:58:50,已批准,,,2025-05-22 16:58:50
5,41,22,2025-05-22 16:58:50,已参加,,,2025-05-22 16:58:50
6,38,486,2025-05-22 16:58:50,已批准,,,2025-05-22 16:58:50
7,21,250,2025-05-22 16:58:50,已取消,,,2025-05-22 16:58:50
8,47,134,2025-05-22 16:58:50,已参加,,,2025-05-22 16:58:50
9,21,268,2025-05-22 16:58:50,已参加,,,2025-05-22 16:58:50
10,15,185,2025-05-22 16:58:50,已参加,,,2025-05-22 16:58:50
11,50,699,2025-05-22 16:58:50,已参加,,,2025-05-22 16:58:50
12,40,676,2025-05-22 16:58:50,已批准,,,2025-05-22 16:58:50
13,44,400,2025-05-22 16:58:50,已参加,,,2025-05-22 16:58:50
14,1,793,2025-05-22 16:58:50,待审批,,,2025-05-22 16:58:50
15,43,239,2025-05-22 16:58:50,已批准,,,2025-05-22 16:58:50
16,9,857,2025-05-22 16:58:50,已取消,,,2025-05-22 16:58:50
17,33,427,2025-05-22 16:58:50,已参加,,,2025-05-22 16:58:50
18,17,344,2025-05-22 16:58:50,已参加,,,2025-05-22 16:58:50
19,26,623,2025-05-22 16:58:50,已参加,,,2025-05-22 16:58:50
20,48,664,2025-05-22 16:58:50,已参加,,,2025-05-22 16:58:50
21,1,694,2025-05-22 16:58:50,已参加,,,2025-05-22 16:58:50
22,33,650,2025-05-22 16:58:50,已参加,,,2025-05-22 16:58:50
23,29,64,2025-05-22 16:58:50,已参加,,,2025-05-22 16:58:50
24,1,132,2025-05-22 16:58:50,已参加,,,2025-05-22 16:58:50
25,1,552,2025-05-22 16:58:50,已取消,,,2025-05-22 16:58:50
26,32,861,2025-05-22 16:58:50,已参加,,,2025-05-22 16:58:50
27,9,220,2025-05-22 16:58:50,已取消,,,2025-05-22 16:58:50
28,46,677,2025-05-22 16:58:50,已参加,,,2025-05-22 16:58:50
29,5,827,2025-05-22 16:58:50,已批准,,,2025-05-22 16:58:50
30,16,819,2025-05-22 16:58:50,已参加,,,2025-05-22 16:58:50
31,26,262,2025-05-22 16:58:50,已批准,,,2025-05-22 16:58:50
32,40,587,2025-05-22 16:58:50,已参加,,,2025-05-22 16:58:50
33,41,143,2025-05-22 16:58:50,待审批,,,2025-05-22 16:58:50
34,28,976,2025-05-22 16:58:50,已参加,,,2025-05-22 16:58:50
35,41,610,2025-05-22 16:58:50,已参加,,,2025-05-22 16:58:50
36,8,109,2025-05-22 16:58:50,待审批,,,2025-05-22 16:58:50
37,21,927,2025-05-22 16:58:50,已批准,,,2025-05-22 16:58:50
38,21,185,2025-05-22 16:58:50,已参加,,,2025-05-22 16:58:50
39,47,415,2025-05-22 16:58:50,已取消,,,2025-05-22 16:58:50
40,26,950,2025-05-22 16:58:50,已参加,,,2025-05-22 16:58:50
41,27,971,2025-05-22 16:58:50,已参加,,,2025-05-22 16:58:50
42,3,366,2025-05-22 16:58:50,已取消,,,2025-05-22 16:58:50
43,2,243,2025-05-22 16:58:50,已参加,,,2025-05-22 16:58:50
44,6,55,2025-05-22 16:58:50,待审批,,,2025-05-22 16:58:50
45,4,729,2025-05-22 16:58:50,已参加,,,2025-05-22 16:58:50
46,40,176,2025-05-22 16:58:50,已参加,,,2025-05-22 16:58:50
47,40,643,2025-05-22 16:58:50,已参加,,,2025-05-22 16:58:50
48,22,639,2025-05-22 16:58:50,待审批,,,2025-05-22 16:58:50
49,33,249,2025-05-22 16:58:50,待审批,,,2025-05-22 16:58:50
50,15,425,2025-05-22 16:58:50,已参加,,,2025-05-22 16:58:50
51,48,205,2025-05-22 16:58:50,已取消,,,2025-05-22 16:58:50
52,27,73,2025-05-22 16:58:50,已参加,,,2025-05-22 16:58:50
53,32,841,2025-05-22 16:58:50,待审批,,,2025-05-22 16:58:50
54,2,421,2025-05-22 16:58:50,已批准,,,2025-05-22 16:58:50
55,16,817,2025-05-22 16:58:50,已参加,,,2025-05-22 16:58:50
56,27,230,2025-05-22 16:58:50,已参加,,,2025-05-22 16:58:50
57,48,368,2025-05-22 16:58:50,已参加,,,2025-05-22 16:58:50
58,4,470,2025-05-22 16:58:50,已参加,,,2025-05-22 16:58:50
59,37,297,2025-05-22 16:58:50,已批准,,,2025-05-22 16:58:50
60,32,938,2025-05-22 16:58:50,已批准,,,2025-05-22 16:58:50
61,23,540,2025-05-22 16:58:50,已参加,,,2025-05-22 16:58:50
62,44,576,2025-05-22 16:58:50,已参加,,,2025-05-22 16:58:50
63,4,830,2025-05-22 16:58:50,已批准,,,2025-05-22 16:58:50
64,21,313,2025-05-22 16:58:50,已参加,,,2025-05-22 16:58:50
65,43,191,2025-05-22 16:58:50,已参加,,,2025-05-22 16:58:50
66,44,2,2025-05-22 16:58:50,已参加,,,2025-05-22 16:58:50
67,32,111,2025-05-22 16:58:50,已参加,,,2025-05-22 16:58:50
68,26,962,2025-05-22 16:58:50,已参加,,,2025-05-22 16:58:50
69,32,985,2025-05-22 16:58:50,已参加,,,2025-05-22 16:58:50
70,11,203,2025-05-22 16:58:50,已参加,,,2025-05-22 16:58:50
71,13,502,2025-05-22 16:58:50,已参加,,,2025-05-22 16:58:50
72,11,999,2025-05-22 16:58:50,已参加,,,2025-05-22 16:58:50
73,9,670,2025-05-22 16:58:50,已批准,,,2025-05-22 16:58:50
74,39,106,2025-05-22 16:58:50,已参加,,,2025-05-22 16:58:50
75,20,681,2025-05-22 16:58:50,已参加,,,2025-05-22 16:58:50
76,8,677,2025-05-22 16:58:50,已参加,,,2025-05-22 16:58:50
77,23,352,2025-05-22 16:58:50,已参加,,,2025-05-22 16:58:50
78,37,134,2025-05-22 16:58:50,已参加,,,2025-05-22 16:58:50
79,34,947,2025-05-22 16:58:50,已参加,,,2025-05-22 16:58:50
80,45,198,2025-05-22 16:58:50,已批准,,,2025-05-22 16:58:50
81,25,686,2025-05-22 16:58:50,已取消,,,2025-05-22 16:58:50
82,25,569,2025-05-22 16:58:50,已批准,,,2025-05-22 16:58:50
83,36,203,2025-05-22 16:58:50,已参加,,,2025-05-22 16:58:50
84,37,581,2025-05-22 16:58:50,已参加,,,2025-05-22 16:58:50
85,26,92,2025-05-22 16:58:50,已参加,,,2025-05-22 16:58:50
86,8,706,2025-05-22 16:58:50,已批准,,,2025-05-22 16:58:50
87,46,803,2025-05-22 16:58:50,已参加,,,2025-05-22 16:58:50
88,49,926,2025-05-22 16:58:50,已参加,,,2025-05-22 16:58:50
89,24,160,2025-05-22 16:58:50,已参加,,,2025-05-22 16:58:50
90,17,246,2025-05-22 16:58:50,已批准,,,2025-05-22 16:58:50
91,35,922,2025-05-22 16:58:50,已批准,,,2025-05-22 16:58:50
92,22,164,2025-05-22 16:58:50,已批准,,,2025-05-22 16:58:50
93,20,728,2025-05-22 16:58:50,已批准,,,2025-05-22 16:58:50
94,1,831,2025-05-22 16:58:50,待审批,,,2025-05-22 16:58:50
95,38,561,2025-05-22 16:58:50,待审批,,,2025-05-22 16:58:50
96,35,180,2025-05-22 16:58:50,已批准,,,2025-05-22 16:58:50
97,18,635,2025-05-22 16:58:50,待审批,,,2025-05-22 16:58:50
98,47,700,2025-05-22 16:58:50,待审批,,,2025-05-22 16:58:50
99,8,674,2025-05-22 16:58:50,待审批,,,2025-05-22 16:58:50
100,49,976,2025-05-22 16:58:50,待审批,,,2025-05-22 16:58:50
101,44,582,2025-05-22 16:58:50,已批准,,,2025-05-22 16:58:50
102,19,312,2025-05-22 16:58:50,已批准,,,2025-05-22 16:58:50
103,22,673,2025-05-22 16:58:50,已参加,,,2025-05-22 16:58:50
104,16,890,2025-05-22 16:58:50,已参加,,,2025-05-22 16:58:50
105,25,660,2025-05-22 16:58:50,已批准,,,2025-05-22 16:58:50
106,9,209,2025-05-22 16:58:50,已参加,,,2025-05-22 16:58:50
107,8,510,2025-05-22 16:58:50,已批准,,,2025-05-22 16:58:50
108,33,821,2025-05-22 16:58:50,已参加,,,2025-05-22 16:58:50
109,21,623,2025-05-22 16:58:50,已参加,,,2025-05-22 16:58:50
110,49,997,2025-05-22 16:58:50,已参加,,,2025-05-22 16:58:50
111,9,568,2025-05-22 16:58:50,已参加,,,2025-05-22 16:58:50
112,17,700,2025-05-22 16:58:50,已参加,,,2025-05-22 16:58:50
113,18,658,2025-05-22 16:58:50,待审批,,,2025-05-22 16:58:50
114,25,348,2025-05-22 16:58:50,已参加,,,2025-05-22 16:58:50
115,36,601,2025-05-22 16:58:50,已参加,,,2025-05-22 16:58:50
116,44,44,2025-05-22 16:58:50,已参加,,,2025-05-22 16:58:50
117,41,249,2025-05-22 16:58:50,已参加,,,2025-05-22 16:58:50
118,47,1000,2025-05-22 16:58:50,已参加,,,2025-05-22 16:58:50
119,20,911,2025-05-22 16:58:50,已参加,,,2025-05-22 16:58:50
120,16,38,2025-05-22 16:58:50,已批准,,,2025-05-22 16:58:50
121,15,375,2025-05-22 16:58:50,已批准,,,2025-05-22 16:58:50
122,28,25,2025-05-22 16:58:50,已批准,,,2025-05-22 16:58:50
123,21,981,2025-05-22 16:58:50,已参加,,,2025-05-22 16:58:50
124,25,673,2025-05-22 16:58:50,已批准,,,2025-05-22 16:58:50
125,21,324,2025-05-22 16:58:50,已批准,,,2025-05-22 16:58:50
126,39,648,2025-05-22 16:58:50,已参加,,,2025-05-22 16:58:50
127,41,463,2025-05-22 16:58:50,已取消,,,2025-05-22 16:58:50
128,21,781,2025-05-22 16:58:50,已取消,,,2025-05-22 16:58:50
129,49,50,2025-05-22 16:58:50,已批准,,,2025-05-22 16:58:50
130,29,956,2025-05-22 16:58:50,已参加,,,2025-05-22 16:58:50
131,26,125,2025-05-22 16:58:50,已批准,,,2025-05-22 16:58:50
132,36,966,2025-05-22 16:58:50,已参加,,,2025-05-22 16:58:50
133,8,789,2025-05-22 16:58:50,已取消,,,2025-05-22 16:58:50
134,16,262,2025-05-22 16:58:50,已参加,,,2025-05-22 16:58:50
135,4,161,2025-05-22 16:58:50,已批准,,,2025-05-22 16:58:50
136,12,415,2025-05-22 16:58:50,已参加,,,2025-05-22 16:58:50
137,24,42,2025-05-22 16:58:50,已参加,,,2025-05-22 16:58:50
138,12,977,2025-05-22 16:58:50,待审批,,,2025-05-22 16:58:50
139,46,44,2025-05-22 16:58:50,已取消,,,2025-05-22 16:58:50
140,47,861,2025-05-22 16:58:50,待审批,,,2025-05-22 16:58:50
141,6,728,2025-05-22 16:58:50,待审批,,,2025-05-22 16:58:50
142,37,431,2025-05-22 16:58:50,已参加,,,2025-05-22 16:58:50
143,4,21,2025-05-22 16:58:50,已取消,,,2025-05-22 16:58:50
144,35,101,2025-05-22 16:58:50,已参加,,,2025-05-22 16:58:50
145,17,369,2025-05-22 16:58:50,已批准,,,2025-05-22 16:58:50
146,43,716,2025-05-22 16:58:50,已参加,,,2025-05-22 16:58:50
147,6,404,2025-05-22 16:58:50,已参加,,,2025-05-22 16:58:50
148,49,511,2025-05-22 16:58:50,已参加,,,2025-05-22 16:58:50
149,13,547,2025-05-22 16:58:50,已批准,,,2025-05-22 16:58:50
150,38,166,2025-05-22 16:58:50,已批准,,,2025-05-22 16:58:50
151,12,217,2025-05-22 16:58:50,已参加,,,2025-05-22 16:58:50
152,15,501,2025-05-22 16:58:50,已参加,,,2025-05-22 16:58:50
153,48,291,2025-05-22 16:58:50,已批准,,,2025-05-22 16:58:50
154,6,138,2025-05-22 16:58:50,已参加,,,2025-05-22 16:58:50
155,47,720,2025-05-22 16:58:50,已参加,,,2025-05-22 16:58:50
156,43,648,2025-05-22 16:58:50,已批准,,,2025-05-22 16:58:50
157,22,670,2025-05-22 16:58:50,已批准,,,2025-05-22 16:58:50
158,2,529,2025-05-22 16:58:50,已取消,,,2025-05-22 16:58:50
159,22,39,2025-05-22 16:58:50,已参加,,,2025-05-22 16:58:50
160,5,533,2025-05-22 16:58:50,已批准,,,2025-05-22 16:58:50
161,1,216,2025-05-22 16:58:50,已参加,,,2025-05-22 16:58:50
162,41,758,2025-05-22 16:58:50,已参加,,,2025-05-22 16:58:50
163,37,431,2025-05-22 16:58:50,已参加,,,2025-05-22 16:58:50
164,1,488,2025-05-22 16:58:50,已批准,,,2025-05-22 16:58:50
165,44,740,2025-05-22 16:58:50,已参加,,,2025-05-22 16:58:50
166,16,531,2025-05-22 16:58:50,已批准,,,2025-05-22 16:58:50
167,15,661,2025-05-22 16:58:50,已参加,,,2025-05-22 16:58:50
168,36,186,2025-05-22 16:58:50,已参加,,,2025-05-22 16:58:50
169,34,666,2025-05-22 16:58:50,已参加,,,2025-05-22 16:58:50
170,36,750,2025-05-22 16:58:50,已参加,,,2025-05-22 16:58:50
171,32,802,2025-05-22 16:58:50,已参加,,,2025-05-22 16:58:50
172,33,936,2025-05-22 16:58:50,已取消,,,2025-05-22 16:58:50
173,28,973,2025-05-22 16:58:50,已参加,,,2025-05-22 16:58:50
174,25,495,2025-05-22 16:58:50,已参加,,,2025-05-22 16:58:50
175,20,848,2025-05-22 16:58:50,待审批,,,2025-05-22 16:58:50
176,36,564,2025-05-22 16:58:50,待审批,,,2025-05-22 16:58:50
177,25,815,2025-05-22 16:58:50,已参加,,,2025-05-22 16:58:50
178,27,986,2025-05-22 16:58:50,已参加,,,2025-05-22 16:58:50
179,3,285,2025-05-22 16:58:50,已取消,,,2025-05-22 16:58:50
180,44,790,2025-05-22 16:58:50,已参加,,,2025-05-22 16:58:50
181,26,271,2025-05-22 16:58:50,已取消,,,2025-05-22 16:58:50
182,18,45,2025-05-22 16:58:50,已取消,,,2025-05-22 16:58:50
183,4,303,2025-05-22 16:58:50,已参加,,,2025-05-22 16:58:50
184,45,116,2025-05-22 16:58:50,已参加,,,2025-05-22 16:58:50
185,17,885,2025-05-22 16:58:50,已参加,,,2025-05-22 16:58:50
186,5,973,2025-05-22 16:58:50,已取消,,,2025-05-22 16:58:50
187,34,207,2025-05-22 16:58:50,已参加,,,2025-05-22 16:58:50
188,28,757,2025-05-22 16:58:50,已批准,,,2025-05-22 16:58:50
189,26,302,2025-05-22 16:58:50,已取消,,,2025-05-22 16:58:50
190,8,801,2025-05-22 16:58:50,已参加,,,2025-05-22 16:58:50
191,40,977,2025-05-22 16:58:50,已批准,,,2025-05-22 16:58:50
192,20,918,2025-05-22 16:58:50,待审批,,,2025-05-22 16:58:50
193,6,480,2025-05-22 16:58:50,已批准,,,2025-05-22 16:58:50
194,26,427,2025-05-22 16:58:50,已批准,,,2025-05-22 16:58:50
195,39,381,2025-05-22 16:58:50,已参加,,,2025-05-22 16:58:50
196,16,575,2025-05-22 16:58:50,已参加,,,2025-05-22 16:58:50
197,49,160,2025-05-22 16:58:50,已参加,,,2025-05-22 16:58:50
198,27,514,2025-05-22 16:58:50,已取消,,,2025-05-22 16:58:50
199,50,401,2025-05-22 16:58:50,已参加,,,2025-05-22 16:58:50
200,44,104,2025-05-22 16:58:50,已参加,,,2025-05-22 16:58:50
201,16,464,2025-05-22 16:58:50,已取消,,,2025-05-22 16:58:50
202,49,810,2025-05-22 16:58:50,已批准,,,2025-05-22 16:58:50
203,35,373,2025-05-22 16:58:50,已参加,,,2025-05-22 16:58:50
204,35,210,2025-05-22 16:58:50,已批准,,,2025-05-22 16:58:50
205,12,895,2025-05-22 16:58:50,已参加,,,2025-05-22 16:58:50
206,23,370,2025-05-22 16:58:50,待审批,,,2025-05-22 16:58:50
207,1,888,2025-05-22 16:58:50,待审批,,,2025-05-22 16:58:50
208,29,333,2025-05-22 16:58:50,已参加,,,2025-05-22 16:58:50
209,9,251,2025-05-22 16:58:50,待审批,,,2025-05-22 16:58:50
210,44,985,2025-05-22 16:58:50,已批准,,,2025-05-22 16:58:50
211,16,880,2025-05-22 16:58:50,已参加,,,2025-05-22 16:58:50
212,23,918,2025-05-22 16:58:50,已批准,,,2025-05-22 16:58:50
213,37,348,2025-05-22 16:58:50,已批准,,,2025-05-22 16:58:50
214,35,955,2025-05-22 16:58:50,已参加,,,2025-05-22 16:58:50
215,12,235,2025-05-22 16:58:50,已参加,,,2025-05-22 16:58:50
216,15,592,2025-05-22 16:58:50,待审批,,,2025-05-22 16:58:50
217,5,224,2025-05-22 16:58:50,待审批,,,2025-05-22 16:58:50
218,38,758,2025-05-22 16:58:50,已参加,,,2025-05-22 16:58:50
219,12,499,2025-05-22 16:58:50,已批准,,,2025-05-22 16:58:50
220,28,272,2025-05-22 16:58:50,已取消,,,2025-05-22 16:58:50
221,48,219,2025-05-22 16:58:50,已批准,,,2025-05-22 16:58:50
222,33,300,2025-05-22 16:58:50,已批准,,,2025-05-22 16:58:50
223,5,587,2025-05-22 16:58:50,已参加,,,2025-05-22 16:58:50
224,9,926,2025-05-22 16:58:50,已参加,,,2025-05-22 16:58:50
225,1,134,2025-05-22 16:58:50,已取消,,,2025-05-22 16:58:50
226,34,327,2025-05-22 16:58:50,已参加,,,2025-05-22 16:58:50
227,47,209,2025-05-22 16:58:50,已批准,,,2025-05-22 16:58:50
228,17,729,2025-05-22 16:58:50,待审批,,,2025-05-22 16:58:50
229,36,366,2025-05-22 16:58:50,已取消,,,2025-05-22 16:58:50
230,29,933,2025-05-22 16:58:50,已参加,,,2025-05-22 16:58:50
231,43,727,2025-05-22 16:58:50,已参加,,,2025-05-22 16:58:50
232,49,979,2025-05-22 16:58:50,已参加,,,2025-05-22 16:58:50
233,43,260,2025-05-22 16:58:50,已参加,,,2025-05-22 16:58:50
234,43,661,2025-05-22 16:58:50,已批准,,,2025-05-22 16:58:50
235,36,248,2025-05-22 16:58:50,已参加,,,2025-05-22 16:58:50
236,16,679,2025-05-22 16:58:50,已参加,,,2025-05-22 16:58:50
237,12,659,2025-05-22 16:58:50,已参加,,,2025-05-22 16:58:50
238,3,252,2025-05-22 16:58:50,已参加,,,2025-05-22 16:58:50
239,26,296,2025-05-22 16:58:50,已参加,,,2025-05-22 16:58:50
240,37,527,2025-05-22 16:58:50,已参加,,,2025-05-22 16:58:50
241,33,980,2025-05-22 16:58:50,已参加,,,2025-05-22 16:58:50
242,12,295,2025-05-22 16:58:50,已参加,,,2025-05-22 16:58:50
243,13,583,2025-05-22 16:58:50,已参加,,,2025-05-22 16:58:50
244,45,764,2025-05-22 16:58:50,已批准,,,2025-05-22 16:58:50
245,5,236,2025-05-22 16:58:50,已批准,,,2025-05-22 16:58:50
246,41,286,2025-05-22 16:58:50,已参加,,,2025-05-22 16:58:50
247,6,753,2025-05-22 16:58:50,已参加,,,2025-05-22 16:58:50
248,28,278,2025-05-22 16:58:50,已参加,,,2025-05-22 16:58:50
249,45,645,2025-05-22 16:58:50,已取消,,,2025-05-22 16:58:50
250,27,109,2025-05-22 16:58:50,待审批,,,2025-05-22 16:58:50
251,48,184,2025-05-22 16:58:50,已参加,,,2025-05-22 16:58:50
252,48,294,2025-05-22 16:58:50,已批准,,,2025-05-22 16:58:50
253,8,882,2025-05-22 16:58:50,已批准,,,2025-05-22 16:58:50
254,28,43,2025-05-22 16:58:50,已参加,,,2025-05-22 16:58:50
255,20,532,2025-05-22 16:58:50,已参加,,,2025-05-22 16:58:50
256,40,510,2025-05-22 16:58:50,已取消,,,2025-05-22 16:58:50
257,32,123,2025-05-22 16:58:50,已参加,,,2025-05-22 16:58:50
258,8,374,2025-05-22 16:58:50,已批准,,,2025-05-22 16:58:50
259,9,810,2025-05-22 16:58:50,已参加,,,2025-05-22 16:58:50
260,27,387,2025-05-22 16:58:50,已批准,,,2025-05-22 16:58:50
261,21,593,2025-05-22 16:58:50,已参加,,,2025-05-22 16:58:50
262,15,100,2025-05-22 16:58:50,已参加,,,2025-05-22 16:58:50
263,32,45,2025-05-22 16:58:50,已取消,,,2025-05-22 16:58:50
264,23,91,2025-05-22 16:58:50,已参加,,,2025-05-22 16:58:50
265,6,445,2025-05-22 16:58:50,已取消,,,2025-05-22 16:58:50
266,22,13,2025-05-22 16:58:50,已批准,,,2025-05-22 16:58:50
267,50,413,2025-05-22 16:58:50,已批准,,,2025-05-22 16:58:50
268,44,450,2025-05-22 16:58:50,已参加,,,2025-05-22 16:58:50
269,48,691,2025-05-22 16:58:50,待审批,,,2025-05-22 16:58:50
270,47,840,2025-05-22 16:58:50,已参加,,,2025-05-22 16:58:50
271,28,64,2025-05-22 16:58:50,已取消,,,2025-05-22 16:58:50
272,40,686,2025-05-22 16:58:50,已批准,,,2025-05-22 16:58:50
273,37,906,2025-05-22 16:58:50,已参加,,,2025-05-22 16:58:50
274,25,903,2025-05-22 16:58:50,已取消,,,2025-05-22 16:58:50
275,45,631,2025-05-22 16:58:50,待审批,,,2025-05-22 16:58:50
276,50,105,2025-05-22 16:58:50,已参加,,,2025-05-22 16:58:50
277,16,455,2025-05-22 16:58:50,已批准,,,2025-05-22 16:58:50
278,45,443,2025-05-22 16:58:50,已批准,,,2025-05-22 16:58:50
279,7,271,2025-05-22 16:58:50,已取消,,,2025-05-22 16:58:50
280,29,959,2025-05-22 16:58:50,已批准,,,2025-05-22 16:58:50
281,33,460,2025-05-22 16:58:50,已参加,,,2025-05-22 16:58:50
282,3,205,2025-05-22 16:58:50,已参加,,,2025-05-22 16:58:50
283,19,776,2025-05-22 16:58:50,已批准,,,2025-05-22 16:58:50
284,22,683,2025-05-22 16:58:50,已取消,,,2025-05-22 16:58:50
285,15,160,2025-05-22 16:58:50,已参加,,,2025-05-22 16:58:50
286,19,373,2025-05-22 16:58:50,已参加,,,2025-05-22 16:58:50
287,3,11,2025-05-22 16:58:50,已参加,,,2025-05-22 16:58:50
288,38,450,2025-05-22 16:58:50,已参加,,,2025-05-22 16:58:50
289,40,563,2025-05-22 16:58:50,已参加,,,2025-05-22 16:58:50
290,43,573,2025-05-22 16:58:50,已批准,,,2025-05-22 16:58:50
291,37,553,2025-05-22 16:58:50,已参加,,,2025-05-22 16:58:50
292,18,485,2025-05-22 16:58:50,已参加,,,2025-05-22 16:58:50
293,33,73,2025-05-22 16:58:50,已参加,,,2025-05-22 16:58:50
294,20,21,2025-05-22 16:58:50,已批准,,,2025-05-22 16:58:50
295,20,481,2025-05-22 16:58:50,已参加,,,2025-05-22 16:58:50
296,8,816,2025-05-22 16:58:50,已批准,,,2025-05-22 16:58:50
297,36,773,2025-05-22 16:58:50,已参加,,,2025-05-22 16:58:50
298,8,6,2025-05-22 16:58:50,已参加,,,2025-05-22 16:58:50
299,28,851,2025-05-22 16:58:50,待审批,,,2025-05-22 16:58:50
300,29,344,2025-05-22 16:58:50,已参加,,,2025-05-22 16:58:50
301,2,296,2025-05-22 16:58:50,已参加,,,2025-05-22 16:58:50
302,47,512,2025-05-22 16:58:50,已参加,,,2025-05-22 16:58:50
303,26,824,2025-05-22 16:58:50,已参加,,,2025-05-22 16:58:50
304,32,705,2025-05-22 16:58:50,已参加,,,2025-05-22 16:58:50
305,36,100,2025-05-22 16:58:50,已参加,,,2025-05-22 16:58:50
306,34,962,2025-05-22 16:58:50,已取消,,,2025-05-22 16:58:50
307,9,981,2025-05-22 16:58:50,已参加,,,2025-05-22 16:58:50
308,38,347,2025-05-22 16:58:50,已参加,,,2025-05-22 16:58:50
309,34,611,2025-05-22 16:58:50,待审批,,,2025-05-22 16:58:50
310,15,844,2025-05-22 16:58:50,待审批,,,2025-05-22 16:58:50
311,39,609,2025-05-22 16:58:50,已参加,,,2025-05-22 16:58:50
312,12,589,2025-05-22 16:58:50,已参加,,,2025-05-22 16:58:50
313,20,435,2025-05-22 16:58:50,已参加,,,2025-05-22 16:58:50
314,27,393,2025-05-22 16:58:50,已参加,,,2025-05-22 16:58:50
315,32,233,2025-05-22 16:58:50,已参加,,,2025-05-22 16:58:50
316,37,837,2025-05-22 16:58:50,已批准,,,2025-05-22 16:58:50
317,44,475,2025-05-22 16:58:50,已参加,,,2025-05-22 16:58:50
318,9,673,2025-05-22 16:58:50,已取消,,,2025-05-22 16:58:50
319,37,826,2025-05-22 16:58:50,已批准,,,2025-05-22 16:58:50
320,5,76,2025-05-22 16:58:50,已批准,,,2025-05-22 16:58:50
321,35,775,2025-05-22 16:58:50,已参加,,,2025-05-22 16:58:50
322,17,822,2025-05-22 16:58:50,待审批,,,2025-05-22 16:58:50
323,35,537,2025-05-22 16:58:50,已批准,,,2025-05-22 16:58:50
324,9,607,2025-05-22 16:58:50,已参加,,,2025-05-22 16:58:50
325,50,37,2025-05-22 16:58:50,已参加,,,2025-05-22 16:58:50
326,39,514,2025-05-22 16:58:50,已取消,,,2025-05-22 16:58:50
327,45,642,2025-05-22 16:58:50,已参加,,,2025-05-22 16:58:50
328,39,14,2025-05-22 16:58:50,已参加,,,2025-05-22 16:58:50
329,13,967,2025-05-22 16:58:50,已参加,,,2025-05-22 16:58:50
330,2,29,2025-05-22 16:58:50,已参加,,,2025-05-22 16:58:50
331,18,369,2025-05-22 16:58:50,已参加,,,2025-05-22 16:58:50
332,24,395,2025-05-22 16:58:50,已参加,,,2025-05-22 16:58:50
333,20,637,2025-05-22 16:58:50,已参加,,,2025-05-22 16:58:50
334,22,650,2025-05-22 16:58:50,已参加,,,2025-05-22 16:58:50
335,15,786,2025-05-22 16:58:50,已取消,,,2025-05-22 16:58:50
336,39,799,2025-05-22 16:58:50,已参加,,,2025-05-22 16:58:50
337,39,531,2025-05-22 16:58:50,已参加,,,2025-05-22 16:58:50
338,2,284,2025-05-22 16:58:50,已取消,,,2025-05-22 16:58:50
339,45,422,2025-05-22 16:58:50,已批准,,,2025-05-22 16:58:50
340,35,350,2025-05-22 16:58:50,已参加,,,2025-05-22 16:58:50
341,3,248,2025-05-22 16:58:50,已参加,,,2025-05-22 16:58:50
342,35,239,2025-05-22 16:58:50,已参加,,,2025-05-22 16:58:50
343,48,448,2025-05-22 16:58:50,待审批,,,2025-05-22 16:58:50
344,26,998,2025-05-22 16:58:50,已参加,,,2025-05-22 16:58:50
345,5,370,2025-05-22 16:58:50,已批准,,,2025-05-22 16:58:50
346,23,271,2025-05-22 16:58:50,已参加,,,2025-05-22 16:58:50
347,45,784,2025-05-22 16:58:50,已取消,,,2025-05-22 16:58:50
348,9,656,2025-05-22 16:58:50,已批准,,,2025-05-22 16:58:50
349,2,599,2025-05-22 16:58:50,已参加,,,2025-05-22 16:58:50
350,49,503,2025-05-22 16:58:50,已参加,,,2025-05-22 16:58:50
351,49,354,2025-05-22 16:58:50,已参加,,,2025-05-22 16:58:50
352,15,513,2025-05-22 16:58:50,已参加,,,2025-05-22 16:58:50
353,17,947,2025-05-22 16:58:50,待审批,,,2025-05-22 16:58:50
354,16,15,2025-05-22 16:58:50,已批准,,,2025-05-22 16:58:50
355,11,722,2025-05-22 16:58:50,已参加,,,2025-05-22 16:58:50
356,24,881,2025-05-22 16:58:50,待审批,,,2025-05-22 16:58:50
357,7,933,2025-05-22 16:58:50,已批准,,,2025-05-22 16:58:50
358,49,337,2025-05-22 16:58:50,已参加,,,2025-05-22 16:58:50
359,25,48,2025-05-22 16:58:50,已参加,,,2025-05-22 16:58:50
360,37,234,2025-05-22 16:58:50,已参加,,,2025-05-22 16:58:50
361,23,355,2025-05-22 16:58:50,已参加,,,2025-05-22 16:58:50
362,12,96,2025-05-22 16:58:50,待审批,,,2025-05-22 16:58:50
363,9,827,2025-05-22 16:58:50,已参加,,,2025-05-22 16:58:50
364,36,248,2025-05-22 16:58:50,已参加,,,2025-05-22 16:58:50
365,18,764,2025-05-22 16:58:50,已批准,,,2025-05-22 16:58:50
366,34,578,2025-05-22 16:58:50,已参加,,,2025-05-22 16:58:50
367,49,228,2025-05-22 16:58:50,已参加,,,2025-05-22 16:58:50
368,29,679,2025-05-22 16:58:50,已参加,,,2025-05-22 16:58:50
369,47,186,2025-05-22 16:58:50,已参加,,,2025-05-22 16:58:50
370,20,370,2025-05-22 16:58:50,已参加,,,2025-05-22 16:58:50
371,23,141,2025-05-22 16:58:50,已参加,,,2025-05-22 16:58:50
372,28,233,2025-05-22 16:58:50,已参加,,,2025-05-22 16:58:50
373,12,703,2025-05-22 16:58:50,已参加,,,2025-05-22 16:58:50
374,40,719,2025-05-22 16:58:50,已参加,,,2025-05-22 16:58:50
375,21,171,2025-05-22 16:58:50,已参加,,,2025-05-22 16:58:50
376,39,676,2025-05-22 16:58:50,待审批,,,2025-05-22 16:58:50
377,6,98,2025-05-22 16:58:50,已参加,,,2025-05-22 16:58:50
378,5,288,2025-05-22 16:58:50,已参加,,,2025-05-22 16:58:50
379,7,358,2025-05-22 16:58:50,已批准,,,2025-05-22 16:58:50
380,46,527,2025-05-22 16:58:50,已参加,,,2025-05-22 16:58:50
381,3,229,2025-05-22 16:58:50,已参加,,,2025-05-22 16:58:50
382,24,545,2025-05-22 16:58:50,已参加,,,2025-05-22 16:58:50
383,21,930,2025-05-22 16:58:50,待审批,,,2025-05-22 16:58:50
384,11,806,2025-05-22 16:58:50,已批准,,,2025-05-22 16:58:50
385,28,803,2025-05-22 16:58:50,已参加,,,2025-05-22 16:58:50
386,39,938,2025-05-22 16:58:50,已参加,,,2025-05-22 16:58:50
387,19,168,2025-05-22 16:58:50,已取消,,,2025-05-22 16:58:50
388,19,991,2025-05-22 16:58:50,已参加,,,2025-05-22 16:58:50
389,15,395,2025-05-22 16:58:50,已批准,,,2025-05-22 16:58:50
390,36,347,2025-05-22 16:58:50,已参加,,,2025-05-22 16:58:50
391,26,887,2025-05-22 16:58:50,已参加,,,2025-05-22 16:58:50
392,27,483,2025-05-22 16:58:50,已参加,,,2025-05-22 16:58:50
393,37,452,2025-05-22 16:58:50,待审批,,,2025-05-22 16:58:50
394,44,442,2025-05-22 16:58:50,已参加,,,2025-05-22 16:58:50
395,39,97,2025-05-22 16:58:50,待审批,,,2025-05-22 16:58:50
396,50,744,2025-05-22 16:58:50,已参加,,,2025-05-22 16:58:50
397,1,669,2025-05-22 16:58:50,已取消,,,2025-05-22 16:58:50
398,44,291,2025-05-22 16:58:50,待审批,,,2025-05-22 16:58:50
399,49,10,2025-05-22 16:58:50,已取消,,,2025-05-22 16:58:50
400,2,592,2025-05-22 16:58:50,已参加,,,2025-05-22 16:58:50
401,15,566,2025-05-22 16:58:50,已取消,,,2025-05-22 16:58:50
402,38,400,2025-05-22 16:58:50,已参加,,,2025-05-22 16:58:50
403,41,662,2025-05-22 16:58:50,已参加,,,2025-05-22 16:58:50
404,27,367,2025-05-22 16:58:50,待审批,,,2025-05-22 16:58:50
405,16,264,2025-05-22 16:58:50,已参加,,,2025-05-22 16:58:50
406,47,664,2025-05-22 16:58:50,已参加,,,2025-05-22 16:58:50
407,44,599,2025-05-22 16:58:50,已参加,,,2025-05-22 16:58:50
408,13,988,2025-05-22 16:58:50,待审批,,,2025-05-22 16:58:50
409,41,497,2025-05-22 16:58:50,已参加,,,2025-05-22 16:58:50
410,21,529,2025-05-22 16:58:50,已参加,,,2025-05-22 16:58:50
411,16,442,2025-05-22 16:58:50,已参加,,,2025-05-22 16:58:50
412,46,764,2025-05-22 16:58:50,已取消,,,2025-05-22 16:58:50
413,28,456,2025-05-22 16:58:50,已取消,,,2025-05-22 16:58:50
414,40,785,2025-05-22 16:58:50,已批准,,,2025-05-22 16:58:50
415,43,109,2025-05-22 16:58:50,已参加,,,2025-05-22 16:58:50
416,4,68,2025-05-22 16:58:50,已批准,已批准,1001,2025-05-22 17:02:12
417,50,475,2025-05-22 16:58:50,已参加,,,2025-05-22 16:58:50
418,44,608,2025-05-22 16:58:50,已参加,,,2025-05-22 16:58:50
419,28,649,2025-05-22 16:58:50,已参加,,,2025-05-22 16:58:50
420,19,63,2025-05-22 16:58:50,待审批,,,2025-05-22 16:58:50
421,25,891,2025-05-22 16:58:50,已取消,,,2025-05-22 16:58:50
422,35,959,2025-05-22 16:58:50,已参加,,,2025-05-22 16:58:50
423,34,625,2025-05-22 16:58:50,已参加,,,2025-05-22 16:58:50
424,40,142,2025-05-22 16:58:50,待审批,,,2025-05-22 16:58:50
425,9,642,2025-05-22 16:58:50,已取消,,,2025-05-22 16:58:50
426,21,957,2025-05-22 16:58:50,已参加,,,2025-05-22 16:58:50
427,35,961,2025-05-22 16:58:50,已参加,,,2025-05-22 16:58:50
428,5,789,2025-05-22 16:58:50,已取消,,,2025-05-22 16:58:50
429,49,662,2025-05-22 16:58:50,待审批,,,2025-05-22 16:58:50
430,50,80,2025-05-22 16:58:50,已取消,,,2025-05-22 16:58:50
431,3,261,2025-05-22 16:58:50,已取消,,,2025-05-22 16:58:50
432,18,602,2025-05-22 16:58:50,已参加,,,2025-05-22 16:58:50
433,9,232,2025-05-22 16:58:50,待审批,,,2025-05-22 16:58:50
434,34,498,2025-05-22 16:58:50,已取消,,,2025-05-22 16:58:50
435,27,363,2025-05-22 16:58:50,已批准,,,2025-05-22 16:58:50
436,7,15,2025-05-22 16:58:50,已批准,,,2025-05-22 16:58:50
437,20,165,2025-05-22 16:58:50,待审批,,,2025-05-22 16:58:50
438,18,61,2025-05-22 16:58:50,已批准,,,2025-05-22 16:58:50
439,2,700,2025-05-22 16:58:50,已批准,,,2025-05-22 16:58:50
440,27,813,2025-05-22 16:58:50,已参加,,,2025-05-22 16:58:50
441,21,585,2025-05-22 16:58:50,已参加,,,2025-05-22 16:58:50
442,13,918,2025-05-22 16:58:50,已参加,,,2025-05-22 16:58:50
443,17,607,2025-05-22 16:58:50,已批准,,,2025-05-22 16:58:50
444,19,93,2025-05-22 16:58:50,已参加,,,2025-05-22 16:58:50
445,3,779,2025-05-22 16:58:50,已取消,,,2025-05-22 16:58:50
446,26,191,2025-05-22 16:58:50,待审批,,,2025-05-22 16:58:50
447,2,620,2025-05-22 16:58:50,已批准,,,2025-05-22 16:58:50
448,15,89,2025-05-22 16:58:50,已取消,,,2025-05-22 16:58:50
449,28,38,2025-05-22 16:58:50,已批准,,,2025-05-22 16:58:50
450,43,521,2025-05-22 16:58:50,已参加,,,2025-05-22 16:58:50
451,26,864,2025-05-22 16:58:50,已参加,,,2025-05-22 16:58:50
452,24,819,2025-05-22 16:58:50,已批准,,,2025-05-22 16:58:50
453,21,714,2025-05-22 16:58:50,已参加,,,2025-05-22 16:58:50
454,21,281,2025-05-22 16:58:50,已批准,,,2025-05-22 16:58:50
455,48,367,2025-05-22 16:58:50,已参加,,,2025-05-22 16:58:50
456,13,259,2025-05-22 16:58:50,已参加,,,2025-05-22 16:58:50
457,20,501,2025-05-22 16:58:50,已参加,,,2025-05-22 16:58:50
458,39,46,2025-05-22 16:58:50,已取消,,,2025-05-22 16:58:50
459,5,893,2025-05-22 16:58:50,已参加,,,2025-05-22 16:58:50
460,32,828,2025-05-22 16:58:50,已参加,,,2025-05-22 16:58:50
461,40,241,2025-05-22 16:58:50,待审批,,,2025-05-22 16:58:50
462,33,166,2025-05-22 16:58:50,已批准,,,2025-05-22 16:58:50
463,16,426,2025-05-22 16:58:50,已参加,,,2025-05-22 16:58:50
464,39,164,2025-05-22 16:58:50,待审批,,,2025-05-22 16:58:50
465,23,985,2025-05-22 16:58:50,已参加,,,2025-05-22 16:58:50
466,19,910,2025-05-22 16:58:50,已参加,,,2025-05-22 16:58:50
467,9,868,2025-05-22 16:58:50,已参加,,,2025-05-22 16:58:50
468,18,825,2025-05-22 16:58:50,已批准,,,2025-05-22 16:58:50
469,7,95,2025-05-22 16:58:50,已参加,,,2025-05-22 16:58:50
470,23,971,2025-05-22 16:58:50,已参加,,,2025-05-22 16:58:50
471,29,899,2025-05-22 16:58:50,已参加,,,2025-05-22 16:58:50
472,49,36,2025-05-22 16:58:50,已取消,,,2025-05-22 16:58:50
473,16,520,2025-05-22 16:58:50,已取消,,,2025-05-22 16:58:50
474,23,877,2025-05-22 16:58:50,已参加,,,2025-05-22 16:58:50
475,21,962,2025-05-22 16:58:50,已参加,,,2025-05-22 16:58:50
476,32,203,2025-05-22 16:58:50,已参加,,,2025-05-22 16:58:50
477,39,251,2025-05-22 16:58:50,已批准,,,2025-05-22 16:58:50
478,29,968,2025-05-22 16:58:50,已参加,,,2025-05-22 16:58:50
479,37,736,2025-05-22 16:58:50,待审批,,,2025-05-22 16:58:50
480,17,506,2025-05-22 16:58:50,已参加,,,2025-05-22 16:58:50
481,13,868,2025-05-22 16:58:50,已参加,,,2025-05-22 16:58:50
482,33,99,2025-05-22 16:58:50,已取消,,,2025-05-22 16:58:50
483,5,322,2025-05-22 16:58:50,已参加,,,2025-05-22 16:58:50
484,24,953,2025-05-22 16:58:50,已参加,,,2025-05-22 16:58:50
485,44,198,2025-05-22 16:58:50,已参加,,,2025-05-22 16:58:50
486,12,384,2025-05-22 16:58:50,已参加,,,2025-05-22 16:58:50
487,39,310,2025-05-22 16:58:50,已参加,,,2025-05-22 16:58:50
488,25,333,2025-05-22 16:58:50,已参加,,,2025-05-22 16:58:50
489,8,891,2025-05-22 16:58:50,已参加,,,2025-05-22 16:58:50
490,46,546,2025-05-22 16:58:50,已批准,,,2025-05-22 16:58:50
491,26,25,2025-05-22 16:58:50,待审批,,,2025-05-22 16:58:50
492,16,741,2025-05-22 16:58:50,已参加,,,2025-05-22 16:58:50
493,9,176,2025-05-22 16:58:50,待审批,,,2025-05-22 16:58:50
494,17,387,2025-05-22 16:58:50,已批准,,,2025-05-22 16:58:50
495,12,583,2025-05-22 16:58:50,已批准,,,2025-05-22 16:58:50
496,26,721,2025-05-22 16:58:50,待审批,,,2025-05-22 16:58:50
497,1,641,2025-05-22 16:58:50,已取消,,,2025-05-22 16:58:50
498,40,783,2025-05-22 16:58:50,待审批,,,2025-05-22 16:58:50
499,13,40,2025-05-22 16:58:50,已参加,,,2025-05-22 16:58:50
500,11,587,2025-05-22 16:58:50,已参加,,,2025-05-22 16:58:50
501,43,644,2025-05-22 16:58:50,已参加,,,2025-05-22 16:58:50
502,44,257,2025-05-22 16:58:50,已批准,,,2025-05-22 16:58:50
503,34,239,2025-05-22 16:58:50,已参加,,,2025-05-22 16:58:50
504,47,534,2025-05-22 16:58:50,已批准,,,2025-05-22 16:58:50
505,22,691,2025-05-22 16:58:50,已批准,,,2025-05-22 16:58:50
506,24,743,2025-05-22 16:58:50,已批准,,,2025-05-22 16:58:50
507,23,970,2025-05-22 16:58:50,已取消,,,2025-05-22 16:58:50
508,19,418,2025-05-22 16:58:50,待审批,,,2025-05-22 16:58:50
509,39,835,2025-05-22 16:58:50,已参加,,,2025-05-22 16:58:50
510,39,910,2025-05-22 16:58:50,已参加,,,2025-05-22 16:58:50
511,38,1001,2025-05-22 16:58:50,已参加,,,2025-05-22 16:58:50
512,43,58,2025-05-22 16:58:50,已取消,,,2025-05-22 16:58:50
513,40,194,2025-05-22 16:58:50,已参加,,,2025-05-22 16:58:50
514,35,641,2025-05-22 16:58:50,已参加,,,2025-05-22 16:58:50
515,46,14,2025-05-22 16:58:50,已参加,,,2025-05-22 16:58:50
516,4,737,2025-05-22 16:58:50,已批准,已批准,1001,2025-05-22 17:06:10
517,38,498,2025-05-22 16:58:50,已批准,,,2025-05-22 16:58:50
518,4,935,2025-05-22 16:58:50,已参加,,,2025-05-22 16:58:50
519,33,350,2025-05-22 16:58:50,已参加,,,2025-05-22 16:58:50
520,35,459,2025-05-22 16:58:50,已取消,,,2025-05-22 16:58:50
521,2,107,2025-05-22 16:58:50,已参加,,,2025-05-22 16:58:50
522,40,632,2025-05-22 16:58:50,已参加,,,2025-05-22 16:58:50
523,29,953,2025-05-22 16:58:50,已参加,,,2025-05-22 16:58:50
524,49,963,2025-05-22 16:58:50,已参加,,,2025-05-22 16:58:50
525,46,603,2025-05-22 16:58:50,已参加,,,2025-05-22 16:58:50
526,19,261,2025-05-22 16:58:50,已批准,,,2025-05-22 16:58:50
527,19,30,2025-05-22 16:58:50,已参加,,,2025-05-22 16:58:50
528,6,755,2025-05-22 16:58:50,已参加,,,2025-05-22 16:58:50
529,34,875,2025-05-22 16:58:50,已参加,,,2025-05-22 16:58:50
530,23,141,2025-05-22 16:58:50,已参加,,,2025-05-22 16:58:50
531,44,804,2025-05-22 16:58:50,已取消,,,2025-05-22 16:58:50
532,16,988,2025-05-22 16:58:50,已参加,,,2025-05-22 16:58:50
533,9,112,2025-05-22 16:58:50,已参加,,,2025-05-22 16:58:50
534,25,858,2025-05-22 16:58:50,已参加,,,2025-05-22 16:58:50
535,11,600,2025-05-22 16:58:50,已参加,,,2025-05-22 16:58:50
536,49,94,2025-05-22 16:58:50,已参加,,,2025-05-22 16:58:50
537,39,825,2025-05-22 16:58:50,已批准,,,2025-05-22 16:58:50
538,8,929,2025-05-22 16:58:50,待审批,,,2025-05-22 16:58:50
539,16,160,2025-05-22 16:58:50,已参加,,,2025-05-22 16:58:50
540,19,443,2025-05-22 16:58:50,已参加,,,2025-05-22 16:58:50
541,6,474,2025-05-22 16:58:50,已参加,,,2025-05-22 16:58:50
542,32,729,2025-05-22 16:58:50,已参加,,,2025-05-22 16:58:50
543,36,416,2025-05-22 16:58:50,已参加,,,2025-05-22 16:58:50
544,27,345,2025-05-22 16:58:50,已参加,,,2025-05-22 16:58:50
545,37,1000,2025-05-22 16:58:50,已参加,,,2025-05-22 16:58:50
546,16,824,2025-05-22 16:58:50,已参加,,,2025-05-22 16:58:50
547,5,172,2025-05-22 16:58:50,待审批,,,2025-05-22 16:58:50
548,19,63,2025-05-22 16:58:50,已参加,,,2025-05-22 16:58:50
549,24,724,2025-05-22 16:58:50,已批准,,,2025-05-22 16:58:50
550,24,80,2025-05-22 16:58:50,待审批,,,2025-05-22 16:58:50
551,28,716,2025-05-22 16:58:50,已取消,,,2025-05-22 16:58:50
552,26,430,2025-05-22 16:58:50,已取消,,,2025-05-22 16:58:50
553,18,266,2025-05-22 16:58:50,已参加,,,2025-05-22 16:58:50
554,9,982,2025-05-22 16:58:50,已参加,,,2025-05-22 16:58:50
555,47,906,2025-05-22 16:58:50,已参加,,,2025-05-22 16:58:50
556,25,699,2025-05-22 16:58:50,待审批,,,2025-05-22 16:58:50
557,27,364,2025-05-22 16:58:50,已参加,,,2025-05-22 16:58:50
558,45,715,2025-05-22 16:58:50,已参加,,,2025-05-22 16:58:50
559,15,557,2025-05-22 16:58:50,已批准,,,2025-05-22 16:58:50
560,2,149,2025-05-22 16:58:50,已批准,,,2025-05-22 16:58:50
561,32,528,2025-05-22 16:58:50,已参加,,,2025-05-22 16:58:50
562,1,746,2025-05-22 16:58:50,待审批,,,2025-05-22 16:58:50
563,13,945,2025-05-22 16:58:50,已参加,,,2025-05-22 16:58:50
564,7,383,2025-05-22 16:58:50,已参加,,,2025-05-22 16:58:50
565,40,414,2025-05-22 16:58:50,已参加,,,2025-05-22 16:58:50
566,24,409,2025-05-22 16:58:50,待审批,,,2025-05-22 16:58:50
567,3,754,2025-05-22 16:58:50,待审批,,,2025-05-22 16:58:50
568,13,980,2025-05-22 16:58:50,已参加,,,2025-05-22 16:58:50
569,36,360,2025-05-22 16:58:50,已批准,,,2025-05-22 16:58:50
570,34,529,2025-05-22 16:58:50,待审批,,,2025-05-22 16:58:50
571,1,182,2025-05-22 16:58:50,已参加,,,2025-05-22 16:58:50
572,46,655,2025-05-22 16:58:50,待审批,,,2025-05-22 16:58:50
573,23,780,2025-05-22 16:58:50,已参加,,,2025-05-22 16:58:50
574,15,177,2025-05-22 16:58:50,已参加,,,2025-05-22 16:58:50
575,43,738,2025-05-22 16:58:50,已批准,,,2025-05-22 16:58:50
576,16,229,2025-05-22 16:58:50,已参加,,,2025-05-22 16:58:50
577,13,685,2025-05-22 16:58:50,已批准,,,2025-05-22 16:58:50
578,22,728,2025-05-22 16:58:50,已参加,,,2025-05-22 16:58:50
579,7,449,2025-05-22 16:58:50,已参加,,,2025-05-22 16:58:50
580,11,542,2025-05-22 16:58:50,已参加,,,2025-05-22 16:58:50
581,18,60,2025-05-22 16:58:50,待审批,,,2025-05-22 16:58:50
582,29,955,2025-05-22 16:58:50,已取消,,,2025-05-22 16:58:50
583,23,900,2025-05-22 16:58:50,待审批,,,2025-05-22 16:58:50
584,8,773,2025-05-22 16:58:50,已参加,,,2025-05-22 16:58:50
585,13,782,2025-05-22 16:58:50,已参加,,,2025-05-22 16:58:50
586,20,710,2025-05-22 16:58:50,已取消,,,2025-05-22 16:58:50
587,39,616,2025-05-22 16:58:50,已参加,,,2025-05-22 16:58:50
588,7,125,2025-05-22 16:58:50,已参加,,,2025-05-22 16:58:50
589,34,356,2025-05-22 16:58:50,已参加,,,2025-05-22 16:58:50
590,1,505,2025-05-22 16:58:50,已参加,,,2025-05-22 16:58:50
591,50,32,2025-05-22 16:58:50,已参加,,,2025-05-22 16:58:50
592,17,940,2025-05-22 16:58:50,待审批,,,2025-05-22 16:58:50
593,38,956,2025-05-22 16:58:50,已参加,,,2025-05-22 16:58:50
594,45,361,2025-05-22 16:58:50,已参加,,,2025-05-22 16:58:50
595,24,101,2025-05-22 16:58:50,已参加,,,2025-05-22 16:58:50
596,43,27,2025-05-22 16:58:50,已取消,,,2025-05-22 16:58:50
597,19,749,2025-05-22 16:58:50,已批准,,,2025-05-22 16:58:50
598,6,567,2025-05-22 16:58:50,已参加,,,2025-05-22 16:58:50
599,45,816,2025-05-22 16:58:50,已参加,,,2025-05-22 16:58:50
600,21,924,2025-05-22 16:58:50,待审批,,,2025-05-22 16:58:50
601,38,854,2025-05-22 16:58:50,已批准,,,2025-05-22 16:58:50
602,5,14,2025-05-22 16:58:50,已取消,,,2025-05-22 16:58:50
603,34,456,2025-05-22 16:58:50,已参加,,,2025-05-22 16:58:50
604,12,799,2025-05-22 16:58:50,已批准,,,2025-05-22 16:58:50
605,21,98,2025-05-22 16:58:50,已参加,,,2025-05-22 16:58:50
606,4,179,2025-05-22 16:58:50,已参加,,,2025-05-22 16:58:50
607,5,700,2025-05-22 16:58:50,已取消,,,2025-05-22 16:58:50
608,36,228,2025-05-22 16:58:50,已参加,,,2025-05-22 16:58:50
609,17,117,2025-05-22 16:58:50,已批准,,,2025-05-22 16:58:50
610,33,145,2025-05-22 16:58:50,已参加,,,2025-05-22 16:58:50
611,22,206,2025-05-22 16:58:50,已批准,,,2025-05-22 16:58:50
612,13,789,2025-05-22 16:58:50,已参加,,,2025-05-22 16:58:50
613,7,735,2025-05-22 16:58:50,待审批,,,2025-05-22 16:58:50
614,43,486,2025-05-22 16:58:50,已参加,,,2025-05-22 16:58:50
615,7,420,2025-05-22 16:58:50,已批准,,,2025-05-22 16:58:50
616,17,416,2025-05-22 16:58:50,已参加,,,2025-05-22 16:58:50
617,50,355,2025-05-22 16:58:50,已参加,,,2025-05-22 16:58:50
618,50,240,2025-05-22 16:58:50,已参加,,,2025-05-22 16:58:50
619,33,309,2025-05-22 16:58:50,已参加,,,2025-05-22 16:58:50
620,40,689,2025-05-22 16:58:50,待审批,,,2025-05-22 16:58:50
621,5,188,2025-05-22 16:58:50,已参加,,,2025-05-22 16:58:50
622,46,459,2025-05-22 16:58:50,待审批,,,2025-05-22 16:58:50
623,49,612,2025-05-22 16:58:50,已批准,,,2025-05-22 16:58:50
624,15,793,2025-05-22 16:58:50,已参加,,,2025-05-22 16:58:50
625,40,606,2025-05-22 16:58:50,已批准,,,2025-05-22 16:58:50
626,7,66,2025-05-22 16:58:50,已参加,,,2025-05-22 16:58:50
627,27,255,2025-05-22 16:58:50,已批准,,,2025-05-22 16:58:50
628,23,304,2025-05-22 16:58:50,已参加,,,2025-05-22 16:58:50
629,7,827,2025-05-22 16:58:50,已参加,,,2025-05-22 16:58:50
630,16,810,2025-05-22 16:58:50,已参加,,,2025-05-22 16:58:50
631,49,520,2025-05-22 16:58:50,已参加,,,2025-05-22 16:58:50
632,32,978,2025-05-22 16:58:50,已参加,,,2025-05-22 16:58:50
633,44,755,2025-05-22 16:58:50,已批准,,,2025-05-22 16:58:50
634,36,325,2025-05-22 16:58:50,已参加,,,2025-05-22 16:58:50
635,28,562,2025-05-22 16:58:50,已参加,,,2025-05-22 16:58:50
636,24,57,2025-05-22 16:58:50,已参加,,,2025-05-22 16:58:50
637,46,863,2025-05-22 16:58:50,待审批,,,2025-05-22 16:58:50
638,37,464,2025-05-22 16:58:50,已参加,,,2025-05-22 16:58:50
639,32,285,2025-05-22 16:58:50,已批准,,,2025-05-22 16:58:50
640,46,124,2025-05-22 16:58:50,已取消,,,2025-05-22 16:58:50
641,36,942,2025-05-22 16:58:50,已参加,,,2025-05-22 16:58:50
642,12,709,2025-05-22 16:58:50,已参加,,,2025-05-22 16:58:50
643,18,26,2025-05-22 16:58:50,已参加,,,2025-05-22 16:58:50
644,44,454,2025-05-22 16:58:50,已参加,,,2025-05-22 16:58:50
645,1,27,2025-05-22 16:58:50,已参加,,,2025-05-22 16:58:50
646,44,322,2025-05-22 16:58:50,已参加,,,2025-05-22 16:58:50
647,7,52,2025-05-22 16:58:50,已批准,,,2025-05-22 16:58:50
648,37,954,2025-05-22 16:58:50,已参加,,,2025-05-22 16:58:50
649,46,593,2025-05-22 16:58:50,已参加,,,2025-05-22 16:58:50
650,49,381,2025-05-22 16:58:50,已参加,,,2025-05-22 16:58:50
651,27,483,2025-05-22 16:58:50,已参加,,,2025-05-22 16:58:50
652,2,119,2025-05-22 16:58:50,已取消,,,2025-05-22 16:58:50
653,9,991,2025-05-22 16:58:50,已参加,,,2025-05-22 16:58:50
654,33,471,2025-05-22 16:58:50,已参加,,,2025-05-22 16:58:50
655,25,380,2025-05-22 16:58:50,已参加,,,2025-05-22 16:58:50
656,28,466,2025-05-22 16:58:50,已批准,,,2025-05-22 16:58:50
657,39,829,2025-05-22 16:58:50,已参加,,,2025-05-22 16:58:50
658,48,649,2025-05-22 16:58:50,已批准,,,2025-05-22 16:58:50
659,29,855,2025-05-22 16:58:50,已参加,,,2025-05-22 16:58:50
660,13,521,2025-05-22 16:58:50,已取消,,,2025-05-22 16:58:50
661,44,659,2025-05-22 16:58:50,已取消,,,2025-05-22 16:58:50
662,49,987,2025-05-22 16:58:50,已批准,,,2025-05-22 16:58:50
663,33,649,2025-05-22 16:58:50,已批准,,,2025-05-22 16:58:50
664,7,608,2025-05-22 16:58:50,已参加,,,2025-05-22 16:58:50
665,44,848,2025-05-22 16:58:50,待审批,,,2025-05-22 16:58:50
666,18,181,2025-05-22 16:58:50,已参加,,,2025-05-22 16:58:50
667,3,426,2025-05-22 16:58:50,已参加,,,2025-05-22 16:58:50
668,8,458,2025-05-22 16:58:50,已参加,,,2025-05-22 16:58:50
669,34,265,2025-05-22 16:58:50,待审批,,,2025-05-22 16:58:50
670,26,121,2025-05-22 16:58:50,已参加,,,2025-05-22 16:58:50
671,44,799,2025-05-22 16:58:50,已批准,,,2025-05-22 16:58:50
672,13,413,2025-05-22 16:58:50,已参加,,,2025-05-22 16:58:50
673,7,921,2025-05-22 16:58:50,已参加,,,2025-05-22 16:58:50
674,2,392,2025-05-22 16:58:50,已取消,,,2025-05-22 16:58:50
675,16,20,2025-05-22 16:58:50,已参加,,,2025-05-22 16:58:50
676,22,585,2025-05-22 16:58:50,已参加,,,2025-05-22 16:58:50
677,47,455,2025-05-22 16:58:50,已参加,,,2025-05-22 16:58:50
678,47,58,2025-05-22 16:58:50,待审批,,,2025-05-22 16:58:50
679,50,177,2025-05-22 16:58:50,已取消,,,2025-05-22 16:58:50
680,7,851,2025-05-22 16:58:50,已参加,,,2025-05-22 16:58:50
681,2,323,2025-05-22 16:58:50,已参加,,,2025-05-22 16:58:50
682,23,105,2025-05-22 16:58:50,已参加,,,2025-05-22 16:58:50
683,17,789,2025-05-22 16:58:50,已参加,,,2025-05-22 16:58:50
684,33,832,2025-05-22 16:58:50,待审批,,,2025-05-22 16:58:50
685,24,360,2025-05-22 16:58:50,已参加,,,2025-05-22 16:58:50
686,49,916,2025-05-22 16:58:50,已参加,,,2025-05-22 16:58:50
687,34,157,2025-05-22 16:58:50,已参加,,,2025-05-22 16:58:50
688,15,655,2025-05-22 16:58:50,已参加,,,2025-05-22 16:58:50
689,21,819,2025-05-22 16:58:50,已参加,,,2025-05-22 16:58:50
690,8,560,2025-05-22 16:58:50,已参加,,,2025-05-22 16:58:50
691,43,918,2025-05-22 16:58:50,已参加,,,2025-05-22 16:58:50
692,41,821,2025-05-22 16:58:50,已批准,,,2025-05-22 16:58:50
693,13,233,2025-05-22 16:58:50,已参加,,,2025-05-22 16:58:50
694,35,518,2025-05-22 16:58:50,已参加,,,2025-05-22 16:58:50
695,37,831,2025-05-22 16:58:50,已参加,,,2025-05-22 16:58:50
696,22,740,2025-05-22 16:58:50,已参加,,,2025-05-22 16:58:50
697,47,63,2025-05-22 16:58:50,已参加,,,2025-05-22 16:58:50
698,47,964,2025-05-22 16:58:50,已参加,,,2025-05-22 16:58:50
699,11,199,2025-05-22 16:58:50,待审批,,,2025-05-22 16:58:50
700,44,518,2025-05-22 16:58:50,已参加,,,2025-05-22 16:58:50
701,2,993,2025-05-22 16:58:50,已参加,,,2025-05-22 16:58:50
702,18,166,2025-05-22 16:58:50,已参加,,,2025-05-22 16:58:50
703,27,708,2025-05-22 16:58:50,已取消,,,2025-05-22 16:58:50
704,8,88,2025-05-22 16:58:50,已参加,,,2025-05-22 16:58:50
705,32,734,2025-05-22 16:58:50,已批准,,,2025-05-22 16:58:50
706,17,697,2025-05-22 16:58:50,已批准,,,2025-05-22 16:58:50
707,20,134,2025-05-22 16:58:50,待审批,,,2025-05-22 16:58:50
708,38,992,2025-05-22 16:58:50,已参加,,,2025-05-22 16:58:50
709,7,694,2025-05-22 16:58:50,已参加,,,2025-05-22 16:58:50
710,44,505,2025-05-22 16:58:50,已取消,,,2025-05-22 16:58:50
711,50,282,2025-05-22 16:58:50,已批准,,,2025-05-22 16:58:50
712,16,940,2025-05-22 16:58:50,已批准,,,2025-05-22 16:58:50
713,26,55,2025-05-22 16:58:50,已参加,,,2025-05-22 16:58:50
714,24,645,2025-05-22 16:58:50,已批准,,,2025-05-22 16:58:50
715,26,463,2025-05-22 16:58:50,已批准,,,2025-05-22 16:58:50
716,33,166,2025-05-22 16:58:50,已参加,,,2025-05-22 16:58:50
717,12,663,2025-05-22 16:58:50,已参加,,,2025-05-22 16:58:50
718,11,532,2025-05-22 16:58:50,已参加,,,2025-05-22 16:58:50
719,3,6,2025-05-22 16:58:50,已参加,,,2025-05-22 16:58:50
720,35,690,2025-05-22 16:58:50,待审批,,,2025-05-22 16:58:50
721,8,457,2025-05-22 16:58:50,已参加,,,2025-05-22 16:58:50
722,29,205,2025-05-22 16:58:50,已参加,,,2025-05-22 16:58:50
723,43,112,2025-05-22 16:58:50,已参加,,,2025-05-22 16:58:50
724,1,890,2025-05-22 16:58:50,已取消,,,2025-05-22 16:58:50
725,23,534,2025-05-22 16:58:50,已参加,,,2025-05-22 16:58:50
726,34,747,2025-05-22 16:58:50,已参加,,,2025-05-22 16:58:50
727,39,977,2025-05-22 16:58:50,已取消,,,2025-05-22 16:58:50
728,34,721,2025-05-22 16:58:50,已参加,,,2025-05-22 16:58:50
729,48,576,2025-05-22 16:58:50,已参加,,,2025-05-22 16:58:50
730,7,667,2025-05-22 16:58:50,已参加,,,2025-05-22 16:58:50
731,50,869,2025-05-22 16:58:50,已取消,,,2025-05-22 16:58:50
732,13,321,2025-05-22 16:58:50,已参加,,,2025-05-22 16:58:50
733,1,33,2025-05-22 16:58:50,已批准,,,2025-05-22 16:58:50
734,25,524,2025-05-22 16:58:50,已参加,,,2025-05-22 16:58:50
735,40,670,2025-05-22 16:58:50,已参加,,,2025-05-22 16:58:50
736,44,219,2025-05-22 16:58:50,已批准,,,2025-05-22 16:58:50
737,16,93,2025-05-22 16:58:50,已参加,,,2025-05-22 16:58:50
738,5,196,2025-05-22 16:58:50,已参加,,,2025-05-22 16:58:50
739,41,838,2025-05-22 16:58:50,已批准,,,2025-05-22 16:58:50
740,19,288,2025-05-22 16:58:50,已批准,,,2025-05-22 16:58:50
741,15,266,2025-05-22 16:58:50,已参加,,,2025-05-22 16:58:50
742,25,968,2025-05-22 16:58:50,已参加,,,2025-05-22 16:58:50
743,27,198,2025-05-22 16:58:50,已参加,,,2025-05-22 16:58:50
744,20,555,2025-05-22 16:58:50,已参加,,,2025-05-22 16:58:50
745,8,391,2025-05-22 16:58:50,已参加,,,2025-05-22 16:58:50
746,20,542,2025-05-22 16:58:50,已参加,,,2025-05-22 16:58:50
747,20,533,2025-05-22 16:58:50,已参加,,,2025-05-22 16:58:50
748,25,676,2025-05-22 16:58:50,待审批,,,2025-05-22 16:58:50
749,33,26,2025-05-22 16:58:50,已参加,,,2025-05-22 16:58:50
750,20,715,2025-05-22 16:58:50,已参加,,,2025-05-22 16:58:50
751,18,29,2025-05-22 16:58:50,已批准,,,2025-05-22 16:58:50
752,6,470,2025-05-22 16:58:50,已参加,,,2025-05-22 16:58:50
753,35,89,2025-05-22 16:58:50,已参加,,,2025-05-22 16:58:50
754,15,51,2025-05-22 16:58:50,已参加,,,2025-05-22 16:58:50
755,12,346,2025-05-22 16:58:50,已参加,,,2025-05-22 16:58:50
756,28,158,2025-05-22 16:58:50,待审批,,,2025-05-22 16:58:50
757,4,135,2025-05-22 16:58:50,已参加,,,2025-05-22 16:58:50
758,33,458,2025-05-22 16:58:50,已参加,,,2025-05-22 16:58:50
759,17,962,2025-05-22 16:58:50,已批准,,,2025-05-22 16:58:50
760,18,7,2025-05-22 16:58:50,已参加,,,2025-05-22 16:58:50
761,29,350,2025-05-22 16:58:50,已参加,,,2025-05-22 16:58:50
762,27,309,2025-05-22 16:58:50,已参加,,,2025-05-22 16:58:50
763,5,349,2025-05-22 16:58:50,已取消,,,2025-05-22 16:58:50
764,40,777,2025-05-22 16:58:50,已参加,,,2025-05-22 16:58:50
765,41,39,2025-05-22 16:58:50,已取消,,,2025-05-22 16:58:50
766,25,1000,2025-05-22 16:58:50,待审批,,,2025-05-22 16:58:50
767,43,314,2025-05-22 16:58:50,已批准,,,2025-05-22 16:58:50
768,46,131,2025-05-22 16:58:50,待审批,,,2025-05-22 16:58:50
769,32,965,2025-05-22 16:58:50,已参加,,,2025-05-22 16:58:50
770,1,678,2025-05-22 16:58:50,已参加,,,2025-05-22 16:58:50
771,35,967,2025-05-22 16:58:50,已参加,,,2025-05-22 16:58:50
772,8,524,2025-05-22 16:58:50,已参加,,,2025-05-22 16:58:50
773,32,743,2025-05-22 16:58:50,已参加,,,2025-05-22 16:58:50
774,34,995,2025-05-22 16:58:50,已参加,,,2025-05-22 16:58:50
775,3,97,2025-05-22 16:58:50,已参加,,,2025-05-22 16:58:50
776,29,259,2025-05-22 16:58:50,已参加,,,2025-05-22 16:58:50
777,26,144,2025-05-22 16:58:50,已参加,,,2025-05-22 16:58:50
778,29,329,2025-05-22 16:58:50,已参加,,,2025-05-22 16:58:50
779,12,377,2025-05-22 16:58:50,已参加,,,2025-05-22 16:58:50
780,28,793,2025-05-22 16:58:50,已参加,,,2025-05-22 16:58:50
781,11,151,2025-05-22 16:58:50,已批准,,,2025-05-22 16:58:50
782,29,845,2025-05-22 16:58:50,已参加,,,2025-05-22 16:58:50
783,37,160,2025-05-22 16:58:50,已批准,,,2025-05-22 16:58:50
784,48,645,2025-05-22 16:58:50,待审批,,,2025-05-22 16:58:50
785,36,354,2025-05-22 16:58:50,已取消,,,2025-05-22 16:58:50
786,16,375,2025-05-22 16:58:50,待审批,,,2025-05-22 16:58:50
787,16,191,2025-05-22 16:58:50,已取消,,,2025-05-22 16:58:50
788,25,3,2025-05-22 16:58:50,已取消,,,2025-05-22 16:58:50
789,18,519,2025-05-22 16:58:50,已批准,,,2025-05-22 16:58:50
790,49,507,2025-05-22 16:58:50,待审批,,,2025-05-22 16:58:50
791,19,129,2025-05-22 16:58:50,已参加,,,2025-05-22 16:58:50
792,9,507,2025-05-22 16:58:50,已参加,,,2025-05-22 16:58:50
793,4,278,2025-05-22 16:58:50,已参加,,,2025-05-22 16:58:50
794,41,109,2025-05-22 16:58:50,已参加,,,2025-05-22 16:58:50
795,1,559,2025-05-22 16:58:50,已参加,,,2025-05-22 16:58:50
796,26,662,2025-05-22 16:58:50,待审批,,,2025-05-22 16:58:50
797,21,544,2025-05-22 16:58:50,已批准,,,2025-05-22 16:58:50
798,28,953,2025-05-22 16:58:50,待审批,,,2025-05-22 16:58:50
799,25,90,2025-05-22 16:58:50,已参加,,,2025-05-22 16:58:50
800,13,623,2025-05-22 16:58:50,已取消,,,2025-05-22 16:58:50
801,9,281,2025-05-22 16:58:50,已参加,,,2025-05-22 16:58:50
802,45,9,2025-05-22 16:58:50,待审批,,,2025-05-22 16:58:50
803,1,36,2025-05-22 16:58:50,已参加,,,2025-05-22 16:58:50
804,5,180,2025-05-22 16:58:50,已参加,,,2025-05-22 16:58:50
805,4,222,2025-05-22 16:58:50,已参加,,,2025-05-22 16:58:50
806,16,522,2025-05-22 16:58:50,已参加,,,2025-05-22 16:58:50
807,22,785,2025-05-22 16:58:50,已参加,,,2025-05-22 16:58:50
808,1,24,2025-05-22 16:58:50,已参加,,,2025-05-22 16:58:50
809,38,111,2025-05-22 16:58:50,已参加,,,2025-05-22 16:58:50
810,49,987,2025-05-22 16:58:50,已批准,,,2025-05-22 16:58:50
811,11,949,2025-05-22 16:58:50,已参加,,,2025-05-22 16:58:50
812,35,389,2025-05-22 16:58:50,待审批,,,2025-05-22 16:58:50
813,17,520,2025-05-22 16:58:50,已参加,,,2025-05-22 16:58:50
814,50,56,2025-05-22 16:58:50,待审批,,,2025-05-22 16:58:50
815,34,852,2025-05-22 16:58:50,已参加,,,2025-05-22 16:58:50
816,16,158,2025-05-22 16:58:50,已取消,,,2025-05-22 16:58:50
817,5,390,2025-05-22 16:58:50,已取消,,,2025-05-22 16:58:50
818,13,799,2025-05-22 16:58:50,已参加,,,2025-05-22 16:58:50
819,32,569,2025-05-22 16:58:50,待审批,,,2025-05-22 16:58:50
820,21,226,2025-05-22 16:58:50,已批准,,,2025-05-22 16:58:50
821,23,549,2025-05-22 16:58:50,已取消,,,2025-05-22 16:58:50
822,22,112,2025-05-22 16:58:50,已参加,,,2025-05-22 16:58:50
823,5,121,2025-05-22 16:58:50,已参加,,,2025-05-22 16:58:50
824,24,799,2025-05-22 16:58:50,已参加,,,2025-05-22 16:58:50
825,39,639,2025-05-22 16:58:50,已参加,,,2025-05-22 16:58:50
826,24,215,2025-05-22 16:58:50,已参加,,,2025-05-22 16:58:50
827,35,136,2025-05-22 16:58:50,已参加,,,2025-05-22 16:58:50
828,11,819,2025-05-22 16:58:50,已批准,,,2025-05-22 16:58:50
829,15,616,2025-05-22 16:58:50,已参加,,,2025-05-22 16:58:50
830,38,497,2025-05-22 16:58:50,已取消,,,2025-05-22 16:58:50
831,27,606,2025-05-22 16:58:50,已批准,,,2025-05-22 16:58:50
832,7,666,2025-05-22 16:58:50,已参加,,,2025-05-22 16:58:50
833,23,370,2025-05-22 16:58:50,已参加,,,2025-05-22 16:58:50
834,34,604,2025-05-22 16:58:50,已参加,,,2025-05-22 16:58:50
835,48,567,2025-05-22 16:58:50,已批准,,,2025-05-22 16:58:50
836,44,855,2025-05-22 16:58:50,已参加,,,2025-05-22 16:58:50
837,2,299,2025-05-22 16:58:50,已参加,,,2025-05-22 16:58:50
838,15,499,2025-05-22 16:58:50,已批准,,,2025-05-22 16:58:50
839,26,49,2025-05-22 16:58:50,已批准,,,2025-05-22 16:58:50
840,22,880,2025-05-22 16:58:50,已取消,,,2025-05-22 16:58:50
841,50,951,2025-05-22 16:58:50,已参加,,,2025-05-22 16:58:50
842,15,252,2025-05-22 16:58:50,已参加,,,2025-05-22 16:58:50
843,38,602,2025-05-22 16:58:50,已参加,,,2025-05-22 16:58:50
844,27,714,2025-05-22 16:58:50,已参加,,,2025-05-22 16:58:50
845,48,795,2025-05-22 16:58:50,已参加,,,2025-05-22 16:58:50
846,35,377,2025-05-22 16:58:50,已参加,,,2025-05-22 16:58:50
847,22,260,2025-05-22 16:58:50,已参加,,,2025-05-22 16:58:50
848,9,721,2025-05-22 16:58:50,已批准,,,2025-05-22 16:58:50
849,20,861,2025-05-22 16:58:50,已批准,,,2025-05-22 16:58:50
850,12,185,2025-05-22 16:58:50,待审批,,,2025-05-22 16:58:50
851,49,533,2025-05-22 16:58:50,待审批,,,2025-05-22 16:58:50
852,6,203,2025-05-22 16:58:50,已参加,,,2025-05-22 16:58:50
853,1,224,2025-05-22 16:58:50,已参加,,,2025-05-22 16:58:50
854,20,530,2025-05-22 16:58:50,已批准,,,2025-05-22 16:58:50
855,28,179,2025-05-22 16:58:50,已批准,,,2025-05-22 16:58:50
856,33,956,2025-05-22 16:58:50,已批准,,,2025-05-22 16:58:50
857,3,575,2025-05-22 16:58:50,已批准,,,2025-05-22 16:58:50
858,23,781,2025-05-22 16:58:50,待审批,,,2025-05-22 16:58:50
859,34,331,2025-05-22 16:58:50,已参加,,,2025-05-22 16:58:50
860,23,62,2025-05-22 16:58:50,已参加,,,2025-05-22 16:58:50
861,22,236,2025-05-22 16:58:50,已参加,,,2025-05-22 16:58:50
862,18,569,2025-05-22 16:58:50,已参加,,,2025-05-22 16:58:50
863,1,112,2025-05-22 16:58:50,已批准,,,2025-05-22 16:58:50
864,11,328,2025-05-22 16:58:50,已批准,,,2025-05-22 16:58:50
865,43,860,2025-05-22 16:58:50,已参加,,,2025-05-22 16:58:50
866,18,359,2025-05-22 16:58:50,已批准,,,2025-05-22 16:58:50
867,39,768,2025-05-22 16:58:50,已参加,,,2025-05-22 16:58:50
868,40,558,2025-05-22 16:58:50,已参加,,,2025-05-22 16:58:50
869,39,930,2025-05-22 16:58:50,已取消,,,2025-05-22 16:58:50
870,38,981,2025-05-22 16:58:50,待审批,,,2025-05-22 16:58:50
871,19,769,2025-05-22 16:58:50,已参加,,,2025-05-22 16:58:50
872,18,743,2025-05-22 16:58:50,已批准,,,2025-05-22 16:58:50
873,17,521,2025-05-22 16:58:50,已参加,,,2025-05-22 16:58:50
874,35,649,2025-05-22 16:58:50,已批准,,,2025-05-22 16:58:50
875,48,276,2025-05-22 16:58:50,已批准,,,2025-05-22 16:58:50
876,18,664,2025-05-22 16:58:50,已批准,,,2025-05-22 16:58:50
877,50,563,2025-05-22 16:58:50,已参加,,,2025-05-22 16:58:50
878,5,85,2025-05-22 16:58:50,已取消,,,2025-05-22 16:58:50
879,28,251,2025-05-22 16:58:50,已批准,,,2025-05-22 16:58:50
880,33,77,2025-05-22 16:58:50,已取消,,,2025-05-22 16:58:50
881,26,578,2025-05-22 16:58:50,已参加,,,2025-05-22 16:58:50
882,16,94,2025-05-22 16:58:50,待审批,,,2025-05-22 16:58:50
883,19,13,2025-05-22 16:58:50,已参加,,,2025-05-22 16:58:50
884,4,140,2025-05-22 16:58:50,已参加,,,2025-05-22 16:58:50
885,34,207,2025-05-22 16:58:50,已参加,,,2025-05-22 16:58:50
886,11,831,2025-05-22 16:58:50,已批准,,,2025-05-22 16:58:50
887,32,661,2025-05-22 16:58:50,已参加,,,2025-05-22 16:58:50
888,5,954,2025-05-22 16:58:50,已参加,,,2025-05-22 16:58:50
889,17,987,2025-05-22 16:58:50,已批准,,,2025-05-22 16:58:50
890,39,896,2025-05-22 16:58:50,已批准,,,2025-05-22 16:58:50
891,12,724,2025-05-22 16:58:50,已批准,,,2025-05-22 16:58:50
892,37,869,2025-05-22 16:58:50,已参加,,,2025-05-22 16:58:50
893,23,586,2025-05-22 16:58:50,已批准,,,2025-05-22 16:58:50
894,28,616,2025-05-22 16:58:50,已参加,,,2025-05-22 16:58:50
895,24,486,2025-05-22 16:58:50,已批准,,,2025-05-22 16:58:50
896,12,672,2025-05-22 16:58:50,待审批,,,2025-05-22 16:58:50
897,33,839,2025-05-22 16:58:50,待审批,,,2025-05-22 16:58:50
898,39,986,2025-05-22 16:58:50,已参加,,,2025-05-22 16:58:50
899,49,501,2025-05-22 16:58:50,已参加,,,2025-05-22 16:58:50
900,8,985,2025-05-22 16:58:50,已批准,,,2025-05-22 16:58:50
901,6,228,2025-05-22 16:58:50,已参加,,,2025-05-22 16:58:50
902,1,805,2025-05-22 16:58:50,已参加,,,2025-05-22 16:58:50
903,23,464,2025-05-22 16:58:50,已参加,,,2025-05-22 16:58:50
904,19,517,2025-05-22 16:58:50,已批准,,,2025-05-22 16:58:50
905,8,32,2025-05-22 16:58:50,已批准,,,2025-05-22 16:58:50
906,1,380,2025-05-22 16:58:50,已参加,,,2025-05-22 16:58:50
907,41,584,2025-05-22 16:58:50,已取消,,,2025-05-22 16:58:50
908,17,158,2025-05-22 16:58:50,待审批,,,2025-05-22 16:58:50
909,25,80,2025-05-22 16:58:50,已参加,,,2025-05-22 16:58:50
910,40,196,2025-05-22 16:58:50,已参加,,,2025-05-22 16:58:50
911,17,625,2025-05-22 16:58:50,已参加,,,2025-05-22 16:58:50
912,9,380,2025-05-22 16:58:50,已取消,,,2025-05-22 16:58:50
913,9,252,2025-05-22 16:58:50,已参加,,,2025-05-22 16:58:50
914,35,434,2025-05-22 16:58:50,已参加,,,2025-05-22 16:58:50
915,33,94,2025-05-22 16:58:50,已参加,,,2025-05-22 16:58:50
916,25,97,2025-05-22 16:58:50,已取消,,,2025-05-22 16:58:50
917,49,198,2025-05-22 16:58:50,已参加,,,2025-05-22 16:58:50
918,40,140,2025-05-22 16:58:50,已参加,,,2025-05-22 16:58:50
919,17,522,2025-05-22 16:58:50,已取消,,,2025-05-22 16:58:50
920,22,454,2025-05-22 16:58:50,已参加,,,2025-05-22 16:58:50
921,37,25,2025-05-22 16:58:50,已批准,,,2025-05-22 16:58:50
922,2,394,2025-05-22 16:58:50,已批准,,,2025-05-22 16:58:50
923,38,14,2025-05-22 16:58:50,已参加,,,2025-05-22 16:58:50
924,45,188,2025-05-22 16:58:50,已批准,,,2025-05-22 16:58:50
925,29,624,2025-05-22 16:58:50,已参加,,,2025-05-22 16:58:50
926,20,710,2025-05-22 16:58:50,已参加,,,2025-05-22 16:58:50
927,47,690,2025-05-22 16:58:50,待审批,,,2025-05-22 16:58:50
928,44,988,2025-05-22 16:58:50,已取消,,,2025-05-22 16:58:50
929,37,536,2025-05-22 16:58:50,已参加,,,2025-05-22 16:58:50
930,19,215,2025-05-22 16:58:50,已取消,,,2025-05-22 16:58:50
931,16,455,2025-05-22 16:58:50,已取消,,,2025-05-22 16:58:50
932,20,1000,2025-05-22 16:58:50,已参加,,,2025-05-22 16:58:50
933,46,677,2025-05-22 16:58:50,已参加,,,2025-05-22 16:58:50
934,19,785,2025-05-22 16:58:50,待审批,,,2025-05-22 16:58:50
935,37,333,2025-05-22 16:58:50,已参加,,,2025-05-22 16:58:50
936,24,547,2025-05-22 16:58:50,已批准,,,2025-05-22 16:58:50
937,4,918,2025-05-22 16:58:50,已参加,,,2025-05-22 16:58:50
938,32,768,2025-05-22 16:58:50,已参加,,,2025-05-22 16:58:50
939,45,790,2025-05-22 16:58:50,已批准,,,2025-05-22 16:58:50
940,41,536,2025-05-22 16:58:50,已批准,,,2025-05-22 16:58:50
941,44,915,2025-05-22 16:58:50,已批准,,,2025-05-22 16:58:50
942,26,44,2025-05-22 16:58:50,待审批,,,2025-05-22 16:58:50
943,6,187,2025-05-22 16:58:50,已参加,,,2025-05-22 16:58:50
944,34,94,2025-05-22 16:58:50,已参加,,,2025-05-22 16:58:50
945,21,900,2025-05-22 16:58:50,已参加,,,2025-05-22 16:58:50
946,16,919,2025-05-22 16:58:50,已参加,,,2025-05-22 16:58:50
947,8,434,2025-05-22 16:58:50,已批准,,,2025-05-22 16:58:50
948,8,771,2025-05-22 16:58:50,已取消,,,2025-05-22 16:58:50
949,9,380,2025-05-22 16:58:50,已参加,,,2025-05-22 16:58:50
950,48,879,2025-05-22 16:58:50,已参加,,,2025-05-22 16:58:50
951,4,422,2025-05-22 16:58:50,已参加,,,2025-05-22 16:58:50
952,7,278,2025-05-22 16:58:50,已批准,,,2025-05-22 16:58:50
953,28,503,2025-05-22 16:58:50,已批准,,,2025-05-22 16:58:50
954,25,390,2025-05-22 16:58:50,已参加,,,2025-05-22 16:58:50
955,15,588,2025-05-22 16:58:50,已取消,,,2025-05-22 16:58:50
956,12,972,2025-05-22 16:58:50,已参加,,,2025-05-22 16:58:50
957,21,976,2025-05-22 16:58:50,已参加,,,2025-05-22 16:58:50
958,12,138,2025-05-22 16:58:50,已参加,,,2025-05-22 16:58:50
959,35,110,2025-05-22 16:58:50,已批准,,,2025-05-22 16:58:50
960,22,790,2025-05-22 16:58:50,待审批,,,2025-05-22 16:58:50
961,22,500,2025-05-22 16:58:50,已参加,,,2025-05-22 16:58:50
962,39,417,2025-05-22 16:58:50,已参加,,,2025-05-22 16:58:50
963,21,972,2025-05-22 16:58:50,已参加,,,2025-05-22 16:58:50
964,46,117,2025-05-22 16:58:50,已参加,,,2025-05-22 16:58:50
965,26,450,2025-05-22 16:58:50,已参加,,,2025-05-22 16:58:50
966,25,820,2025-05-22 16:58:50,已参加,,,2025-05-22 16:58:50
967,11,622,2025-05-22 16:58:50,已参加,,,2025-05-22 16:58:50
968,21,855,2025-05-22 16:58:50,已参加,,,2025-05-22 16:58:50
969,24,511,2025-05-22 16:58:50,已批准,,,2025-05-22 16:58:50
970,6,70,2025-05-22 16:58:50,已批准,,,2025-05-22 16:58:50
971,40,377,2025-05-22 16:58:50,已参加,,,2025-05-22 16:58:50
972,27,198,2025-05-22 16:58:50,待审批,,,2025-05-22 16:58:50
973,12,132,2025-05-22 16:58:50,已参加,,,2025-05-22 16:58:50
974,40,405,2025-05-22 16:58:50,已批准,,,2025-05-22 16:58:50
975,41,373,2025-05-22 16:58:50,已参加,,,2025-05-22 16:58:50
976,12,223,2025-05-22 16:58:50,待审批,,,2025-05-22 16:58:50
977,6,624,2025-05-22 16:58:50,已参加,,,2025-05-22 16:58:50
978,39,75,2025-05-22 16:58:50,已参加,,,2025-05-22 16:58:50
979,44,384,2025-05-22 16:58:50,已参加,,,2025-05-22 16:58:50
980,17,505,2025-05-22 16:58:50,已取消,,,2025-05-22 16:58:50
981,49,898,2025-05-22 16:58:50,已批准,,,2025-05-22 16:58:50
982,15,906,2025-05-22 16:58:50,已参加,,,2025-05-22 16:58:50
983,32,825,2025-05-22 16:58:50,已参加,,,2025-05-22 16:58:50
984,23,863,2025-05-22 16:58:50,已批准,,,2025-05-22 16:58:50
985,4,202,2025-05-22 16:58:50,已参加,,,2025-05-22 16:58:50
986,48,952,2025-05-22 16:58:50,已参加,,,2025-05-22 16:58:50
987,29,195,2025-05-22 16:58:50,已批准,,,2025-05-22 16:58:50
988,41,165,2025-05-22 16:58:50,已参加,,,2025-05-22 16:58:50
989,13,683,2025-05-22 16:58:50,已取消,,,2025-05-22 16:58:50
990,22,1000,2025-05-22 16:58:50,已参加,,,2025-05-22 16:58:50
991,38,822,2025-05-22 16:58:50,已参加,,,2025-05-22 16:58:50
992,25,302,2025-05-22 16:58:50,已参加,,,2025-05-22 16:58:50
993,17,387,2025-05-22 16:58:50,待审批,,,2025-05-22 16:58:50
994,8,265,2025-05-22 16:58:50,已批准,,,2025-05-22 16:58:50
995,13,962,2025-05-22 16:58:50,已参加,,,2025-05-22 16:58:50
996,11,240,2025-05-22 16:58:50,已批准,,,2025-05-22 16:58:50
997,46,279,2025-05-22 16:58:50,已取消,,,2025-05-22 16:58:50
998,48,104,2025-05-22 16:58:50,已取消,,,2025-05-22 16:58:50
999,19,718,2025-05-22 16:58:50,已参加,,,2025-05-22 16:58:50
1000,46,860,2025-05-22 16:58:50,已参加,,,2025-05-22 16:58:50
1001,46,951,2025-05-22 16:58:50,已参加,,,2025-05-22 16:58:50
1002,22,208,2025-05-22 16:58:50,已参加,,,2025-05-22 16:58:50
1003,32,578,2025-05-22 16:58:50,已批准,,,2025-05-22 16:58:50
1004,44,756,2025-05-22 16:58:50,已参加,,,2025-05-22 16:58:50
1005,33,428,2025-05-22 16:58:50,已参加,,,2025-05-22 16:58:50
1006,25,777,2025-05-22 16:58:50,已参加,,,2025-05-22 16:58:50
1007,8,449,2025-05-22 16:58:50,待审批,,,2025-05-22 16:58:50
1008,45,30,2025-05-22 16:58:50,待审批,,,2025-05-22 16:58:50
1009,22,695,2025-05-22 16:58:50,已参加,,,2025-05-22 16:58:50
1010,12,271,2025-05-22 16:58:50,已参加,,,2025-05-22 16:58:50
1011,45,43,2025-05-22 16:58:50,已参加,,,2025-05-22 16:58:50
1012,44,925,2025-05-22 16:58:50,已参加,,,2025-05-22 16:58:50
1013,46,546,2025-05-22 16:58:50,待审批,,,2025-05-22 16:58:50
1014,17,162,2025-05-22 16:58:50,已参加,,,2025-05-22 16:58:50
1015,21,691,2025-05-22 16:58:50,已参加,,,2025-05-22 16:58:50
1016,36,29,2025-05-22 16:58:50,已批准,,,2025-05-22 16:58:50
1017,45,102,2025-05-22 16:58:50,待审批,,,2025-05-22 16:58:50
1018,49,486,2025-05-22 16:58:50,已参加,,,2025-05-22 16:58:50
1019,11,595,2025-05-22 16:58:50,已参加,,,2025-05-22 16:58:50
1020,39,138,2025-05-22 16:58:50,已批准,,,2025-05-22 16:58:50
1021,35,748,2025-05-22 16:58:50,已取消,,,2025-05-22 16:58:50
1022,29,604,2025-05-22 16:58:50,已参加,,,2025-05-22 16:58:50
1023,17,466,2025-05-22 16:58:50,已参加,,,2025-05-22 16:58:50
1024,40,972,2025-05-22 16:58:50,待审批,,,2025-05-22 16:58:50
1025,2,191,2025-05-22 16:58:50,已参加,,,2025-05-22 16:58:50
1026,49,42,2025-05-22 16:58:50,已批准,,,2025-05-22 16:58:50
1027,7,539,2025-05-22 16:58:50,已参加,,,2025-05-22 16:58:50
1028,4,515,2025-05-22 16:58:50,已参加,,,2025-05-22 16:58:50
1029,20,372,2025-05-22 16:58:50,已参加,,,2025-05-22 16:58:50
1030,44,376,2025-05-22 16:58:50,已参加,,,2025-05-22 16:58:50
1031,18,303,2025-05-22 16:58:50,待审批,,,2025-05-22 16:58:50
1032,23,245,2025-05-22 16:58:50,已参加,,,2025-05-22 16:58:50
1033,49,31,2025-05-22 16:58:50,已参加,,,2025-05-22 16:58:50
1034,24,779,2025-05-22 16:58:50,已参加,,,2025-05-22 16:58:50
1035,32,586,2025-05-22 16:58:50,已批准,,,2025-05-22 16:58:50
1036,22,155,2025-05-22 16:58:50,已批准,,,2025-05-22 16:58:50
1037,44,328,2025-05-22 16:58:50,已取消,,,2025-05-22 16:58:50
1038,43,867,2025-05-22 16:58:50,已参加,,,2025-05-22 16:58:50
1039,1,58,2025-05-22 16:58:50,已参加,,,2025-05-22 16:58:50
1040,50,669,2025-05-22 16:58:50,已参加,,,2025-05-22 16:58:50
1041,44,387,2025-05-22 16:58:50,已参加,,,2025-05-22 16:58:50
1042,25,705,2025-05-22 16:58:50,已批准,,,2025-05-22 16:58:50
1043,20,911,2025-05-22 16:58:50,已参加,,,2025-05-22 16:58:50
1044,13,20,2025-05-22 16:58:50,已参加,,,2025-05-22 16:58:50
1045,15,168,2025-05-22 16:58:50,已取消,,,2025-05-22 16:58:50
1046,20,549,2025-05-22 16:58:50,已参加,,,2025-05-22 16:58:50
1047,17,646,2025-05-22 16:58:50,待审批,,,2025-05-22 16:58:50
1048,36,337,2025-05-22 16:58:50,已参加,,,2025-05-22 16:58:50
1049,6,193,2025-05-22 16:58:50,已参加,,,2025-05-22 16:58:50
1050,3,810,2025-05-22 16:58:50,已取消,,,2025-05-22 16:58:50
1051,21,1,2025-05-22 16:58:50,已参加,,,2025-05-22 16:58:50
1052,48,709,2025-05-22 16:58:50,已参加,,,2025-05-22 16:58:50
1053,28,994,2025-05-22 16:58:50,已参加,,,2025-05-22 16:58:50
1054,6,294,2025-05-22 16:58:50,已参加,,,2025-05-22 16:58:50
1055,17,820,2025-05-22 16:58:50,已参加,,,2025-05-22 16:58:50
1056,49,92,2025-05-22 16:58:50,已参加,,,2025-05-22 16:58:50
1057,39,924,2025-05-22 16:58:50,已参加,,,2025-05-22 16:58:50
1058,21,60,2025-05-22 16:58:50,已取消,,,2025-05-22 16:58:50
1059,24,459,2025-05-22 16:58:50,已批准,,,2025-05-22 16:58:50
1060,3,119,2025-05-22 16:58:50,已参加,,,2025-05-22 16:58:50
1061,46,485,2025-05-22 16:58:50,已取消,,,2025-05-22 16:58:50
1062,49,675,2025-05-22 16:58:50,待审批,,,2025-05-22 16:58:50
1063,7,890,2025-05-22 16:58:50,已参加,,,2025-05-22 16:58:50
1064,1,925,2025-05-22 16:58:50,待审批,,,2025-05-22 16:58:50
1065,13,893,2025-05-22 16:58:50,已参加,,,2025-05-22 16:58:50
1066,34,696,2025-05-22 16:58:50,已参加,,,2025-05-22 16:58:50
1067,8,641,2025-05-22 16:58:50,已批准,,,2025-05-22 16:58:50
1068,37,59,2025-05-22 16:58:50,已参加,,,2025-05-22 16:58:50
1069,8,684,2025-05-22 16:58:50,待审批,,,2025-05-22 16:58:50
1070,9,577,2025-05-22 16:58:50,待审批,,,2025-05-22 16:58:50
1071,23,544,2025-05-22 16:58:50,已参加,,,2025-05-22 16:58:50
1072,12,354,2025-05-22 16:58:50,已参加,,,2025-05-22 16:58:50
1073,33,598,2025-05-22 16:58:50,已参加,,,2025-05-22 16:58:50
1074,32,197,2025-05-22 16:58:50,待审批,,,2025-05-22 16:58:50
1075,15,150,2025-05-22 16:58:50,待审批,,,2025-05-22 16:58:50
1076,32,420,2025-05-22 16:58:50,已参加,,,2025-05-22 16:58:50
1077,26,196,2025-05-22 16:58:50,已批准,,,2025-05-22 16:58:50
1078,45,42,2025-05-22 16:58:50,已参加,,,2025-05-22 16:58:50
1079,36,353,2025-05-22 16:58:50,已参加,,,2025-05-22 16:58:50
1080,1,322,2025-05-22 16:58:50,已参加,,,2025-05-22 16:58:50
1081,45,193,2025-05-22 16:58:50,已参加,,,2025-05-22 16:58:50
1082,39,464,2025-05-22 16:58:50,已批准,,,2025-05-22 16:58:50
1083,49,185,2025-05-22 16:58:50,待审批,,,2025-05-22 16:58:50
1084,43,667,2025-05-22 16:58:50,已批准,,,2025-05-22 16:58:50
1085,24,884,2025-05-22 16:58:50,已批准,,,2025-05-22 16:58:50
1086,7,726,2025-05-22 16:58:50,已参加,,,2025-05-22 16:58:50
1087,40,223,2025-05-22 16:58:50,已参加,,,2025-05-22 16:58:50
1088,41,925,2025-05-22 16:58:50,已参加,,,2025-05-22 16:58:50
1089,32,242,2025-05-22 16:58:50,已参加,,,2025-05-22 16:58:50
1090,23,648,2025-05-22 16:58:50,已参加,,,2025-05-22 16:58:50
1091,44,263,2025-05-22 16:58:50,已参加,,,2025-05-22 16:58:50
1092,38,782,2025-05-22 16:58:50,已参加,,,2025-05-22 16:58:50
1093,2,1001,2025-05-22 16:58:50,已批准,,,2025-05-22 16:58:50
1094,27,108,2025-05-22 16:58:50,已参加,,,2025-05-22 16:58:50
1095,4,179,2025-05-22 16:58:50,已参加,,,2025-05-22 16:58:50
1096,17,447,2025-05-22 16:58:50,待审批,,,2025-05-22 16:58:50
1097,18,540,2025-05-22 16:58:50,已参加,,,2025-05-22 16:58:50
1098,24,370,2025-05-22 16:58:50,已参加,,,2025-05-22 16:58:50
1099,36,216,2025-05-22 16:58:50,已参加,,,2025-05-22 16:58:50
1100,37,716,2025-05-22 16:58:50,已批准,,,2025-05-22 16:58:50
1101,38,797,2025-05-22 16:58:50,已参加,,,2025-05-22 16:58:50
1102,35,625,2025-05-22 16:58:50,已参加,,,2025-05-22 16:58:50
1103,45,673,2025-05-22 16:58:50,已参加,,,2025-05-22 16:58:50
1104,11,536,2025-05-22 16:58:50,已取消,,,2025-05-22 16:58:50
1105,17,350,2025-05-22 16:58:50,已批准,,,2025-05-22 16:58:50
1106,20,504,2025-05-22 16:58:50,已取消,,,2025-05-22 16:58:50
1107,28,620,2025-05-22 16:58:50,已参加,,,2025-05-22 16:58:50
1108,25,232,2025-05-22 16:58:50,已批准,,,2025-05-22 16:58:50
1109,16,779,2025-05-22 16:58:50,已参加,,,2025-05-22 16:58:50
1110,26,148,2025-05-22 16:58:50,已参加,,,2025-05-22 16:58:50
1111,35,427,2025-05-22 16:58:50,已参加,,,2025-05-22 16:58:50
1112,2,460,2025-05-22 16:58:50,已参加,,,2025-05-22 16:58:50
1113,38,962,2025-05-22 16:58:50,已批准,,,2025-05-22 16:58:50
1114,4,409,2025-05-22 16:58:50,已参加,,,2025-05-22 16:58:50
1115,23,682,2025-05-22 16:58:50,待审批,,,2025-05-22 16:58:50
1116,24,595,2025-05-22 16:58:50,已参加,,,2025-05-22 16:58:50
1117,23,2,2025-05-22 16:58:50,已参加,,,2025-05-22 16:58:50
1118,2,235,2025-05-22 16:58:50,已取消,,,2025-05-22 16:58:50
1119,7,447,2025-05-22 16:58:50,已参加,,,2025-05-22 16:58:50
1120,40,329,2025-05-22 16:58:50,待审批,,,2025-05-22 16:58:50
1121,20,562,2025-05-22 16:58:50,已参加,,,2025-05-22 16:58:50
1122,12,319,2025-05-22 16:58:50,已批准,,,2025-05-22 16:58:50
1123,29,670,2025-05-22 16:58:50,已取消,,,2025-05-22 16:58:50
1124,12,856,2025-05-22 16:58:50,已参加,,,2025-05-22 16:58:50
1125,28,827,2025-05-22 16:58:50,已参加,,,2025-05-22 16:58:50
1126,22,250,2025-05-22 16:58:50,已批准,,,2025-05-22 16:58:50
1127,35,806,2025-05-22 16:58:50,待审批,,,2025-05-22 16:58:50
1128,39,112,2025-05-22 16:58:50,已参加,,,2025-05-22 16:58:50
1129,39,331,2025-05-22 16:58:50,已参加,,,2025-05-22 16:58:50
1130,17,749,2025-05-22 16:58:50,已取消,,,2025-05-22 16:58:50
1131,36,283,2025-05-22 16:58:50,已批准,,,2025-05-22 16:58:50
1132,5,613,2025-05-22 16:58:50,已参加,,,2025-05-22 16:58:50
1133,7,595,2025-05-22 16:58:50,已参加,,,2025-05-22 16:58:50
1134,47,297,2025-05-22 16:58:50,已参加,,,2025-05-22 16:58:50
1135,7,93,2025-05-22 16:58:50,已取消,,,2025-05-22 16:58:50
1136,44,48,2025-05-22 16:58:50,已参加,,,2025-05-22 16:58:50
1137,32,670,2025-05-22 16:58:50,已批准,,,2025-05-22 16:58:50
1138,18,535,2025-05-22 16:58:50,已参加,,,2025-05-22 16:58:50
1139,16,55,2025-05-22 16:58:50,已参加,,,2025-05-22 16:58:50
1140,25,627,2025-05-22 16:58:50,已参加,,,2025-05-22 16:58:50
1141,16,300,2025-05-22 16:58:50,已参加,,,2025-05-22 16:58:50
1142,43,699,2025-05-22 16:58:50,已参加,,,2025-05-22 16:58:50
1143,49,473,2025-05-22 16:58:50,已参加,,,2025-05-22 16:58:50
1144,3,257,2025-05-22 16:58:50,已批准,,,2025-05-22 16:58:50
1145,32,274,2025-05-22 16:58:50,已参加,,,2025-05-22 16:58:50
1146,41,185,2025-05-22 16:58:50,已批准,,,2025-05-22 16:58:50
1147,35,437,2025-05-22 16:58:50,已参加,,,2025-05-22 16:58:50
1148,1,705,2025-05-22 16:58:50,待审批,,,2025-05-22 16:58:50
1149,4,754,2025-05-22 16:58:50,已参加,,,2025-05-22 16:58:50
1150,26,245,2025-05-22 16:58:50,已批准,,,2025-05-22 16:58:50
1151,44,960,2025-05-22 16:58:50,已参加,,,2025-05-22 16:58:50
1152,26,33,2025-05-22 16:58:50,已参加,,,2025-05-22 16:58:50
1153,32,283,2025-05-22 16:58:50,已批准,,,2025-05-22 16:58:50
1154,47,825,2025-05-22 16:58:50,已参加,,,2025-05-22 16:58:50
1155,33,948,2025-05-22 16:58:50,已参加,,,2025-05-22 16:58:50
1156,25,538,2025-05-22 16:58:50,已参加,,,2025-05-22 16:58:50
1157,13,464,2025-05-22 16:58:50,已批准,,,2025-05-22 16:58:50
1158,18,638,2025-05-22 16:58:50,已参加,,,2025-05-22 16:58:50
1159,41,672,2025-05-22 16:58:50,已参加,,,2025-05-22 16:58:50
1160,7,591,2025-05-22 16:58:50,已批准,,,2025-05-22 16:58:50
1161,29,304,2025-05-22 16:58:50,已取消,,,2025-05-22 16:58:50
1162,17,151,2025-05-22 16:58:50,已参加,,,2025-05-22 16:58:50
1163,16,491,2025-05-22 16:58:50,已参加,,,2025-05-22 16:58:50
1164,39,708,2025-05-22 16:58:50,已参加,,,2025-05-22 16:58:50
1165,18,792,2025-05-22 16:58:50,已参加,,,2025-05-22 16:58:50
1166,37,899,2025-05-22 16:58:50,已参加,,,2025-05-22 16:58:50
1167,24,598,2025-05-22 16:58:50,待审批,,,2025-05-22 16:58:50
1168,49,53,2025-05-22 16:58:50,已参加,,,2025-05-22 16:58:50
1169,39,438,2025-05-22 16:58:50,已参加,,,2025-05-22 16:58:50
1170,17,31,2025-05-22 16:58:50,已取消,,,2025-05-22 16:58:50
1171,21,879,2025-05-22 16:58:50,已参加,,,2025-05-22 16:58:50
1172,43,525,2025-05-22 16:58:50,已参加,,,2025-05-22 16:58:50
1173,12,527,2025-05-22 16:58:50,已批准,,,2025-05-22 16:58:50
1174,1,234,2025-05-22 16:58:50,已批准,,,2025-05-22 16:58:50
1175,45,826,2025-05-22 16:58:50,已批准,,,2025-05-22 16:58:50
1176,41,586,2025-05-22 16:58:50,已参加,,,2025-05-22 16:58:50
1177,39,312,2025-05-22 16:58:50,已参加,,,2025-05-22 16:58:50
1178,17,11,2025-05-22 16:58:50,已参加,,,2025-05-22 16:58:50
1179,37,920,2025-05-22 16:58:50,已取消,,,2025-05-22 16:58:50
1180,20,643,2025-05-22 16:58:50,已参加,,,2025-05-22 16:58:50
1181,46,662,2025-05-22 16:58:50,已参加,,,2025-05-22 16:58:50
1182,38,686,2025-05-22 16:58:50,已取消,,,2025-05-22 16:58:50
1183,5,913,2025-05-22 16:58:50,待审批,,,2025-05-22 16:58:50
1184,15,417,2025-05-22 16:58:50,待审批,,,2025-05-22 16:58:50
1185,44,780,2025-05-22 16:58:50,已参加,,,2025-05-22 16:58:50
1186,28,117,2025-05-22 16:58:50,已批准,,,2025-05-22 16:58:50
1187,50,87,2025-05-22 16:58:50,待审批,,,2025-05-22 16:58:50
1188,44,2,2025-05-22 16:58:50,待审批,,,2025-05-22 16:58:50
1189,23,337,2025-05-22 16:58:50,已参加,,,2025-05-22 16:58:50
1190,45,699,2025-05-22 16:58:50,待审批,,,2025-05-22 16:58:50
1191,21,126,2025-05-22 16:58:50,已参加,,,2025-05-22 16:58:50
1192,32,313,2025-05-22 16:58:50,已批准,,,2025-05-22 16:58:50
1193,47,650,2025-05-22 16:58:50,待审批,,,2025-05-22 16:58:50
1194,13,298,2025-05-22 16:58:50,已取消,,,2025-05-22 16:58:50
1195,48,797,2025-05-22 16:58:50,已参加,,,2025-05-22 16:58:50
1196,49,931,2025-05-22 16:58:50,已参加,,,2025-05-22 16:58:50
1197,9,27,2025-05-22 16:58:50,已参加,,,2025-05-22 16:58:50
1198,46,992,2025-05-22 16:58:50,已参加,,,2025-05-22 16:58:50
1199,47,977,2025-05-22 16:58:50,已参加,,,2025-05-22 16:58:50
1200,43,137,2025-05-22 16:58:50,已参加,,,2025-05-22 16:58:50
1201,24,259,2025-05-22 16:58:50,已参加,,,2025-05-22 16:58:50
1202,21,780,2025-05-22 16:58:50,已参加,,,2025-05-22 16:58:50
1203,28,986,2025-05-22 16:58:50,已参加,,,2025-05-22 16:58:50
1204,3,598,2025-05-22 16:58:50,待审批,,,2025-05-22 16:58:50
1205,44,400,2025-05-22 16:58:50,已批准,,,2025-05-22 16:58:50
1206,41,707,2025-05-22 16:58:50,已参加,,,2025-05-22 16:58:50
1207,29,74,2025-05-22 16:58:50,已参加,,,2025-05-22 16:58:50
1208,13,150,2025-05-22 16:58:50,已参加,,,2025-05-22 16:58:50
1209,50,31,2025-05-22 16:58:50,已参加,,,2025-05-22 16:58:50
1210,13,527,2025-05-22 16:58:50,待审批,,,2025-05-22 16:58:50
1211,28,923,2025-05-22 16:58:50,已参加,,,2025-05-22 16:58:50
1212,15,823,2025-05-22 16:58:50,已参加,,,2025-05-22 16:58:50
1213,18,276,2025-05-22 16:58:50,已参加,,,2025-05-22 16:58:50
1214,36,889,2025-05-22 16:58:50,已批准,,,2025-05-22 16:58:50
1215,21,77,2025-05-22 16:58:50,已参加,,,2025-05-22 16:58:50
1216,1,802,2025-05-22 16:58:50,已参加,,,2025-05-22 16:58:50
1217,43,336,2025-05-22 16:58:50,已参加,,,2025-05-22 16:58:50
1218,49,324,2025-05-22 16:58:50,已参加,,,2025-05-22 16:58:50
1219,43,700,2025-05-22 16:58:50,已参加,,,2025-05-22 16:58:50
1220,45,587,2025-05-22 16:58:50,待审批,,,2025-05-22 16:58:50
1221,9,632,2025-05-22 16:58:50,已参加,,,2025-05-22 16:58:50
1222,44,646,2025-05-22 16:58:50,已参加,,,2025-05-22 16:58:50
1223,47,343,2025-05-22 16:58:50,已参加,,,2025-05-22 16:58:50
1224,8,760,2025-05-22 16:58:50,待审批,,,2025-05-22 16:58:50
1225,5,789,2025-05-22 16:58:50,待审批,,,2025-05-22 16:58:50
1226,36,637,2025-05-22 16:58:50,已参加,,,2025-05-22 16:58:50
1227,23,696,2025-05-22 16:58:50,已参加,,,2025-05-22 16:58:50
1228,12,432,2025-05-22 16:58:50,已取消,,,2025-05-22 16:58:50
1229,32,776,2025-05-22 16:58:50,已参加,,,2025-05-22 16:58:50
1230,26,603,2025-05-22 16:58:50,待审批,,,2025-05-22 16:58:50
1231,12,827,2025-05-22 16:58:50,已参加,,,2025-05-22 16:58:50
1232,44,38,2025-05-22 16:58:50,已参加,,,2025-05-22 16:58:50
1233,9,162,2025-05-22 16:58:50,已参加,,,2025-05-22 16:58:50
1234,50,534,2025-05-22 16:58:50,已批准,,,2025-05-22 16:58:50
1235,16,772,2025-05-22 16:58:50,已参加,,,2025-05-22 16:58:50
1236,12,498,2025-05-22 16:58:50,已批准,,,2025-05-22 16:58:50
1237,19,523,2025-05-22 16:58:50,已参加,,,2025-05-22 16:58:50
1238,12,314,2025-05-22 16:58:50,已参加,,,2025-05-22 16:58:50
1239,20,311,2025-05-22 16:58:50,已参加,,,2025-05-22 16:58:50
1240,23,88,2025-05-22 16:58:50,已参加,,,2025-05-22 16:58:50
1241,36,278,2025-05-22 16:58:50,已参加,,,2025-05-22 16:58:50
1242,26,423,2025-05-22 16:58:50,已取消,,,2025-05-22 16:58:50
1243,25,38,2025-05-22 16:58:50,已参加,,,2025-05-22 16:58:50
1244,40,150,2025-05-22 16:58:50,待审批,,,2025-05-22 16:58:50
1245,2,568,2025-05-22 16:58:50,待审批,,,2025-05-22 16:58:50
1246,36,890,2025-05-22 16:58:50,已参加,,,2025-05-22 16:58:50
1247,29,516,2025-05-22 16:58:50,已参加,,,2025-05-22 16:58:50
1248,28,623,2025-05-22 16:58:50,已参加,,,2025-05-22 16:58:50
1249,45,668,2025-05-22 16:58:50,已参加,,,2025-05-22 16:58:50
1250,1,76,2025-05-22 16:58:50,已参加,,,2025-05-22 16:58:50
1251,39,188,2025-05-22 16:58:50,已参加,,,2025-05-22 16:58:50
1252,50,868,2025-05-22 16:58:50,已取消,,,2025-05-22 16:58:50
1253,33,326,2025-05-22 16:58:50,已参加,,,2025-05-22 16:58:50
1254,5,941,2025-05-22 16:58:50,已参加,,,2025-05-22 16:58:50
1255,7,239,2025-05-22 16:58:50,已批准,,,2025-05-22 16:58:50
1256,36,407,2025-05-22 16:58:50,已取消,,,2025-05-22 16:58:50
1257,46,746,2025-05-22 16:58:50,已参加,,,2025-05-22 16:58:50
1258,48,523,2025-05-22 16:58:50,已参加,,,2025-05-22 16:58:50
1259,50,625,2025-05-22 16:58:50,已批准,,,2025-05-22 16:58:50
1260,12,745,2025-05-22 16:58:50,已参加,,,2025-05-22 16:58:50
1261,12,217,2025-05-22 16:58:50,已批准,,,2025-05-22 16:58:50
1262,34,668,2025-05-22 16:58:50,已批准,,,2025-05-22 16:58:50
1263,18,290,2025-05-22 16:58:50,已参加,,,2025-05-22 16:58:50
1264,46,235,2025-05-22 16:58:50,已批准,,,2025-05-22 16:58:50
1265,26,540,2025-05-22 16:58:50,已批准,,,2025-05-22 16:58:50
1266,9,993,2025-05-22 16:58:50,已参加,,,2025-05-22 16:58:50
1267,18,610,2025-05-22 16:58:50,已批准,,,2025-05-22 16:58:50
1268,33,164,2025-05-22 16:58:50,已参加,,,2025-05-22 16:58:50
1269,13,172,2025-05-22 16:58:50,已参加,,,2025-05-22 16:58:50
1270,33,135,2025-05-22 16:58:50,已参加,,,2025-05-22 16:58:50
1271,11,756,2025-05-22 16:58:50,已批准,,,2025-05-22 16:58:50
1272,48,333,2025-05-22 16:58:50,待审批,,,2025-05-22 16:58:50
1273,32,836,2025-05-22 16:58:50,已参加,,,2025-05-22 16:58:50
1274,45,346,2025-05-22 16:58:50,已参加,,,2025-05-22 16:58:50
1275,16,472,2025-05-22 16:58:50,已批准,,,2025-05-22 16:58:50
1276,13,164,2025-05-22 16:58:50,已参加,,,2025-05-22 16:58:50
1277,35,72,2025-05-22 16:58:50,已参加,,,2025-05-22 16:58:50
1278,9,413,2025-05-22 16:58:50,已参加,,,2025-05-22 16:58:50
1279,5,45,2025-05-22 16:58:50,已参加,,,2025-05-22 16:58:50
1280,9,253,2025-05-22 16:58:50,已参加,,,2025-05-22 16:58:50
1281,34,98,2025-05-22 16:58:50,已参加,,,2025-05-22 16:58:50
1282,49,433,2025-05-22 16:58:50,待审批,,,2025-05-22 16:58:50
1283,25,891,2025-05-22 16:58:50,已参加,,,2025-05-22 16:58:50
1284,22,549,2025-05-22 16:58:50,已参加,,,2025-05-22 16:58:50
1285,22,424,2025-05-22 16:58:50,已参加,,,2025-05-22 16:58:50
1286,18,368,2025-05-22 16:58:50,已参加,,,2025-05-22 16:58:50
1287,35,781,2025-05-22 16:58:50,已参加,,,2025-05-22 16:58:50
1288,9,388,2025-05-22 16:58:50,已批准,,,2025-05-22 16:58:50
1289,34,681,2025-05-22 16:58:50,已批准,,,2025-05-22 16:58:50
1290,9,521,2025-05-22 16:58:50,已批准,,,2025-05-22 16:58:50
1291,41,141,2025-05-22 16:58:50,已参加,,,2025-05-22 16:58:50
1292,25,620,2025-05-22 16:58:50,已参加,,,2025-05-22 16:58:50
1293,33,972,2025-05-22 16:58:50,已参加,,,2025-05-22 16:58:50
1294,1,343,2025-05-22 16:58:50,已参加,,,2025-05-22 16:58:50
1295,49,249,2025-05-22 16:58:50,已批准,,,2025-05-22 16:58:50
1296,43,472,2025-05-22 16:58:50,已参加,,,2025-05-22 16:58:50
1297,34,6,2025-05-22 16:58:50,已批准,,,2025-05-22 16:58:50
1298,24,357,2025-05-22 16:58:50,已批准,,,2025-05-22 16:58:50
1299,1,333,2025-05-22 16:58:50,已取消,,,2025-05-22 16:58:50
1300,45,970,2025-05-22 16:58:50,已批准,,,2025-05-22 16:58:50
1301,43,870,2025-05-22 16:58:50,已批准,,,2025-05-22 16:58:50
1302,43,847,2025-05-22 16:58:50,已参加,,,2025-05-22 16:58:50
1303,13,334,2025-05-22 16:58:50,已批准,,,2025-05-22 16:58:50
1304,4,181,2025-05-22 16:58:50,已拒绝,预约被拒绝,1001,2025-05-22 17:06:13
1305,27,133,2025-05-22 16:58:50,已参加,,,2025-05-22 16:58:50
1306,28,641,2025-05-22 16:58:50,已参加,,,2025-05-22 16:58:50
1307,6,242,2025-05-22 16:58:50,已批准,,,2025-05-22 16:58:50
1308,40,740,2025-05-22 16:58:50,已取消,,,2025-05-22 16:58:50
1309,11,809,2025-05-22 16:58:50,已取消,,,2025-05-22 16:58:50
1310,25,574,2025-05-22 16:58:50,已取消,,,2025-05-22 16:58:50
1311,39,32,2025-05-22 16:58:50,已批准,,,2025-05-22 16:58:50
1312,6,472,2025-05-22 16:58:50,已参加,,,2025-05-22 16:58:50
1313,24,191,2025-05-22 16:58:50,已参加,,,2025-05-22 16:58:50
1314,39,350,2025-05-22 16:58:50,已参加,,,2025-05-22 16:58:50
1315,17,196,2025-05-22 16:58:50,已批准,,,2025-05-22 16:58:50
1316,25,160,2025-05-22 16:58:50,已参加,,,2025-05-22 16:58:50
1317,12,811,2025-05-22 16:58:50,已参加,,,2025-05-22 16:58:50
1318,36,342,2025-05-22 16:58:50,已参加,,,2025-05-22 16:58:50
1319,40,565,2025-05-22 16:58:50,已参加,,,2025-05-22 16:58:50
1320,9,378,2025-05-22 16:58:50,已批准,,,2025-05-22 16:58:50
1321,15,458,2025-05-22 16:58:50,已参加,,,2025-05-22 16:58:50
1322,43,64,2025-05-22 16:58:50,待审批,,,2025-05-22 16:58:50
1323,3,75,2025-05-22 16:58:50,已参加,,,2025-05-22 16:58:50
1324,36,642,2025-05-22 16:58:50,已参加,,,2025-05-22 16:58:50
1325,43,961,2025-05-22 16:58:50,已参加,,,2025-05-22 16:58:50
1326,49,814,2025-05-22 16:58:50,已取消,,,2025-05-22 16:58:50
1327,37,25,2025-05-22 16:58:50,已参加,,,2025-05-22 16:58:50
1328,29,783,2025-05-22 16:58:50,已参加,,,2025-05-22 16:58:50
1329,39,754,2025-05-22 16:58:50,已批准,,,2025-05-22 16:58:50
1330,9,206,2025-05-22 16:58:50,已批准,,,2025-05-22 16:58:50
1331,16,227,2025-05-22 16:58:50,已批准,,,2025-05-22 16:58:50
1332,35,997,2025-05-22 16:58:50,待审批,,,2025-05-22 16:58:50
1333,5,971,2025-05-22 16:58:50,已参加,,,2025-05-22 16:58:50
1334,43,234,2025-05-22 16:58:50,已参加,,,2025-05-22 16:58:50
1335,41,209,2025-05-22 16:58:50,待审批,,,2025-05-22 16:58:50
1336,36,443,2025-05-22 16:58:50,已参加,,,2025-05-22 16:58:50
1337,43,101,2025-05-22 16:58:50,已参加,,,2025-05-22 16:58:50
1338,17,817,2025-05-22 16:58:50,已批准,,,2025-05-22 16:58:50
1339,40,278,2025-05-22 16:58:50,已参加,,,2025-05-22 16:58:50
1340,1,586,2025-05-22 16:58:50,已取消,,,2025-05-22 16:58:50
1341,39,927,2025-05-22 16:58:50,已批准,,,2025-05-22 16:58:50
1342,18,10,2025-05-22 16:58:50,已参加,,,2025-05-22 16:58:50
1343,17,853,2025-05-22 16:58:50,已参加,,,2025-05-22 16:58:50
1344,18,699,2025-05-22 16:58:50,已批准,,,2025-05-22 16:58:50
1345,17,378,2025-05-22 16:58:50,已批准,,,2025-05-22 16:58:50
1346,4,876,2025-05-22 16:58:50,已参加,,,2025-05-22 16:58:50
1347,48,114,2025-05-22 16:58:50,已参加,,,2025-05-22 16:58:50
1348,45,704,2025-05-22 16:58:50,已批准,,,2025-05-22 16:58:50
1349,39,501,2025-05-22 16:58:50,已批准,,,2025-05-22 16:58:50
1350,46,542,2025-05-22 16:58:50,已参加,,,2025-05-22 16:58:50
1351,11,194,2025-05-22 16:58:50,已参加,,,2025-05-22 16:58:50
1352,37,805,2025-05-22 16:58:50,已参加,,,2025-05-22 16:58:50
1353,2,82,2025-05-22 16:58:50,待审批,,,2025-05-22 16:58:50
1354,4,799,2025-05-22 16:58:50,已参加,,,2025-05-22 16:58:50
1355,48,504,2025-05-22 16:58:50,已参加,,,2025-05-22 16:58:50
1356,3,347,2025-05-22 16:58:50,已参加,,,2025-05-22 16:58:50
1357,29,58,2025-05-22 16:58:50,已批准,,,2025-05-22 16:58:50
1358,11,759,2025-05-22 16:58:50,已参加,,,2025-05-22 16:58:50
1359,7,335,2025-05-22 16:58:50,已批准,,,2025-05-22 16:58:50
1360,36,961,2025-05-22 16:58:50,已参加,,,2025-05-22 16:58:50
1361,7,801,2025-05-22 16:58:50,已参加,,,2025-05-22 16:58:50
1362,11,706,2025-05-22 16:58:50,已参加,,,2025-05-22 16:58:50
1363,6,350,2025-05-22 16:58:50,已参加,,,2025-05-22 16:58:50
1364,27,114,2025-05-22 16:58:50,已批准,,,2025-05-22 16:58:50
1365,47,466,2025-05-22 16:58:50,待审批,,,2025-05-22 16:58:50
1366,45,138,2025-05-22 16:58:50,待审批,,,2025-05-22 16:58:50
1367,1,713,2025-05-22 16:58:50,已参加,,,2025-05-22 16:58:50
1368,29,950,2025-05-22 16:58:50,已参加,,,2025-05-22 16:58:50
1369,11,555,2025-05-22 16:58:50,已参加,,,2025-05-22 16:58:50
1370,29,568,2025-05-22 16:58:50,已参加,,,2025-05-22 16:58:50
1371,39,959,2025-05-22 16:58:50,已参加,,,2025-05-22 16:58:50
1372,16,285,2025-05-22 16:58:50,已参加,,,2025-05-22 16:58:50
1373,5,825,2025-05-22 16:58:50,已参加,,,2025-05-22 16:58:50
1374,4,92,2025-05-22 16:58:50,已参加,,,2025-05-22 16:58:50
1375,17,965,2025-05-22 16:58:50,已取消,,,2025-05-22 16:58:50
1376,50,536,2025-05-22 16:58:50,已参加,,,2025-05-22 16:58:50
1377,39,786,2025-05-22 16:58:50,待审批,,,2025-05-22 16:58:50
1378,26,203,2025-05-22 16:58:50,已参加,,,2025-05-22 16:58:50
1379,11,922,2025-05-22 16:58:50,已参加,,,2025-05-22 16:58:50
1380,9,791,2025-05-22 16:58:50,已批准,,,2025-05-22 16:58:50
1381,37,541,2025-05-22 16:58:50,已取消,,,2025-05-22 16:58:50
1382,3,62,2025-05-22 16:58:50,已参加,,,2025-05-22 16:58:50
1383,49,885,2025-05-22 16:58:50,已批准,,,2025-05-22 16:58:50
1384,34,668,2025-05-22 16:58:50,已参加,,,2025-05-22 16:58:50
1385,3,757,2025-05-22 16:58:50,已参加,,,2025-05-22 16:58:50
1386,15,132,2025-05-22 16:58:50,已参加,,,2025-05-22 16:58:50
1387,27,509,2025-05-22 16:58:50,已参加,,,2025-05-22 16:58:50
1388,19,786,2025-05-22 16:58:50,已参加,,,2025-05-22 16:58:50
1389,1,343,2025-05-22 16:58:50,已参加,,,2025-05-22 16:58:50
1390,13,874,2025-05-22 16:58:50,已取消,,,2025-05-22 16:58:50
1391,37,15,2025-05-22 16:58:50,已参加,,,2025-05-22 16:58:50
1392,9,476,2025-05-22 16:58:50,已参加,,,2025-05-22 16:58:50
1393,44,983,2025-05-22 16:58:50,已参加,,,2025-05-22 16:58:50
1394,48,862,2025-05-22 16:58:50,已参加,,,2025-05-22 16:58:50
1395,23,475,2025-05-22 16:58:50,已批准,,,2025-05-22 16:58:50
1396,25,469,2025-05-22 16:58:50,已取消,,,2025-05-22 16:58:50
1397,15,753,2025-05-22 16:58:50,已参加,,,2025-05-22 16:58:50
1398,48,784,2025-05-22 16:58:50,待审批,,,2025-05-22 16:58:50
1399,4,834,2025-05-22 16:58:50,已取消,,,2025-05-22 16:58:50
1400,12,298,2025-05-22 16:58:50,已参加,,,2025-05-22 16:58:50
1401,26,754,2025-05-22 16:58:50,已取消,,,2025-05-22 16:58:50
1402,47,990,2025-05-22 16:58:50,待审批,,,2025-05-22 16:58:50
1403,45,977,2025-05-22 16:58:50,已参加,,,2025-05-22 16:58:50
1404,39,334,2025-05-22 16:58:50,已批准,,,2025-05-22 16:58:50
1405,26,346,2025-05-22 16:58:50,已取消,,,2025-05-22 16:58:50
1406,25,35,2025-05-22 16:58:50,已取消,,,2025-05-22 16:58:50
1407,18,245,2025-05-22 16:58:50,待审批,,,2025-05-22 16:58:50
1408,6,36,2025-05-22 16:58:50,已参加,,,2025-05-22 16:58:50
1409,48,416,2025-05-22 16:58:50,已取消,,,2025-05-22 16:58:50
1410,8,110,2025-05-22 16:58:50,已参加,,,2025-05-22 16:58:50
1411,24,618,2025-05-22 16:58:50,待审批,,,2025-05-22 16:58:50
1412,21,103,2025-05-22 16:58:50,待审批,,,2025-05-22 16:58:50
1413,9,316,2025-05-22 16:58:50,已参加,,,2025-05-22 16:58:50
1414,18,131,2025-05-22 16:58:50,已参加,,,2025-05-22 16:58:50
1415,41,410,2025-05-22 16:58:50,已取消,,,2025-05-22 16:58:50
1416,39,474,2025-05-22 16:58:50,已批准,,,2025-05-22 16:58:50
1417,50,528,2025-05-22 16:58:50,已参加,,,2025-05-22 16:58:50
1418,44,281,2025-05-22 16:58:50,已参加,,,2025-05-22 16:58:50
1419,38,25,2025-05-22 16:58:50,已参加,,,2025-05-22 16:58:50
1420,24,60,2025-05-22 16:58:50,已批准,,,2025-05-22 16:58:50
1421,8,454,2025-05-22 16:58:50,待审批,,,2025-05-22 16:58:50
1422,41,129,2025-05-22 16:58:50,已取消,,,2025-05-22 16:58:50
1423,25,180,2025-05-22 16:58:50,待审批,,,2025-05-22 16:58:50
1424,6,262,2025-05-22 16:58:50,已批准,,,2025-05-22 16:58:50
1425,15,700,2025-05-22 16:58:50,已批准,,,2025-05-22 16:58:50
1426,24,462,2025-05-22 16:58:50,已批准,,,2025-05-22 16:58:50
1427,24,312,2025-05-22 16:58:50,已参加,,,2025-05-22 16:58:50
1428,32,332,2025-05-22 16:58:50,已参加,,,2025-05-22 16:58:50
1429,43,630,2025-05-22 16:58:50,已参加,,,2025-05-22 16:58:50
1430,48,185,2025-05-22 16:58:50,已参加,,,2025-05-22 16:58:50
1431,26,246,2025-05-22 16:58:50,已参加,,,2025-05-22 16:58:50
1432,38,201,2025-05-22 16:58:50,已参加,,,2025-05-22 16:58:50
1433,45,627,2025-05-22 16:58:50,已取消,,,2025-05-22 16:58:50
1434,39,986,2025-05-22 16:58:50,已批准,,,2025-05-22 16:58:50
1435,38,193,2025-05-22 16:58:50,已批准,,,2025-05-22 16:58:50
1436,39,7,2025-05-22 16:58:50,已参加,,,2025-05-22 16:58:50
1437,21,133,2025-05-22 16:58:50,已参加,,,2025-05-22 16:58:50
1438,21,123,2025-05-22 16:58:50,已批准,,,2025-05-22 16:58:50
1439,20,114,2025-05-22 16:58:50,已取消,,,2025-05-22 16:58:50
1440,37,826,2025-05-22 16:58:50,已参加,,,2025-05-22 16:58:50
1441,44,294,2025-05-22 16:58:50,已参加,,,2025-05-22 16:58:50
1442,13,871,2025-05-22 16:58:50,已参加,,,2025-05-22 16:58:50
1443,29,811,2025-05-22 16:58:50,待审批,,,2025-05-22 16:58:50
1444,43,703,2025-05-22 16:58:50,已参加,,,2025-05-22 16:58:50
1445,21,534,2025-05-22 16:58:50,已批准,,,2025-05-22 16:58:50
1446,23,611,2025-05-22 16:58:50,待审批,,,2025-05-22 16:58:50
1447,36,470,2025-05-22 16:58:50,已批准,,,2025-05-22 16:58:50
1448,28,434,2025-05-22 16:58:50,已批准,,,2025-05-22 16:58:50
1449,27,916,2025-05-22 16:58:50,已参加,,,2025-05-22 16:58:50
1450,3,609,2025-05-22 16:58:50,已参加,,,2025-05-22 16:58:50
1451,21,841,2025-05-22 16:58:50,已参加,,,2025-05-22 16:58:50
1452,47,995,2025-05-22 16:58:50,已参加,,,2025-05-22 16:58:50
1453,38,302,2025-05-22 16:58:50,已批准,,,2025-05-22 16:58:50
1454,43,748,2025-05-22 16:58:50,已批准,,,2025-05-22 16:58:50
1455,28,89,2025-05-22 16:58:50,已参加,,,2025-05-22 16:58:50
1456,24,76,2025-05-22 16:58:50,已取消,,,2025-05-22 16:58:50
1457,33,437,2025-05-22 16:58:50,已参加,,,2025-05-22 16:58:50
1458,26,645,2025-05-22 16:58:50,已参加,,,2025-05-22 16:58:50
1459,49,819,2025-05-22 16:58:50,已批准,,,2025-05-22 16:58:50
1460,17,367,2025-05-22 16:58:50,待审批,,,2025-05-22 16:58:50
1461,38,908,2025-05-22 16:58:50,已取消,,,2025-05-22 16:58:50
1462,8,504,2025-05-22 16:58:50,已参加,,,2025-05-22 16:58:50
1463,20,250,2025-05-22 16:58:50,已参加,,,2025-05-22 16:58:50
1464,3,999,2025-05-22 16:58:50,已取消,,,2025-05-22 16:58:50
1465,32,726,2025-05-22 16:58:50,已取消,,,2025-05-22 16:58:50
1466,38,173,2025-05-22 16:58:50,已参加,,,2025-05-22 16:58:50
1467,44,667,2025-05-22 16:58:50,已参加,,,2025-05-22 16:58:50
1468,5,685,2025-05-22 16:58:50,待审批,,,2025-05-22 16:58:50
1469,17,905,2025-05-22 16:58:50,待审批,,,2025-05-22 16:58:50
1470,45,202,2025-05-22 16:58:50,已参加,,,2025-05-22 16:58:50
1471,41,61,2025-05-22 16:58:50,已参加,,,2025-05-22 16:58:50
1472,24,989,2025-05-22 16:58:50,已参加,,,2025-05-22 16:58:50
1473,40,252,2025-05-22 16:58:50,已参加,,,2025-05-22 16:58:50
1474,15,772,2025-05-22 16:58:50,待审批,,,2025-05-22 16:58:50
1475,34,165,2025-05-22 16:58:50,已参加,,,2025-05-22 16:58:50
1476,36,658,2025-05-22 16:58:50,已批准,,,2025-05-22 16:58:50
1477,7,634,2025-05-22 16:58:50,已参加,,,2025-05-22 16:58:50
1478,2,692,2025-05-22 16:58:50,已参加,,,2025-05-22 16:58:50
1479,20,966,2025-05-22 16:58:50,已参加,,,2025-05-22 16:58:50
1480,29,749,2025-05-22 16:58:50,已参加,,,2025-05-22 16:58:50
1481,22,882,2025-05-22 16:58:50,已参加,,,2025-05-22 16:58:50
1482,35,756,2025-05-22 16:58:50,已参加,,,2025-05-22 16:58:50
1483,16,358,2025-05-22 16:58:50,已批准,,,2025-05-22 16:58:50
1484,36,322,2025-05-22 16:58:50,待审批,,,2025-05-22 16:58:50
1485,8,384,2025-05-22 16:58:50,已取消,,,2025-05-22 16:58:50
1486,38,78,2025-05-22 16:58:50,已批准,,,2025-05-22 16:58:50
1487,22,747,2025-05-22 16:58:50,已参加,,,2025-05-22 16:58:50
1488,50,86,2025-05-22 16:58:50,已批准,,,2025-05-22 16:58:50
1489,49,203,2025-05-22 16:58:50,已参加,,,2025-05-22 16:58:50
1490,43,291,2025-05-22 16:58:50,已批准,,,2025-05-22 16:58:50
1491,44,373,2025-05-22 16:58:50,已参加,,,2025-05-22 16:58:50
1492,34,824,2025-05-22 16:58:50,已批准,,,2025-05-22 16:58:50
1493,7,284,2025-05-22 16:58:50,已参加,,,2025-05-22 16:58:50
1494,40,767,2025-05-22 16:58:50,已参加,,,2025-05-22 16:58:50
1495,32,601,2025-05-22 16:58:50,已参加,,,2025-05-22 16:58:50
1496,38,559,2025-05-22 16:58:50,已参加,,,2025-05-22 16:58:50
1497,37,375,2025-05-22 16:58:50,待审批,,,2025-05-22 16:58:50
1498,20,252,2025-05-22 16:58:50,已参加,,,2025-05-22 16:58:50
1499,37,361,2025-05-22 16:58:50,已批准,,,2025-05-22 16:58:50
1500,17,682,2025-05-22 16:58:50,已批准,,,2025-05-22 16:58:50
1501,26,322,2025-05-22 16:58:50,已参加,,,2025-05-22 16:58:50
1502,25,643,2025-05-22 16:58:50,已参加,,,2025-05-22 16:58:50
1503,18,867,2025-05-22 16:58:50,已参加,,,2025-05-22 16:58:50
1504,34,14,2025-05-22 16:58:50,已参加,,,2025-05-22 16:58:50
1505,38,440,2025-05-22 16:58:50,已参加,,,2025-05-22 16:58:50
1506,25,207,2025-05-22 16:58:50,已参加,,,2025-05-22 16:58:50
1507,34,306,2025-05-22 16:58:50,已批准,,,2025-05-22 16:58:50
1508,19,211,2025-05-22 16:58:50,待审批,,,2025-05-22 16:58:50
1509,35,499,2025-05-22 16:58:50,已取消,,,2025-05-22 16:58:50
1510,21,141,2025-05-22 16:58:50,已参加,,,2025-05-22 16:58:50
1511,19,355,2025-05-22 16:58:50,待审批,,,2025-05-22 16:58:50
1512,4,62,2025-05-22 16:58:50,已参加,,,2025-05-22 16:58:50
1513,35,165,2025-05-22 16:58:50,已批准,,,2025-05-22 16:58:50
1514,28,549,2025-05-22 16:58:50,已批准,,,2025-05-22 16:58:50
1515,28,15,2025-05-22 16:58:50,已参加,,,2025-05-22 16:58:50
1516,16,708,2025-05-22 16:58:50,待审批,,,2025-05-22 16:58:50
1517,45,198,2025-05-22 16:58:50,待审批,,,2025-05-22 16:58:50
1518,25,711,2025-05-22 16:58:50,已参加,,,2025-05-22 16:58:50
1519,13,996,2025-05-22 16:58:50,已取消,,,2025-05-22 16:58:50
1520,18,666,2025-05-22 16:58:50,已参加,,,2025-05-22 16:58:50
1521,9,987,2025-05-22 16:58:50,已参加,,,2025-05-22 16:58:50
1522,17,707,2025-05-22 16:58:50,已参加,,,2025-05-22 16:58:50
1523,48,365,2025-05-22 16:58:50,已参加,,,2025-05-22 16:58:50
1524,26,333,2025-05-22 16:58:50,已批准,,,2025-05-22 16:58:50
1525,19,164,2025-05-22 16:58:50,已取消,,,2025-05-22 16:58:50
1526,23,850,2025-05-22 16:58:50,已取消,,,2025-05-22 16:58:50
1527,4,128,2025-05-22 16:58:50,已批准,,,2025-05-22 16:58:50
1528,4,483,2025-05-22 16:58:50,已批准,,,2025-05-22 16:58:50
1529,26,106,2025-05-22 16:58:50,已参加,,,2025-05-22 16:58:50
1530,22,805,2025-05-22 16:58:50,已参加,,,2025-05-22 16:58:50
1531,16,723,2025-05-22 16:58:50,待审批,,,2025-05-22 16:58:50
1532,43,214,2025-05-22 16:58:50,已批准,,,2025-05-22 16:58:50
1533,33,530,2025-05-22 16:58:50,已取消,,,2025-05-22 16:58:50
1534,28,73,2025-05-22 16:58:50,已批准,,,2025-05-22 16:58:50
1535,20,448,2025-05-22 16:58:50,已参加,,,2025-05-22 16:58:50
1536,43,106,2025-05-22 16:58:50,已参加,,,2025-05-22 16:58:50
1537,7,747,2025-05-22 16:58:50,已参加,,,2025-05-22 16:58:50
1538,37,991,2025-05-22 16:58:50,已参加,,,2025-05-22 16:58:50
1539,21,514,2025-05-22 16:58:50,已参加,,,2025-05-22 16:58:50
1540,23,480,2025-05-22 16:58:50,已参加,,,2025-05-22 16:58:50
1541,32,675,2025-05-22 16:58:50,已参加,,,2025-05-22 16:58:50
1542,34,417,2025-05-22 16:58:50,待审批,,,2025-05-22 16:58:50
1543,1,688,2025-05-22 16:58:50,已参加,,,2025-05-22 16:58:50
1544,45,359,2025-05-22 16:58:50,已参加,,,2025-05-22 16:58:50
1545,8,633,2025-05-22 16:58:50,已取消,,,2025-05-22 16:58:50
1546,18,871,2025-05-22 16:58:50,待审批,,,2025-05-22 16:58:50
1547,11,556,2025-05-22 16:58:50,已参加,,,2025-05-22 16:58:50
1548,21,572,2025-05-22 16:58:50,待审批,,,2025-05-22 16:58:50
1549,9,840,2025-05-22 16:58:50,已批准,,,2025-05-22 16:58:50
1550,38,976,2025-05-22 16:58:50,待审批,,,2025-05-22 16:58:50
1551,44,475,2025-05-22 16:58:50,已参加,,,2025-05-22 16:58:50
1552,36,377,2025-05-22 16:58:50,待审批,,,2025-05-22 16:58:50
1553,36,688,2025-05-22 16:58:50,已参加,,,2025-05-22 16:58:50
1554,43,86,2025-05-22 16:58:50,已参加,,,2025-05-22 16:58:50
1555,34,996,2025-05-22 16:58:50,已参加,,,2025-05-22 16:58:50
1556,40,937,2025-05-22 16:58:50,已参加,,,2025-05-22 16:58:50
1557,26,62,2025-05-22 16:58:50,已参加,,,2025-05-22 16:58:50
1558,33,865,2025-05-22 16:58:50,已参加,,,2025-05-22 16:58:50
1559,47,828,2025-05-22 16:58:50,已参加,,,2025-05-22 16:58:50
1560,2,86,2025-05-22 16:58:50,已参加,,,2025-05-22 16:58:50
1561,17,971,2025-05-22 16:58:50,已参加,,,2025-05-22 16:58:50
1562,17,903,2025-05-22 16:58:50,已批准,,,2025-05-22 16:58:50
1563,45,965,2025-05-22 16:58:50,已参加,,,2025-05-22 16:58:50
1564,18,791,2025-05-22 16:58:50,已取消,,,2025-05-22 16:58:50
1565,7,278,2025-05-22 16:58:50,待审批,,,2025-05-22 16:58:50
1566,9,201,2025-05-22 16:58:50,已参加,,,2025-05-22 16:58:50
1567,5,611,2025-05-22 16:58:50,已取消,,,2025-05-22 16:58:50
1568,33,714,2025-05-22 16:58:50,已参加,,,2025-05-22 16:58:50
1569,7,482,2025-05-22 16:58:50,已批准,,,2025-05-22 16:58:50
1570,22,788,2025-05-22 16:58:50,已参加,,,2025-05-22 16:58:50
1571,39,67,2025-05-22 16:58:50,待审批,,,2025-05-22 16:58:50
1572,27,422,2025-05-22 16:58:50,已参加,,,2025-05-22 16:58:50
1573,7,867,2025-05-22 16:58:50,已批准,,,2025-05-22 16:58:50
1574,13,676,2025-05-22 16:58:50,已参加,,,2025-05-22 16:58:50
1575,12,385,2025-05-22 16:58:50,待审批,,,2025-05-22 16:58:50
1576,36,20,2025-05-22 16:58:50,已参加,,,2025-05-22 16:58:50
1577,16,564,2025-05-22 16:58:50,已参加,,,2025-05-22 16:58:50
1578,18,770,2025-05-22 16:58:50,已参加,,,2025-05-22 16:58:50
1579,35,996,2025-05-22 16:58:50,已批准,,,2025-05-22 16:58:50
1580,32,317,2025-05-22 16:58:50,已参加,,,2025-05-22 16:58:50
1581,49,431,2025-05-22 16:58:50,已参加,,,2025-05-22 16:58:50
1582,35,917,2025-05-22 16:58:50,已参加,,,2025-05-22 16:58:50
1583,36,906,2025-05-22 16:58:50,已参加,,,2025-05-22 16:58:50
1584,15,575,2025-05-22 16:58:50,已参加,,,2025-05-22 16:58:50
1585,12,263,2025-05-22 16:58:50,已参加,,,2025-05-22 16:58:50
1586,28,789,2025-05-22 16:58:50,已参加,,,2025-05-22 16:58:50
1587,32,282,2025-05-22 16:58:50,已参加,,,2025-05-22 16:58:50
1588,37,724,2025-05-22 16:58:50,已批准,,,2025-05-22 16:58:50
1589,33,348,2025-05-22 16:58:50,已取消,,,2025-05-22 16:58:50
1590,25,287,2025-05-22 16:58:50,已批准,,,2025-05-22 16:58:50
1591,44,459,2025-05-22 16:58:50,已取消,,,2025-05-22 16:58:50
1592,37,715,2025-05-22 16:58:50,已取消,,,2025-05-22 16:58:50
1593,1,278,2025-05-22 16:58:50,已参加,,,2025-05-22 16:58:50
1594,25,653,2025-05-22 16:58:50,已参加,,,2025-05-22 16:58:50
1595,13,903,2025-05-22 16:58:50,待审批,,,2025-05-22 16:58:50
1596,21,586,2025-05-22 16:58:50,已参加,,,2025-05-22 16:58:50
1597,43,185,2025-05-22 16:58:50,已参加,,,2025-05-22 16:58:50
1598,21,606,2025-05-22 16:58:50,已参加,,,2025-05-22 16:58:50
1599,21,121,2025-05-22 16:58:50,待审批,,,2025-05-22 16:58:50
1600,50,253,2025-05-22 16:58:50,已参加,,,2025-05-22 16:58:50
1601,12,571,2025-05-22 16:58:50,已参加,,,2025-05-22 16:58:50
1602,27,675,2025-05-22 16:58:50,已参加,,,2025-05-22 16:58:50
1603,18,26,2025-05-22 16:58:50,已参加,,,2025-05-22 16:58:50
1604,38,438,2025-05-22 16:58:50,已参加,,,2025-05-22 16:58:50
1605,4,547,2025-05-22 16:58:50,已参加,,,2025-05-22 16:58:50
1606,8,756,2025-05-22 16:58:50,已批准,,,2025-05-22 16:58:50
1607,28,607,2025-05-22 16:58:50,已参加,,,2025-05-22 16:58:50
1608,20,160,2025-05-22 16:58:50,已批准,,,2025-05-22 16:58:50
1609,26,767,2025-05-22 16:58:50,已批准,,,2025-05-22 16:58:50
1610,27,100,2025-05-22 16:58:50,待审批,,,2025-05-22 16:58:50
1611,29,294,2025-05-22 16:58:50,已批准,,,2025-05-22 16:58:50
1612,12,756,2025-05-22 16:58:50,待审批,,,2025-05-22 16:58:50
1613,25,39,2025-05-22 16:58:50,已批准,,,2025-05-22 16:58:50
1614,19,930,2025-05-22 16:58:50,已参加,,,2025-05-22 16:58:50
1615,28,298,2025-05-22 16:58:50,已参加,,,2025-05-22 16:58:50
1616,43,207,2025-05-22 16:58:50,已参加,,,2025-05-22 16:58:50
1617,17,215,2025-05-22 16:58:50,已参加,,,2025-05-22 16:58:50
1618,15,996,2025-05-22 16:58:50,已参加,,,2025-05-22 16:58:50
1619,2,309,2025-05-22 16:58:50,已参加,,,2025-05-22 16:58:50
1620,46,166,2025-05-22 16:58:50,已参加,,,2025-05-22 16:58:50
1621,47,176,2025-05-22 16:58:50,已取消,,,2025-05-22 16:58:50
1622,3,594,2025-05-22 16:58:50,已参加,,,2025-05-22 16:58:50
1623,43,43,2025-05-22 16:58:50,已参加,,,2025-05-22 16:58:50
1624,37,785,2025-05-22 16:58:50,已批准,,,2025-05-22 16:58:50
1625,46,595,2025-05-22 16:58:50,已取消,,,2025-05-22 16:58:50
1626,28,2,2025-05-22 16:58:50,待审批,,,2025-05-22 16:58:50
1627,20,573,2025-05-22 16:58:50,已参加,,,2025-05-22 16:58:50
1628,37,361,2025-05-22 16:58:50,已参加,,,2025-05-22 16:58:50
1629,13,837,2025-05-22 16:58:50,已参加,,,2025-05-22 16:58:50
1630,5,618,2025-05-22 16:58:50,已参加,,,2025-05-22 16:58:50
1631,37,165,2025-05-22 16:58:50,已参加,,,2025-05-22 16:58:50
1632,2,667,2025-05-22 16:58:50,已批准,,,2025-05-22 16:58:50
1633,7,721,2025-05-22 16:58:50,已参加,,,2025-05-22 16:58:50
1634,25,115,2025-05-22 16:58:50,已参加,,,2025-05-22 16:58:50
1635,39,167,2025-05-22 16:58:50,已参加,,,2025-05-22 16:58:50
1636,1,937,2025-05-22 16:58:50,已取消,,,2025-05-22 16:58:50
1637,15,414,2025-05-22 16:58:50,已参加,,,2025-05-22 16:58:50
1638,40,466,2025-05-22 16:58:50,已参加,,,2025-05-22 16:58:50
1639,13,424,2025-05-22 16:58:50,已批准,,,2025-05-22 16:58:50
1640,26,102,2025-05-22 16:58:50,已参加,,,2025-05-22 16:58:50
1641,21,871,2025-05-22 16:58:50,已取消,,,2025-05-22 16:58:50
1642,46,704,2025-05-22 16:58:50,已参加,,,2025-05-22 16:58:50
1643,34,326,2025-05-22 16:58:50,已参加,,,2025-05-22 16:58:50
1644,33,713,2025-05-22 16:58:50,已参加,,,2025-05-22 16:58:50
1645,2,780,2025-05-22 16:58:50,已参加,,,2025-05-22 16:58:50
1646,33,536,2025-05-22 16:58:50,已参加,,,2025-05-22 16:58:50
1647,21,136,2025-05-22 16:58:50,已参加,,,2025-05-22 16:58:50
1648,17,422,2025-05-22 16:58:50,已参加,,,2025-05-22 16:58:50
1649,11,656,2025-05-22 16:58:50,已参加,,,2025-05-22 16:58:50
1650,18,615,2025-05-22 16:58:50,已参加,,,2025-05-22 16:58:50
1651,27,917,2025-05-22 16:58:50,已参加,,,2025-05-22 16:58:50
1652,26,990,2025-05-22 16:58:50,已参加,,,2025-05-22 16:58:50
1653,47,174,2025-05-22 16:58:50,已参加,,,2025-05-22 16:58:50
1654,35,356,2025-05-22 16:58:50,已参加,,,2025-05-22 16:58:50
1655,36,955,2025-05-22 16:58:50,已取消,,,2025-05-22 16:58:50
1656,46,517,2025-05-22 16:58:50,已参加,,,2025-05-22 16:58:50
1657,16,517,2025-05-22 16:58:50,已参加,,,2025-05-22 16:58:50
1658,46,25,2025-05-22 16:58:50,已批准,,,2025-05-22 16:58:50
1659,33,106,2025-05-22 16:58:50,已批准,,,2025-05-22 16:58:50
1660,35,921,2025-05-22 16:58:50,已批准,,,2025-05-22 16:58:50
1661,26,386,2025-05-22 16:58:50,已批准,,,2025-05-22 16:58:50
1662,41,37,2025-05-22 16:58:50,已批准,,,2025-05-22 16:58:50
1663,21,171,2025-05-22 16:58:50,已参加,,,2025-05-22 16:58:50
1664,23,579,2025-05-22 16:58:50,已批准,,,2025-05-22 16:58:50
1665,37,716,2025-05-22 16:58:50,已取消,,,2025-05-22 16:58:50
1666,19,889,2025-05-22 16:58:50,已批准,,,2025-05-22 16:58:50
1667,21,10,2025-05-22 16:58:50,已批准,,,2025-05-22 16:58:50
1668,3,423,2025-05-22 16:58:50,待审批,,,2025-05-22 16:58:50
1669,44,697,2025-05-22 16:58:50,已参加,,,2025-05-22 16:58:50
1670,44,272,2025-05-22 16:58:50,已参加,,,2025-05-22 16:58:50
1671,46,415,2025-05-22 16:58:50,已取消,,,2025-05-22 16:58:50
1672,22,533,2025-05-22 16:58:50,已参加,,,2025-05-22 16:58:50
1673,33,325,2025-05-22 16:58:50,已批准,,,2025-05-22 16:58:50
1674,16,142,2025-05-22 16:58:50,已参加,,,2025-05-22 16:58:50
1675,17,233,2025-05-22 16:58:50,已参加,,,2025-05-22 16:58:50
1676,27,436,2025-05-22 16:58:50,待审批,,,2025-05-22 16:58:50
1677,7,843,2025-05-22 16:58:50,已参加,,,2025-05-22 16:58:50
1678,33,35,2025-05-22 16:58:50,已批准,,,2025-05-22 16:58:50
1679,36,238,2025-05-22 16:58:50,已批准,,,2025-05-22 16:58:50
1680,19,848,2025-05-22 16:58:50,已取消,,,2025-05-22 16:58:50
1681,20,427,2025-05-22 16:58:50,已参加,,,2025-05-22 16:58:50
1682,12,432,2025-05-22 16:58:50,已参加,,,2025-05-22 16:58:50
1683,9,254,2025-05-22 16:58:50,已参加,,,2025-05-22 16:58:50
1684,3,183,2025-05-22 16:58:50,已参加,,,2025-05-22 16:58:50
1685,44,42,2025-05-22 16:58:50,已参加,,,2025-05-22 16:58:50
1686,20,680,2025-05-22 16:58:50,已参加,,,2025-05-22 16:58:50
1687,2,692,2025-05-22 16:58:50,已批准,,,2025-05-22 16:58:50
1688,44,959,2025-05-22 16:58:50,已参加,,,2025-05-22 16:58:50
1689,18,487,2025-05-22 16:58:50,已参加,,,2025-05-22 16:58:50
1690,16,788,2025-05-22 16:58:50,已参加,,,2025-05-22 16:58:50
1691,29,108,2025-05-22 16:58:50,待审批,,,2025-05-22 16:58:50
1692,21,617,2025-05-22 16:58:50,已取消,,,2025-05-22 16:58:50
1693,39,454,2025-05-22 16:58:50,待审批,,,2025-05-22 16:58:50
1694,50,616,2025-05-22 16:58:50,已参加,,,2025-05-22 16:58:50
1695,46,410,2025-05-22 16:58:50,已参加,,,2025-05-22 16:58:50
1696,16,800,2025-05-22 16:58:50,待审批,,,2025-05-22 16:58:50
1697,32,904,2025-05-22 16:58:50,已参加,,,2025-05-22 16:58:50
1698,37,222,2025-05-22 16:58:50,已批准,,,2025-05-22 16:58:50
1699,23,733,2025-05-22 16:58:50,已参加,,,2025-05-22 16:58:50
1700,7,50,2025-05-22 16:58:50,已批准,,,2025-05-22 16:58:50
1701,47,282,2025-05-22 16:58:50,已参加,,,2025-05-22 16:58:50
1702,47,548,2025-05-22 16:58:50,已批准,,,2025-05-22 16:58:50
1703,9,111,2025-05-22 16:58:50,已批准,,,2025-05-22 16:58:50
1704,13,210,2025-05-22 16:58:50,已取消,,,2025-05-22 16:58:50
1705,27,933,2025-05-22 16:58:50,已参加,,,2025-05-22 16:58:50
1706,3,151,2025-05-22 16:58:50,已参加,,,2025-05-22 16:58:50
1707,17,991,2025-05-22 16:58:50,已取消,,,2025-05-22 16:58:50
1708,36,95,2025-05-22 16:58:50,待审批,,,2025-05-22 16:58:50
1709,21,241,2025-05-22 16:58:50,已取消,,,2025-05-22 16:58:50
1710,19,927,2025-05-22 16:58:50,已批准,,,2025-05-22 16:58:50
1711,36,908,2025-05-22 16:58:50,已批准,,,2025-05-22 16:58:50
1712,39,177,2025-05-22 16:58:50,待审批,,,2025-05-22 16:58:50
1713,32,451,2025-05-22 16:58:50,待审批,,,2025-05-22 16:58:50
1714,35,333,2025-05-22 16:58:50,已取消,,,2025-05-22 16:58:50
1715,48,439,2025-05-22 16:58:50,待审批,,,2025-05-22 16:58:50
1716,41,764,2025-05-22 16:58:50,已批准,,,2025-05-22 16:58:50
1717,8,730,2025-05-22 16:58:50,已参加,,,2025-05-22 16:58:50
1718,17,718,2025-05-22 16:58:50,已参加,,,2025-05-22 16:58:50
1719,48,529,2025-05-22 16:58:50,已参加,,,2025-05-22 16:58:50
1720,32,957,2025-05-22 16:58:50,已批准,,,2025-05-22 16:58:50
1721,40,822,2025-05-22 16:58:50,已取消,,,2025-05-22 16:58:50
1722,22,648,2025-05-22 16:58:50,已参加,,,2025-05-22 16:58:50
1723,5,352,2025-05-22 16:58:50,已参加,,,2025-05-22 16:58:50
1724,47,782,2025-05-22 16:58:50,已参加,,,2025-05-22 16:58:50
1725,35,448,2025-05-22 16:58:50,已取消,,,2025-05-22 16:58:50
1726,43,672,2025-05-22 16:58:50,已参加,,,2025-05-22 16:58:50
1727,15,744,2025-05-22 16:58:50,已参加,,,2025-05-22 16:58:50
1728,6,857,2025-05-22 16:58:50,已参加,,,2025-05-22 16:58:50
1729,39,992,2025-05-22 16:58:50,已参加,,,2025-05-22 16:58:50
1730,40,300,2025-05-22 16:58:50,已批准,,,2025-05-22 16:58:50
1731,20,859,2025-05-22 16:58:50,待审批,,,2025-05-22 16:58:50
1732,6,256,2025-05-22 16:58:50,已参加,,,2025-05-22 16:58:50
1733,23,632,2025-05-22 16:58:50,已参加,,,2025-05-22 16:58:50
1734,43,809,2025-05-22 16:58:50,已参加,,,2025-05-22 16:58:50
1735,28,351,2025-05-22 16:58:50,已参加,,,2025-05-22 16:58:50
1736,46,69,2025-05-22 16:58:50,已批准,,,2025-05-22 16:58:50
1737,43,357,2025-05-22 16:58:50,已参加,,,2025-05-22 16:58:50
1738,39,114,2025-05-22 16:58:50,已参加,,,2025-05-22 16:58:50
1739,28,688,2025-05-22 16:58:50,已参加,,,2025-05-22 16:58:50
1740,1,624,2025-05-22 16:58:50,已参加,,,2025-05-22 16:58:50
1741,33,9,2025-05-22 16:58:50,已参加,,,2025-05-22 16:58:50
1742,46,525,2025-05-22 16:58:50,已取消,,,2025-05-22 16:58:50
1743,28,320,2025-05-22 16:58:50,已批准,,,2025-05-22 16:58:50
1744,27,80,2025-05-22 16:58:50,已参加,,,2025-05-22 16:58:50
1745,12,463,2025-05-22 16:58:50,已参加,,,2025-05-22 16:58:50
1746,48,416,2025-05-22 16:58:50,已批准,,,2025-05-22 16:58:50
1747,13,535,2025-05-22 16:58:50,已参加,,,2025-05-22 16:58:50
1748,37,855,2025-05-22 16:58:50,已取消,,,2025-05-22 16:58:50
1749,9,529,2025-05-22 16:58:50,已参加,,,2025-05-22 16:58:50
1750,49,493,2025-05-22 16:58:50,已取消,,,2025-05-22 16:58:50
1751,37,217,2025-05-22 16:58:50,已参加,,,2025-05-22 16:58:50
1752,7,433,2025-05-22 16:58:50,已批准,,,2025-05-22 16:58:50
1753,35,623,2025-05-22 16:58:50,已参加,,,2025-05-22 16:58:50
1754,32,839,2025-05-22 16:58:50,已批准,,,2025-05-22 16:58:50
1755,45,736,2025-05-22 16:58:50,已参加,,,2025-05-22 16:58:50
1756,18,414,2025-05-22 16:58:50,已参加,,,2025-05-22 16:58:50
1757,29,894,2025-05-22 16:58:50,已参加,,,2025-05-22 16:58:50
1758,46,117,2025-05-22 16:58:50,已参加,,,2025-05-22 16:58:50
1759,17,642,2025-05-22 16:58:50,已参加,,,2025-05-22 16:58:50
1760,22,330,2025-05-22 16:58:50,已参加,,,2025-05-22 16:58:50
1761,36,123,2025-05-22 16:58:50,已参加,,,2025-05-22 16:58:50
1762,38,337,2025-05-22 16:58:50,已参加,,,2025-05-22 16:58:50
1763,44,354,2025-05-22 16:58:50,已参加,,,2025-05-22 16:58:50
1764,3,137,2025-05-22 16:58:50,已批准,,,2025-05-22 16:58:50
1765,25,177,2025-05-22 16:58:50,已参加,,,2025-05-22 16:58:50
1766,46,646,2025-05-22 16:58:50,已批准,,,2025-05-22 16:58:50
1767,9,691,2025-05-22 16:58:50,已参加,,,2025-05-22 16:58:50
1768,18,905,2025-05-22 16:58:50,已参加,,,2025-05-22 16:58:50
1769,1,276,2025-05-22 16:58:50,已参加,,,2025-05-22 16:58:50
1770,35,208,2025-05-22 16:58:50,已批准,,,2025-05-22 16:58:50
1771,23,146,2025-05-22 16:58:50,已参加,,,2025-05-22 16:58:50
1772,43,250,2025-05-22 16:58:50,已参加,,,2025-05-22 16:58:50
1773,44,951,2025-05-22 16:58:50,已参加,,,2025-05-22 16:58:50
1774,41,557,2025-05-22 16:58:50,已取消,,,2025-05-22 16:58:50
1775,7,230,2025-05-22 16:58:50,已批准,,,2025-05-22 16:58:50
1776,23,968,2025-05-22 16:58:50,已批准,,,2025-05-22 16:58:50
1777,15,779,2025-05-22 16:58:50,已参加,,,2025-05-22 16:58:50
1778,11,218,2025-05-22 16:58:50,已批准,,,2025-05-22 16:58:50
1779,7,26,2025-05-22 16:58:50,已参加,,,2025-05-22 16:58:50
1780,12,9,2025-05-22 16:58:50,已参加,,,2025-05-22 16:58:50
1781,13,602,2025-05-22 16:58:50,已参加,,,2025-05-22 16:58:50
1782,15,982,2025-05-22 16:58:50,待审批,,,2025-05-22 16:58:50
1783,32,113,2025-05-22 16:58:50,已参加,,,2025-05-22 16:58:50
1784,50,709,2025-05-22 16:58:50,已参加,,,2025-05-22 16:58:50
1785,40,933,2025-05-22 16:58:50,已取消,,,2025-05-22 16:58:50
1786,43,552,2025-05-22 16:58:50,已批准,,,2025-05-22 16:58:50
1787,39,223,2025-05-22 16:58:50,已参加,,,2025-05-22 16:58:50
1788,17,276,2025-05-22 16:58:50,已批准,,,2025-05-22 16:58:50
1789,13,824,2025-05-22 16:58:50,已批准,,,2025-05-22 16:58:50
1790,45,311,2025-05-22 16:58:50,已参加,,,2025-05-22 16:58:50
1791,3,204,2025-05-22 16:58:50,待审批,,,2025-05-22 16:58:50
1792,24,389,2025-05-22 16:58:50,已取消,,,2025-05-22 16:58:50
1793,3,614,2025-05-22 16:58:50,已参加,,,2025-05-22 16:58:50
1794,24,872,2025-05-22 16:58:50,已参加,,,2025-05-22 16:58:50
1795,41,298,2025-05-22 16:58:50,已参加,,,2025-05-22 16:58:50
1796,3,875,2025-05-22 16:58:50,已参加,,,2025-05-22 16:58:50
1797,20,140,2025-05-22 16:58:50,已参加,,,2025-05-22 16:58:50
1798,24,304,2025-05-22 16:58:50,已参加,,,2025-05-22 16:58:50
1799,1,732,2025-05-22 16:58:50,已参加,,,2025-05-22 16:58:50
1800,44,572,2025-05-22 16:58:50,已参加,,,2025-05-22 16:58:50
1801,13,42,2025-05-22 16:58:50,已批准,,,2025-05-22 16:58:50
1802,34,769,2025-05-22 16:58:50,已参加,,,2025-05-22 16:58:50
1803,38,439,2025-05-22 16:58:50,已批准,,,2025-05-22 16:58:50
1804,9,378,2025-05-22 16:58:50,待审批,,,2025-05-22 16:58:50
1805,26,695,2025-05-22 16:58:50,已参加,,,2025-05-22 16:58:50
1806,7,304,2025-05-22 16:58:50,已参加,,,2025-05-22 16:58:50
1807,33,531,2025-05-22 16:58:50,待审批,,,2025-05-22 16:58:50
1808,20,460,2025-05-22 16:58:50,已批准,,,2025-05-22 16:58:50
1809,7,303,2025-05-22 16:58:50,已参加,,,2025-05-22 16:58:50
1810,20,441,2025-05-22 16:58:50,已参加,,,2025-05-22 16:58:50
1811,29,192,2025-05-22 16:58:50,已参加,,,2025-05-22 16:58:50
1812,37,260,2025-05-22 16:58:50,待审批,,,2025-05-22 16:58:50
1813,16,65,2025-05-22 16:58:50,已参加,,,2025-05-22 16:58:50
1814,44,562,2025-05-22 16:58:50,已参加,,,2025-05-22 16:58:50
1815,12,172,2025-05-22 16:58:50,已参加,,,2025-05-22 16:58:50
1816,50,711,2025-05-22 16:58:50,已参加,,,2025-05-22 16:58:50
1817,43,546,2025-05-22 16:58:50,已参加,,,2025-05-22 16:58:50
1818,44,347,2025-05-22 16:58:50,已参加,,,2025-05-22 16:58:50
1819,44,873,2025-05-22 16:58:50,已取消,,,2025-05-22 16:58:50
1820,34,484,2025-05-22 16:58:50,已取消,,,2025-05-22 16:58:50
1821,8,99,2025-05-22 16:58:50,已参加,,,2025-05-22 16:58:50
1822,44,373,2025-05-22 16:58:50,已参加,,,2025-05-22 16:58:50
1823,27,682,2025-05-22 16:58:50,已参加,,,2025-05-22 16:58:50
1824,40,272,2025-05-22 16:58:50,已取消,,,2025-05-22 16:58:50
1825,35,748,2025-05-22 16:58:50,已取消,,,2025-05-22 16:58:50
1826,48,572,2025-05-22 16:58:50,已取消,,,2025-05-22 16:58:50
1827,13,491,2025-05-22 16:58:50,已参加,,,2025-05-22 16:58:50
1828,19,911,2025-05-22 16:58:50,已参加,,,2025-05-22 16:58:50
1829,48,886,2025-05-22 16:58:50,已批准,,,2025-05-22 16:58:50
1830,1,212,2025-05-22 16:58:50,已参加,,,2025-05-22 16:58:50
1831,27,549,2025-05-22 16:58:50,已参加,,,2025-05-22 16:58:50
1832,16,597,2025-05-22 16:58:50,已批准,,,2025-05-22 16:58:50
1833,36,343,2025-05-22 16:58:50,已参加,,,2025-05-22 16:58:50
1834,40,169,2025-05-22 16:58:50,已参加,,,2025-05-22 16:58:50
1835,37,756,2025-05-22 16:58:50,已参加,,,2025-05-22 16:58:50
1836,22,562,2025-05-22 16:58:50,已批准,,,2025-05-22 16:58:50
1837,25,134,2025-05-22 16:58:50,已参加,,,2025-05-22 16:58:50
1838,7,52,2025-05-22 16:58:50,已参加,,,2025-05-22 16:58:50
1839,7,489,2025-05-22 16:58:50,已参加,,,2025-05-22 16:58:50
1840,26,352,2025-05-22 16:58:50,已参加,,,2025-05-22 16:58:50
1841,49,98,2025-05-22 16:58:50,已参加,,,2025-05-22 16:58:50
1842,39,492,2025-05-22 16:58:50,待审批,,,2025-05-22 16:58:50
1843,37,893,2025-05-22 16:58:50,已参加,,,2025-05-22 16:58:50
1844,12,620,2025-05-22 16:58:50,已参加,,,2025-05-22 16:58:50
1845,8,300,2025-05-22 16:58:50,已参加,,,2025-05-22 16:58:50
1846,18,469,2025-05-22 16:58:50,已参加,,,2025-05-22 16:58:50
1847,44,280,2025-05-22 16:58:50,已参加,,,2025-05-22 16:58:50
1848,24,576,2025-05-22 16:58:50,已参加,,,2025-05-22 16:58:50
1849,36,980,2025-05-22 16:58:50,已参加,,,2025-05-22 16:58:50
1850,50,895,2025-05-22 16:58:50,已批准,,,2025-05-22 16:58:50
1851,43,762,2025-05-22 16:58:50,已参加,,,2025-05-22 16:58:50
1852,9,235,2025-05-22 16:58:50,已参加,,,2025-05-22 16:58:50
1853,15,279,2025-05-22 16:58:50,已参加,,,2025-05-22 16:58:50
1854,1,954,2025-05-22 16:58:50,已取消,,,2025-05-22 16:58:50
1855,16,236,2025-05-22 16:58:50,已取消,,,2025-05-22 16:58:50
1856,40,344,2025-05-22 16:58:50,已参加,,,2025-05-22 16:58:50
1857,29,280,2025-05-22 16:58:50,已参加,,,2025-05-22 16:58:50
1858,26,95,2025-05-22 16:58:50,已参加,,,2025-05-22 16:58:50
1859,21,922,2025-05-22 16:58:50,已参加,,,2025-05-22 16:58:50
1860,2,448,2025-05-22 16:58:50,已参加,,,2025-05-22 16:58:50
1861,16,500,2025-05-22 16:58:50,已参加,,,2025-05-22 16:58:50
1862,45,771,2025-05-22 16:58:50,已批准,,,2025-05-22 16:58:50
1863,36,459,2025-05-22 16:58:50,已参加,,,2025-05-22 16:58:50
1864,43,671,2025-05-22 16:58:50,已批准,,,2025-05-22 16:58:50
1865,40,645,2025-05-22 16:58:50,已参加,,,2025-05-22 16:58:50
1866,41,510,2025-05-22 16:58:50,已参加,,,2025-05-22 16:58:50
1867,50,944,2025-05-22 16:58:50,待审批,,,2025-05-22 16:58:50
1868,45,953,2025-05-22 16:58:50,已参加,,,2025-05-22 16:58:50
1869,48,619,2025-05-22 16:58:50,待审批,,,2025-05-22 16:58:50
1870,28,164,2025-05-22 16:58:50,已参加,,,2025-05-22 16:58:50
1871,39,506,2025-05-22 16:58:50,已参加,,,2025-05-22 16:58:50
1872,17,243,2025-05-22 16:58:50,已参加,,,2025-05-22 16:58:50
1873,22,259,2025-05-22 16:58:50,已参加,,,2025-05-22 16:58:50
1874,15,982,2025-05-22 16:58:50,已批准,,,2025-05-22 16:58:50
1875,27,986,2025-05-22 16:58:50,已批准,,,2025-05-22 16:58:50
1876,50,383,2025-05-22 16:58:50,待审批,,,2025-05-22 16:58:50
1877,22,790,2025-05-22 16:58:50,已批准,,,2025-05-22 16:58:50
1878,13,322,2025-05-22 16:58:50,已批准,,,2025-05-22 16:58:50
1879,23,706,2025-05-22 16:58:50,待审批,,,2025-05-22 16:58:50
1880,18,624,2025-05-22 16:58:50,已参加,,,2025-05-22 16:58:50
1881,34,649,2025-05-22 16:58:50,待审批,,,2025-05-22 16:58:50
1882,35,553,2025-05-22 16:58:50,已取消,,,2025-05-22 16:58:50
1883,17,742,2025-05-22 16:58:50,已批准,,,2025-05-22 16:58:50
1884,13,869,2025-05-22 16:58:50,已批准,,,2025-05-22 16:58:50
1885,18,977,2025-05-22 16:58:50,已批准,,,2025-05-22 16:58:50
1886,18,774,2025-05-22 16:58:50,已参加,,,2025-05-22 16:58:50
1887,47,439,2025-05-22 16:58:50,已取消,,,2025-05-22 16:58:50
1888,26,849,2025-05-22 16:58:50,已批准,,,2025-05-22 16:58:50
1889,15,423,2025-05-22 16:58:50,待审批,,,2025-05-22 16:58:50
1890,37,94,2025-05-22 16:58:50,已批准,,,2025-05-22 16:58:50
1891,40,830,2025-05-22 16:58:50,已参加,,,2025-05-22 16:58:50
1892,23,332,2025-05-22 16:58:50,已批准,,,2025-05-22 16:58:50
1893,6,726,2025-05-22 16:58:50,待审批,,,2025-05-22 16:58:50
1894,5,61,2025-05-22 16:58:50,已批准,,,2025-05-22 16:58:50
1895,11,360,2025-05-22 16:58:50,已参加,,,2025-05-22 16:58:50
1896,17,153,2025-05-22 16:58:50,已参加,,,2025-05-22 16:58:50
1897,29,157,2025-05-22 16:58:50,已参加,,,2025-05-22 16:58:50
1898,18,206,2025-05-22 16:58:50,已参加,,,2025-05-22 16:58:50
1899,38,666,2025-05-22 16:58:50,已取消,,,2025-05-22 16:58:50
1900,50,473,2025-05-22 16:58:50,已批准,,,2025-05-22 16:58:50
1901,11,765,2025-05-22 16:58:50,已参加,,,2025-05-22 16:58:50
1902,27,253,2025-05-22 16:58:50,已批准,,,2025-05-22 16:58:50
1903,45,124,2025-05-22 16:58:50,已参加,,,2025-05-22 16:58:50
1904,4,792,2025-05-22 16:58:50,已批准,,,2025-05-22 16:58:50
1905,38,199,2025-05-22 16:58:50,待审批,,,2025-05-22 16:58:50
1906,38,108,2025-05-22 16:58:50,已参加,,,2025-05-22 16:58:50
1907,8,647,2025-05-22 16:58:50,已取消,,,2025-05-22 16:58:50
1908,39,945,2025-05-22 16:58:50,已参加,,,2025-05-22 16:58:50
1909,3,2,2025-05-22 16:58:50,已参加,,,2025-05-22 16:58:50
1910,27,185,2025-05-22 16:58:50,已参加,,,2025-05-22 16:58:50
1911,41,72,2025-05-22 16:58:50,已参加,,,2025-05-22 16:58:50
1912,23,315,2025-05-22 16:58:50,已参加,,,2025-05-22 16:58:50
1913,37,947,2025-05-22 16:58:50,已参加,,,2025-05-22 16:58:50
1914,45,165,2025-05-22 16:58:50,已参加,,,2025-05-22 16:58:50
1915,13,330,2025-05-22 16:58:50,已批准,,,2025-05-22 16:58:50
1916,22,615,2025-05-22 16:58:50,已参加,,,2025-05-22 16:58:50
1917,29,357,2025-05-22 16:58:50,已批准,,,2025-05-22 16:58:50
1918,23,227,2025-05-22 16:58:50,已批准,,,2025-05-22 16:58:50
1919,16,678,2025-05-22 16:58:50,已批准,,,2025-05-22 16:58:50
1920,25,251,2025-05-22 16:58:50,待审批,,,2025-05-22 16:58:50
1921,36,453,2025-05-22 16:58:50,已批准,,,2025-05-22 16:58:50
1922,27,96,2025-05-22 16:58:50,已取消,,,2025-05-22 16:58:50
1923,44,903,2025-05-22 16:58:50,已批准,,,2025-05-22 16:58:50
1924,2,997,2025-05-22 16:58:50,已参加,,,2025-05-22 16:58:50
1925,24,988,2025-05-22 16:58:50,已参加,,,2025-05-22 16:58:50
1926,12,709,2025-05-22 16:58:50,已批准,,,2025-05-22 16:58:50
1927,32,620,2025-05-22 16:58:50,已参加,,,2025-05-22 16:58:50
1928,22,117,2025-05-22 16:58:50,已参加,,,2025-05-22 16:58:50
1929,28,741,2025-05-22 16:58:50,已参加,,,2025-05-22 16:58:50
1930,36,832,2025-05-22 16:58:50,已参加,,,2025-05-22 16:58:50
1931,17,518,2025-05-22 16:58:50,已批准,,,2025-05-22 16:58:50
1932,34,840,2025-05-22 16:58:50,已参加,,,2025-05-22 16:58:50
1933,32,238,2025-05-22 16:58:50,已参加,,,2025-05-22 16:58:50
1934,15,746,2025-05-22 16:58:50,已参加,,,2025-05-22 16:58:50
1935,17,8,2025-05-22 16:58:50,已参加,,,2025-05-22 16:58:50
1936,4,377,2025-05-22 16:58:50,已批准,,,2025-05-22 16:58:50
1937,33,263,2025-05-22 16:58:50,已参加,,,2025-05-22 16:58:50
1938,44,466,2025-05-22 16:58:50,已参加,,,2025-05-22 16:58:50
1939,40,383,2025-05-22 16:58:50,已批准,,,2025-05-22 16:58:50
1940,48,899,2025-05-22 16:58:50,已参加,,,2025-05-22 16:58:50
1941,9,144,2025-05-22 16:58:50,已批准,,,2025-05-22 16:58:50
1942,2,727,2025-05-22 16:58:50,已参加,,,2025-05-22 16:58:50
1943,20,236,2025-05-22 16:58:50,已参加,,,2025-05-22 16:58:50
1944,13,920,2025-05-22 16:58:50,已批准,,,2025-05-22 16:58:50
1945,26,524,2025-05-22 16:58:50,已参加,,,2025-05-22 16:58:50
1946,36,253,2025-05-22 16:58:50,待审批,,,2025-05-22 16:58:50
1947,28,722,2025-05-22 16:58:50,已批准,,,2025-05-22 16:58:50
1948,17,28,2025-05-22 16:58:50,已批准,,,2025-05-22 16:58:50
1949,28,105,2025-05-22 16:58:50,待审批,,,2025-05-22 16:58:50
1950,41,919,2025-05-22 16:58:50,已参加,,,2025-05-22 16:58:50
1951,18,490,2025-05-22 16:58:50,已参加,,,2025-05-22 16:58:50
1952,9,103,2025-05-22 16:58:50,已参加,,,2025-05-22 16:58:50
1953,2,84,2025-05-22 16:58:50,已批准,,,2025-05-22 16:58:50
1954,37,756,2025-05-22 16:58:50,已参加,,,2025-05-22 16:58:50
1955,6,922,2025-05-22 16:58:50,已参加,,,2025-05-22 16:58:50
1956,12,567,2025-05-22 16:58:50,已参加,,,2025-05-22 16:58:50
1957,7,532,2025-05-22 16:58:50,已参加,,,2025-05-22 16:58:50
1958,16,759,2025-05-22 16:58:50,已参加,,,2025-05-22 16:58:50
1959,39,161,2025-05-22 16:58:50,已批准,,,2025-05-22 16:58:50
1960,9,914,2025-05-22 16:58:50,已批准,,,2025-05-22 16:58:50
1961,43,462,2025-05-22 16:58:50,已参加,,,2025-05-22 16:58:50
1962,17,720,2025-05-22 16:58:50,已参加,,,2025-05-22 16:58:50
1963,17,241,2025-05-22 16:58:50,已参加,,,2025-05-22 16:58:50
1964,41,412,2025-05-22 16:58:50,已参加,,,2025-05-22 16:58:50
1965,5,31,2025-05-22 16:58:50,已批准,,,2025-05-22 16:58:50
1966,47,221,2025-05-22 16:58:50,已参加,,,2025-05-22 16:58:50
1967,21,711,2025-05-22 16:58:50,已参加,,,2025-05-22 16:58:50
1968,7,525,2025-05-22 16:58:50,已批准,,,2025-05-22 16:58:50
1969,8,971,2025-05-22 16:58:50,已取消,,,2025-05-22 16:58:50
1970,21,348,2025-05-22 16:58:50,已参加,,,2025-05-22 16:58:50
1971,4,4,2025-05-22 16:58:50,待审批,,,2025-05-22 16:58:50
1972,48,788,2025-05-22 16:58:50,已批准,,,2025-05-22 16:58:50
1973,3,860,2025-05-22 16:58:50,待审批,,,2025-05-22 16:58:50
1974,47,643,2025-05-22 16:58:50,已取消,,,2025-05-22 16:58:50
1975,33,160,2025-05-22 16:58:50,已参加,,,2025-05-22 16:58:50
1976,1,820,2025-05-22 16:58:50,已批准,,,2025-05-22 16:58:50
1977,22,342,2025-05-22 16:58:50,待审批,,,2025-05-22 16:58:50
1978,34,284,2025-05-22 16:58:50,已取消,,,2025-05-22 16:58:50
1979,38,261,2025-05-22 16:58:50,已取消,,,2025-05-22 16:58:50
1980,38,787,2025-05-22 16:58:50,已参加,,,2025-05-22 16:58:50
1981,25,333,2025-05-22 16:58:50,已参加,,,2025-05-22 16:58:50
1982,49,744,2025-05-22 16:58:50,已参加,,,2025-05-22 16:58:50
1983,23,818,2025-05-22 16:58:50,已参加,,,2025-05-22 16:58:50
1984,4,262,2025-05-22 16:58:50,已参加,,,2025-05-22 16:58:50
1985,17,288,2025-05-22 16:58:50,已参加,,,2025-05-22 16:58:50
1986,50,236,2025-05-22 16:58:50,已参加,,,2025-05-22 16:58:50
1987,18,230,2025-05-22 16:58:50,已取消,,,2025-05-22 16:58:50
1988,9,75,2025-05-22 16:58:50,已参加,,,2025-05-22 16:58:50
1989,29,746,2025-05-22 16:58:50,已参加,,,2025-05-22 16:58:50
1990,12,406,2025-05-22 16:58:50,已参加,,,2025-05-22 16:58:50
1991,8,100,2025-05-22 16:58:50,已参加,,,2025-05-22 16:58:50
1992,3,634,2025-05-22 16:58:50,已参加,,,2025-05-22 16:58:50
1993,9,575,2025-05-22 16:58:50,已参加,,,2025-05-22 16:58:50
1994,18,651,2025-05-22 16:58:50,已参加,,,2025-05-22 16:58:50
1995,44,26,2025-05-22 16:58:50,已参加,,,2025-05-22 16:58:50
1996,25,491,2025-05-22 16:58:50,已参加,,,2025-05-22 16:58:50
1997,4,936,2025-05-22 16:58:50,待审批,,,2025-05-22 16:58:50
1998,41,794,2025-05-22 16:58:50,已参加,,,2025-05-22 16:58:50
1999,9,442,2025-05-22 16:58:50,已批准,,,2025-05-22 16:58:50
2000,18,426,2025-05-22 16:58:50,已参加,,,2025-05-22 16:58:50
2001,45,1002,2025-05-27 19:18:31,已批准,已批准,1001,2025-05-27 19:19:19
2002,14,1002,2025-05-28 14:57:31,已批准,已批准,1001,2025-05-28 14:58:22
2003,20,1003,2025-05-28 15:00:34,已批准,已批准,1001,2025-05-28 15:01:03
2004,46,1004,2025-05-28 23:07:37,已批准,已批准,1001,2025-05-28 23:08:08
