1,3,658,2024-07-19,16:30:00,,,,2025-05-22 16:58:50
2,4,909,2023-07-10,16:00:00,,3,,2025-05-22 16:58:50
3,8,703,2024-01-16,09:15:00,,3,停车不太方便。,2025-05-22 16:58:50
4,3,830,2025-03-08,10:45:00,,,,2025-05-22 16:58:50
5,1,402,2023-10-11,14:45:00,,,,2025-05-22 16:58:50
6,10,346,2024-03-25,14:00:00,,4,,2025-05-22 16:58:50
7,8,450,2024-08-04,09:30:00,,5,,2025-05-22 16:58:50
8,3,9,2025-01-10,16:30:00,,5,,2025-05-22 16:58:50
9,11,810,2023-07-06,14:15:00,,5,,2025-05-22 16:58:50
10,9,418,2023-07-29,11:15:00,,5,,2025-05-22 16:58:50
11,5,235,2023-11-20,14:00:00,,5,,2025-05-22 16:58:50
12,8,655,2025-04-22,10:00:00,,5,,2025-05-22 16:58:50
13,6,644,2024-09-15,12:30:00,,,,2025-05-22 16:58:50
14,10,467,2023-12-12,10:30:00,,5,,2025-05-22 16:58:50
15,4,331,2025-04-29,13:45:00,,3,,2025-05-22 16:58:50
16,8,749,2024-12-10,13:15:00,,,,2025-05-22 16:58:50
17,5,216,2024-11-21,15:00:00,,3,,2025-05-22 16:58:50
18,2,890,2024-05-06,11:15:00,,3,,2025-05-22 16:58:50
19,7,348,2024-07-09,14:00:00,,5,讲解员专业知识丰富，讲解生动。,2025-05-22 16:58:50
20,3,527,2024-01-18,12:00:00,,5,,2025-05-22 16:58:50
21,8,623,2024-02-24,12:30:00,,4,,2025-05-22 16:58:50
22,6,845,2024-01-22,11:45:00,,3,,2025-05-22 16:58:50
23,8,333,2024-10-01,09:15:00,,3,,2025-05-22 16:58:50
24,7,269,2025-02-15,12:30:00,,,整体还不错，但有提升空间。,2025-05-22 16:58:50
25,8,71,2024-08-29,12:45:00,,,建议增加外语讲解服务。,2025-05-22 16:58:50
26,9,797,2024-05-29,13:00:00,,5,,2025-05-22 16:58:50
27,9,414,2024-01-19,15:00:00,,,整体还不错，但有提升空间。,2025-05-22 16:58:50
28,3,279,2024-07-06,15:00:00,,,,2025-05-22 16:58:50
29,3,157,2024-02-21,11:30:00,,,,2025-05-22 16:58:50
30,6,970,2023-08-21,14:15:00,,,,2025-05-22 16:58:50
31,6,189,2025-05-15,09:00:00,,3,,2025-05-22 16:58:50
32,11,320,2024-11-20,11:45:00,,,,2025-05-22 16:58:50
33,3,415,2025-05-10,11:30:00,,4,,2025-05-22 16:58:50
34,1,662,2024-12-16,16:00:00,,,,2025-05-22 16:58:50
35,8,215,2024-12-05,13:00:00,,,建议增加外语讲解服务。,2025-05-22 16:58:50
36,5,305,2024-03-31,16:45:00,,3,,2025-05-22 16:58:50
37,4,840,2025-02-05,15:45:00,,,部分展区很精彩，部分展区一般。,2025-05-22 16:58:50
38,1,587,2025-05-03,15:15:00,,,,2025-05-22 16:58:50
39,4,682,2025-04-29,11:00:00,,5,,2025-05-22 16:58:50
40,4,651,2023-08-17,12:30:00,,,整体还不错，但有提升空间。,2025-05-22 16:58:50
41,3,751,2024-08-24,10:45:00,,3,,2025-05-22 16:58:50
42,3,43,2025-05-07,09:45:00,,4,,2025-05-22 16:58:50
43,2,369,2023-07-22,16:30:00,,4,,2025-05-22 16:58:50
44,11,937,2023-07-21,15:45:00,,,,2025-05-22 16:58:50
45,1,610,2024-04-17,16:00:00,,,,2025-05-22 16:58:50
46,7,920,2023-08-25,10:30:00,,,部分展区很精彩，部分展区一般。,2025-05-22 16:58:50
47,1,523,2023-08-30,11:15:00,,,,2025-05-22 16:58:50
48,7,789,2023-08-10,09:45:00,,3,,2025-05-22 16:58:50
49,9,433,2024-02-04,15:15:00,,,,2025-05-22 16:58:50
50,6,609,2024-07-12,12:45:00,,3,整体还不错，但有提升空间。,2025-05-22 16:58:50
51,9,562,2024-05-08,10:30:00,,5,很适合带孩子来参观学习。,2025-05-22 16:58:50
52,9,197,2024-08-13,14:15:00,23,5,,2025-05-22 16:58:50
53,8,960,2025-05-21,13:30:00,,3,整体还不错，但有提升空间。,2025-05-22 16:58:50
54,8,71,2024-10-11,12:15:00,,,建议增加外语讲解服务。,2025-05-22 16:58:50
55,10,838,2025-04-13,11:45:00,,,,2025-05-22 16:58:50
56,4,794,2023-11-08,09:30:00,,4,,2025-05-22 16:58:50
57,4,778,2024-01-11,15:30:00,,3,,2025-05-22 16:58:50
58,8,220,2025-05-01,10:00:00,,,,2025-05-22 16:58:50
59,9,408,2025-03-16,12:45:00,,3,,2025-05-22 16:58:50
60,4,466,2024-11-09,12:00:00,,3,,2025-05-22 16:58:50
61,1,903,2024-11-12,11:30:00,,,,2025-05-22 16:58:50
62,5,819,2025-03-05,10:30:00,,3,停车不太方便。,2025-05-22 16:58:50
63,7,407,2024-10-13,11:45:00,,,,2025-05-22 16:58:50
64,1,715,2023-07-07,12:00:00,,,,2025-05-22 16:58:50
65,3,972,2024-01-04,13:00:00,,5,展览内容非常丰富，很有教育意义。,2025-05-22 16:58:50
66,3,936,2024-05-18,12:45:00,,,,2025-05-22 16:58:50
67,6,237,2025-04-25,12:45:00,,3,整体还不错，但有提升空间。,2025-05-22 16:58:50
68,8,382,2024-05-30,15:15:00,,,,2025-05-22 16:58:50
69,1,662,2024-10-17,16:45:00,,5,讲解员专业知识丰富，讲解生动。,2025-05-22 16:58:50
70,6,531,2024-12-03,13:00:00,,,希望能增加互动性的展品。,2025-05-22 16:58:50
71,9,498,2025-05-10,09:30:00,,5,,2025-05-22 16:58:50
72,3,30,2024-05-09,16:00:00,,,建议增加外语讲解服务。,2025-05-22 16:58:50
73,2,412,2023-10-01,12:30:00,,,,2025-05-22 16:58:50
74,7,547,2025-04-12,11:15:00,,5,,2025-05-22 16:58:50
75,9,820,2024-08-25,15:00:00,,4,,2025-05-22 16:58:50
76,3,402,2025-04-06,15:45:00,,4,讲解员专业知识丰富，讲解生动。,2025-05-22 16:58:50
77,3,926,2024-11-20,10:00:00,,,,2025-05-22 16:58:50
78,5,640,2025-05-05,09:15:00,,,,2025-05-22 16:58:50
79,3,977,2023-10-01,15:00:00,,3,,2025-05-22 16:58:50
80,2,549,2024-11-25,10:45:00,,,,2025-05-22 16:58:50
81,1,28,2023-05-28,15:45:00,,4,,2025-05-22 16:58:50
82,10,623,2024-11-10,16:45:00,,5,,2025-05-22 16:58:50
83,4,548,2024-04-20,11:30:00,,4,,2025-05-22 16:58:50
84,6,114,2024-08-07,14:45:00,29,4,活动组织得很好，环境舒适。,2025-05-22 16:58:50
85,4,793,2024-10-13,10:45:00,,4,,2025-05-22 16:58:50
86,6,976,2025-02-19,16:00:00,,4,,2025-05-22 16:58:50
87,7,293,2025-01-18,10:45:00,,,,2025-05-22 16:58:50
88,5,392,2023-12-22,12:15:00,,4,,2025-05-22 16:58:50
89,6,578,2024-06-22,14:45:00,29,4,很适合带孩子来参观学习。,2025-05-22 16:58:50
90,7,898,2024-04-10,12:15:00,,,,2025-05-22 16:58:50
91,11,233,2024-01-13,14:45:00,,,,2025-05-22 16:58:50
92,4,920,2023-07-03,11:00:00,,,,2025-05-22 16:58:50
93,3,640,2023-11-05,16:00:00,,4,,2025-05-22 16:58:50
94,2,460,2024-07-27,14:00:00,,5,,2025-05-22 16:58:50
95,5,173,2024-02-07,11:30:00,,,整体还不错，但有提升空间。,2025-05-22 16:58:50
96,8,300,2024-08-06,15:00:00,,4,,2025-05-22 16:58:50
97,5,368,2023-12-05,11:45:00,,,,2025-05-22 16:58:50
98,3,382,2024-06-10,12:15:00,,,,2025-05-22 16:58:50
99,1,238,2025-04-29,14:15:00,,,,2025-05-22 16:58:50
100,2,404,2025-02-26,10:45:00,,,,2025-05-22 16:58:50
101,8,796,2023-09-24,16:15:00,,,,2025-05-22 16:58:50
102,1,377,2023-11-30,09:15:00,,5,交通便利，设施完善。,2025-05-22 16:58:50
103,1,307,2024-12-03,14:45:00,,3,,2025-05-22 16:58:50
104,4,474,2025-03-31,14:30:00,,,希望能增加互动性的展品。,2025-05-22 16:58:50
105,3,542,2024-11-02,11:15:00,,4,,2025-05-22 16:58:50
106,9,659,2025-04-08,16:45:00,,,,2025-05-22 16:58:50
107,2,264,2024-06-07,13:00:00,,4,,2025-05-22 16:58:50
108,10,556,2025-04-04,15:45:00,,4,,2025-05-22 16:58:50
109,10,847,2024-06-29,11:30:00,,,,2025-05-22 16:58:50
110,7,698,2024-10-07,12:45:00,,5,活动组织得很好，环境舒适。,2025-05-22 16:58:50
111,1,720,2024-08-13,15:30:00,,,停车不太方便。,2025-05-22 16:58:50
112,6,482,2024-11-07,10:30:00,,5,,2025-05-22 16:58:50
113,7,858,2023-06-25,14:00:00,,3,,2025-05-22 16:58:50
114,1,216,2025-02-17,12:45:00,,5,,2025-05-22 16:58:50
115,2,504,2024-08-20,10:45:00,,5,,2025-05-22 16:58:50
116,11,688,2024-07-11,13:15:00,,,,2025-05-22 16:58:50
117,1,300,2024-06-10,10:00:00,,3,,2025-05-22 16:58:50
118,6,396,2024-07-31,13:30:00,,3,,2025-05-22 16:58:50
119,11,632,2025-02-09,11:00:00,,5,,2025-05-22 16:58:50
120,7,933,2024-12-12,09:30:00,,,,2025-05-22 16:58:50
121,10,96,2024-06-11,11:30:00,,3,,2025-05-22 16:58:50
122,2,681,2024-02-28,15:15:00,,3,,2025-05-22 16:58:50
123,3,253,2023-09-04,13:15:00,,,,2025-05-22 16:58:50
124,3,90,2025-01-06,14:15:00,,,,2025-05-22 16:58:50
125,3,732,2024-02-14,14:45:00,,3,,2025-05-22 16:58:50
126,9,79,2025-05-20,11:00:00,,5,,2025-05-22 16:58:50
127,4,142,2024-09-19,10:00:00,,5,,2025-05-22 16:58:50
128,4,30,2023-09-28,12:30:00,,5,,2025-05-22 16:58:50
129,5,281,2025-02-28,10:30:00,,4,,2025-05-22 16:58:50
130,3,909,2024-04-07,14:15:00,,5,,2025-05-22 16:58:50
131,2,214,2023-07-18,12:45:00,,3,,2025-05-22 16:58:50
132,2,459,2024-11-16,14:00:00,,,,2025-05-22 16:58:50
133,3,977,2025-04-16,13:15:00,,4,,2025-05-22 16:58:50
134,5,978,2025-03-22,09:30:00,,5,,2025-05-22 16:58:50
135,2,998,2024-06-29,09:00:00,,4,,2025-05-22 16:58:50
136,7,23,2024-01-23,10:15:00,,5,,2025-05-22 16:58:50
137,4,651,2025-02-08,10:15:00,,3,,2025-05-22 16:58:50
138,2,405,2024-05-24,13:30:00,,,,2025-05-22 16:58:50
139,3,846,2025-01-06,09:30:00,,5,,2025-05-22 16:58:50
140,4,202,2025-01-16,16:15:00,,,建议增加外语讲解服务。,2025-05-22 16:58:50
141,10,963,2024-02-22,16:45:00,,4,,2025-05-22 16:58:50
142,1,583,2024-05-17,15:45:00,,,,2025-05-22 16:58:50
143,4,478,2024-06-12,15:00:00,,4,,2025-05-22 16:58:50
144,9,278,2024-10-06,09:00:00,,,,2025-05-22 16:58:50
145,5,52,2025-01-23,10:15:00,,4,讲解员专业知识丰富，讲解生动。,2025-05-22 16:58:50
146,3,528,2024-07-04,16:15:00,,4,,2025-05-22 16:58:50
147,4,620,2025-05-03,10:30:00,,,,2025-05-22 16:58:50
148,5,634,2025-01-21,14:30:00,,,,2025-05-22 16:58:50
149,1,435,2025-03-05,09:00:00,,4,,2025-05-22 16:58:50
150,1,361,2024-08-17,14:30:00,,3,,2025-05-22 16:58:50
151,6,451,2024-07-11,12:45:00,29,4,,2025-05-22 16:58:50
152,10,18,2024-01-04,12:30:00,,,希望能增加互动性的展品。,2025-05-22 16:58:50
153,9,88,2024-10-19,09:30:00,,,,2025-05-22 16:58:50
154,7,39,2023-09-13,15:30:00,,5,,2025-05-22 16:58:50
155,4,217,2024-05-29,11:45:00,,,,2025-05-22 16:58:50
156,11,519,2025-03-12,16:00:00,,4,,2025-05-22 16:58:50
157,3,151,2023-10-11,12:30:00,,4,很适合带孩子来参观学习。,2025-05-22 16:58:50
158,1,864,2024-07-11,14:30:00,,5,,2025-05-22 16:58:50
159,10,335,2024-09-08,13:45:00,,,,2025-05-22 16:58:50
160,5,423,2023-12-17,10:00:00,,4,,2025-05-22 16:58:50
161,8,809,2023-09-04,14:30:00,,,希望能增加互动性的展品。,2025-05-22 16:58:50
162,6,420,2024-11-09,11:45:00,,5,,2025-05-22 16:58:50
163,9,961,2024-07-10,10:30:00,,,,2025-05-22 16:58:50
164,3,831,2024-01-23,12:15:00,,3,,2025-05-22 16:58:50
165,5,63,2024-01-12,12:15:00,,,,2025-05-22 16:58:50
166,7,95,2024-12-02,11:15:00,,3,,2025-05-22 16:58:50
167,7,796,2024-10-13,11:15:00,,5,,2025-05-22 16:58:50
168,6,488,2023-11-13,09:45:00,,,,2025-05-22 16:58:50
169,5,596,2023-12-07,10:45:00,,3,希望能增加互动性的展品。,2025-05-22 16:58:50
170,7,707,2024-05-14,12:00:00,,,停车不太方便。,2025-05-22 16:58:50
171,7,981,2024-01-20,13:00:00,,3,,2025-05-22 16:58:50
172,4,721,2025-02-21,09:15:00,,,,2025-05-22 16:58:50
173,11,870,2024-06-01,11:45:00,,4,,2025-05-22 16:58:50
174,9,19,2024-08-02,09:15:00,,,,2025-05-22 16:58:50
175,7,356,2023-06-10,15:00:00,,,,2025-05-22 16:58:50
176,11,320,2023-06-30,12:45:00,,5,,2025-05-22 16:58:50
177,7,4,2023-11-15,15:30:00,,3,停车不太方便。,2025-05-22 16:58:50
178,2,1001,2024-06-09,13:15:00,,5,,2025-05-22 16:58:50
179,5,731,2024-10-08,16:45:00,,5,讲解员专业知识丰富，讲解生动。,2025-05-22 16:58:50
180,6,752,2024-12-23,15:45:00,,,,2025-05-22 16:58:50
181,2,663,2024-10-14,15:30:00,,,,2025-05-22 16:58:50
182,11,322,2024-10-07,09:30:00,,,建议增加外语讲解服务。,2025-05-22 16:58:50
183,7,263,2024-02-20,16:30:00,,,,2025-05-22 16:58:50
184,4,679,2024-12-14,10:00:00,49,5,,2025-05-22 16:58:50
185,9,989,2023-09-12,09:45:00,,3,,2025-05-22 16:58:50
186,4,9,2024-11-25,11:15:00,,4,,2025-05-22 16:58:50
187,3,283,2025-02-26,11:00:00,,3,部分展区很精彩，部分展区一般。,2025-05-22 16:58:50
188,10,635,2025-02-19,15:15:00,,,,2025-05-22 16:58:50
189,9,99,2024-04-23,15:30:00,,3,,2025-05-22 16:58:50
190,1,971,2025-02-10,14:00:00,,4,,2025-05-22 16:58:50
191,7,219,2024-10-14,12:00:00,,3,,2025-05-22 16:58:50
192,6,560,2025-03-02,09:00:00,,,,2025-05-22 16:58:50
193,1,931,2025-01-11,16:15:00,,5,,2025-05-22 16:58:50
194,1,383,2024-08-04,15:15:00,,4,,2025-05-22 16:58:50
195,2,344,2023-11-23,12:15:00,,4,,2025-05-22 16:58:50
196,8,939,2024-09-03,15:15:00,,,,2025-05-22 16:58:50
197,2,501,2023-08-01,10:00:00,,,部分展区很精彩，部分展区一般。,2025-05-22 16:58:50
198,1,451,2025-05-03,14:30:00,,5,很适合带孩子来参观学习。,2025-05-22 16:58:50
199,6,501,2025-03-03,16:30:00,,4,,2025-05-22 16:58:50
200,7,911,2024-01-14,13:00:00,,4,,2025-05-22 16:58:50
201,7,270,2024-11-12,09:15:00,,3,建议增加外语讲解服务。,2025-05-22 16:58:50
202,2,282,2024-12-04,12:00:00,,3,部分展区很精彩，部分展区一般。,2025-05-22 16:58:50
203,8,720,2024-01-13,11:30:00,,5,,2025-05-22 16:58:50
204,3,418,2024-07-16,10:15:00,,3,,2025-05-22 16:58:50
205,7,548,2024-05-30,15:45:00,,,,2025-05-22 16:58:50
206,8,251,2024-06-11,15:00:00,,4,,2025-05-22 16:58:50
207,3,741,2025-04-07,16:45:00,,3,,2025-05-22 16:58:50
208,6,173,2025-04-01,10:00:00,,4,,2025-05-22 16:58:50
209,5,383,2024-02-06,14:30:00,,4,,2025-05-22 16:58:50
210,1,548,2024-03-13,10:30:00,,4,,2025-05-22 16:58:50
211,5,906,2024-09-27,15:30:00,,5,,2025-05-22 16:58:50
212,7,689,2024-06-08,10:45:00,,,,2025-05-22 16:58:50
213,5,295,2024-01-06,14:00:00,,5,很适合带孩子来参观学习。,2025-05-22 16:58:50
214,4,974,2024-03-05,15:15:00,,,,2025-05-22 16:58:50
215,5,124,2025-01-19,15:30:00,,,,2025-05-22 16:58:50
216,9,986,2025-02-17,09:00:00,,5,,2025-05-22 16:58:50
217,2,593,2024-02-05,16:30:00,,,,2025-05-22 16:58:50
218,6,260,2024-07-06,15:30:00,,,,2025-05-22 16:58:50
219,9,976,2024-09-28,12:45:00,23,,,2025-05-22 16:58:50
220,5,2,2024-02-24,13:15:00,,5,,2025-05-22 16:58:50
221,9,225,2025-01-21,14:00:00,,3,建议增加外语讲解服务。,2025-05-22 16:58:50
222,5,787,2023-10-26,16:30:00,,4,展览内容非常丰富，很有教育意义。,2025-05-22 16:58:50
223,6,184,2024-10-11,09:45:00,,,,2025-05-22 16:58:50
224,6,503,2024-08-23,16:15:00,,3,,2025-05-22 16:58:50
225,11,490,2025-05-13,12:45:00,,5,,2025-05-22 16:58:50
226,2,600,2024-07-12,15:00:00,,5,,2025-05-22 16:58:50
227,1,491,2025-01-20,10:00:00,,,,2025-05-22 16:58:50
228,5,936,2024-08-29,10:45:00,,,,2025-05-22 16:58:50
229,7,125,2024-10-19,10:30:00,,,,2025-05-22 16:58:50
230,7,897,2024-09-18,10:30:00,,4,活动组织得很好，环境舒适。,2025-05-22 16:58:50
231,6,791,2025-04-22,13:30:00,,,,2025-05-22 16:58:50
232,9,482,2023-07-05,13:45:00,,3,,2025-05-22 16:58:50
233,4,224,2024-05-12,09:45:00,,,,2025-05-22 16:58:50
234,3,312,2024-03-10,11:30:00,,3,希望能增加互动性的展品。,2025-05-22 16:58:50
235,6,172,2024-08-04,11:45:00,,,部分展区很精彩，部分展区一般。,2025-05-22 16:58:50
236,9,424,2024-08-25,09:30:00,23,,,2025-05-22 16:58:50
237,3,758,2024-12-07,09:15:00,,5,,2025-05-22 16:58:50
238,5,575,2025-04-27,09:30:00,,5,展览内容非常丰富，很有教育意义。,2025-05-22 16:58:50
239,8,117,2024-04-17,10:00:00,,4,,2025-05-22 16:58:50
240,5,503,2025-02-05,09:15:00,,4,,2025-05-22 16:58:50
241,5,885,2024-11-03,10:00:00,,3,,2025-05-22 16:58:50
242,9,304,2024-09-30,16:45:00,,,,2025-05-22 16:58:50
243,5,783,2023-09-22,12:15:00,,,,2025-05-22 16:58:50
244,2,942,2024-09-21,15:00:00,,3,,2025-05-22 16:58:50
245,9,775,2024-09-02,13:00:00,,,,2025-05-22 16:58:50
246,1,917,2024-05-27,11:30:00,,4,,2025-05-22 16:58:50
247,4,612,2024-02-12,12:30:00,,3,整体还不错，但有提升空间。,2025-05-22 16:58:50
248,6,793,2025-04-26,11:30:00,,5,,2025-05-22 16:58:50
249,11,140,2023-08-14,16:45:00,,3,希望能增加互动性的展品。,2025-05-22 16:58:50
250,2,868,2024-04-01,12:30:00,,3,停车不太方便。,2025-05-22 16:58:50
251,6,679,2024-09-30,11:45:00,,,,2025-05-22 16:58:50
252,11,51,2023-11-03,14:15:00,,5,讲解员专业知识丰富，讲解生动。,2025-05-22 16:58:50
253,8,354,2024-12-10,10:15:00,,5,,2025-05-22 16:58:50
254,9,584,2024-03-31,09:45:00,,5,,2025-05-22 16:58:50
255,9,992,2024-11-25,13:45:00,,3,,2025-05-22 16:58:50
256,6,415,2025-02-07,15:30:00,,3,,2025-05-22 16:58:50
257,7,336,2024-10-18,13:15:00,,5,,2025-05-22 16:58:50
258,3,452,2024-11-12,10:15:00,,5,,2025-05-22 16:58:50
259,6,185,2024-03-11,14:30:00,,5,,2025-05-22 16:58:50
260,3,220,2024-06-16,13:30:00,,3,希望能增加互动性的展品。,2025-05-22 16:58:50
261,6,882,2024-10-19,16:30:00,,5,,2025-05-22 16:58:50
262,5,40,2024-08-13,10:30:00,,,,2025-05-22 16:58:50
263,6,604,2023-08-31,10:15:00,,4,,2025-05-22 16:58:50
264,4,655,2024-09-24,09:45:00,,5,,2025-05-22 16:58:50
265,8,348,2024-07-18,16:15:00,,5,,2025-05-22 16:58:50
266,5,573,2025-04-10,10:00:00,,3,,2025-05-22 16:58:50
267,2,120,2024-11-29,09:00:00,,,,2025-05-22 16:58:50
268,8,819,2024-11-13,13:30:00,37,4,,2025-05-22 16:58:50
269,3,723,2024-08-26,12:00:00,,3,,2025-05-22 16:58:50
270,5,481,2024-05-31,11:45:00,,3,,2025-05-22 16:58:50
271,5,794,2024-12-20,13:45:00,,,建议增加外语讲解服务。,2025-05-22 16:58:50
272,4,495,2024-05-29,13:00:00,,5,,2025-05-22 16:58:50
273,10,50,2025-02-25,14:45:00,,5,展览内容非常丰富，很有教育意义。,2025-05-22 16:58:50
274,9,173,2025-04-20,13:15:00,,5,,2025-05-22 16:58:50
275,6,319,2023-06-16,12:45:00,,4,活动组织得很好，环境舒适。,2025-05-22 16:58:50
276,4,390,2023-10-16,14:00:00,,3,部分展区很精彩，部分展区一般。,2025-05-22 16:58:50
277,3,183,2024-08-27,14:00:00,,,部分展区很精彩，部分展区一般。,2025-05-22 16:58:50
278,1,616,2024-12-30,16:15:00,,,希望能增加互动性的展品。,2025-05-22 16:58:50
279,5,865,2024-12-24,13:15:00,,4,,2025-05-22 16:58:50
280,2,668,2023-08-09,10:00:00,,3,,2025-05-22 16:58:50
281,6,233,2024-12-03,09:30:00,,,,2025-05-22 16:58:50
282,6,826,2023-11-04,14:00:00,,3,,2025-05-22 16:58:50
283,7,445,2023-07-07,10:00:00,,,,2025-05-22 16:58:50
284,8,851,2023-09-08,12:00:00,,,整体还不错，但有提升空间。,2025-05-22 16:58:50
285,8,761,2024-07-11,14:45:00,,5,,2025-05-22 16:58:50
286,5,582,2023-06-22,11:15:00,,,停车不太方便。,2025-05-22 16:58:50
287,2,91,2024-04-05,16:45:00,,5,,2025-05-22 16:58:50
288,11,971,2024-09-07,10:00:00,,5,,2025-05-22 16:58:50
289,4,598,2024-08-27,13:30:00,,5,展览内容非常丰富，很有教育意义。,2025-05-22 16:58:50
290,5,83,2024-12-05,14:45:00,,4,讲解员专业知识丰富，讲解生动。,2025-05-22 16:58:50
291,9,470,2023-09-24,14:00:00,,5,,2025-05-22 16:58:50
292,5,594,2023-11-04,12:15:00,,,,2025-05-22 16:58:50
293,9,719,2024-09-04,09:45:00,23,,,2025-05-22 16:58:50
294,8,926,2023-07-20,16:15:00,,3,,2025-05-22 16:58:50
295,2,507,2024-04-08,11:00:00,,,,2025-05-22 16:58:50
296,2,495,2023-07-17,09:00:00,,5,,2025-05-22 16:58:50
297,6,712,2023-09-20,09:00:00,,,希望能增加互动性的展品。,2025-05-22 16:58:50
298,1,168,2025-02-27,14:00:00,,5,,2025-05-22 16:58:50
299,11,472,2024-09-05,10:45:00,,,建议增加外语讲解服务。,2025-05-22 16:58:50
300,11,507,2025-01-22,15:15:00,,,,2025-05-22 16:58:50
301,1,430,2024-10-25,13:30:00,,,,2025-05-22 16:58:50
302,5,605,2025-04-04,12:15:00,,,,2025-05-22 16:58:50
303,6,662,2024-03-11,09:00:00,,5,交通便利，设施完善。,2025-05-22 16:58:50
304,9,347,2024-12-29,11:00:00,,4,,2025-05-22 16:58:50
305,1,872,2024-09-30,14:30:00,,,,2025-05-22 16:58:50
306,5,181,2024-01-23,11:30:00,,5,,2025-05-22 16:58:50
307,9,827,2023-09-25,15:45:00,,,,2025-05-22 16:58:50
308,9,348,2024-12-11,12:15:00,,4,交通便利，设施完善。,2025-05-22 16:58:50
309,9,487,2023-10-04,16:15:00,,,,2025-05-22 16:58:50
310,8,363,2023-12-24,13:15:00,,3,,2025-05-22 16:58:50
311,7,751,2025-02-21,14:00:00,,,,2025-05-22 16:58:50
312,2,775,2024-10-09,12:45:00,,4,展览内容非常丰富，很有教育意义。,2025-05-22 16:58:50
313,6,612,2024-10-31,12:30:00,,,整体还不错，但有提升空间。,2025-05-22 16:58:50
314,9,399,2024-07-06,09:45:00,23,,,2025-05-22 16:58:50
315,4,415,2025-02-26,11:45:00,,4,,2025-05-22 16:58:50
316,5,812,2023-07-31,15:15:00,,,停车不太方便。,2025-05-22 16:58:50
317,1,411,2025-02-02,11:15:00,,,部分展区很精彩，部分展区一般。,2025-05-22 16:58:50
318,5,592,2024-04-17,14:30:00,,5,,2025-05-22 16:58:50
319,5,617,2023-11-06,09:45:00,,3,,2025-05-22 16:58:50
320,4,629,2024-08-22,14:30:00,,,,2025-05-22 16:58:50
321,5,679,2025-05-17,10:45:00,,4,,2025-05-22 16:58:50
322,5,656,2024-10-18,10:30:00,,5,交通便利，设施完善。,2025-05-22 16:58:50
323,1,321,2024-10-18,10:00:00,,,,2025-05-22 16:58:50
324,1,274,2024-07-12,15:15:00,,,,2025-05-22 16:58:50
325,5,102,2025-04-14,15:00:00,,,,2025-05-22 16:58:50
326,8,523,2024-10-10,14:30:00,,3,,2025-05-22 16:58:50
327,8,795,2024-11-02,14:00:00,37,4,很适合带孩子来参观学习。,2025-05-22 16:58:50
328,6,189,2025-01-07,14:45:00,,,建议增加外语讲解服务。,2025-05-22 16:58:50
329,9,33,2025-03-04,16:30:00,,,,2025-05-22 16:58:50
330,3,464,2025-04-24,09:00:00,,3,,2025-05-22 16:58:50
331,3,567,2024-07-31,09:45:00,,4,,2025-05-22 16:58:50
332,4,210,2024-08-28,10:45:00,,,,2025-05-22 16:58:50
333,11,784,2023-08-23,16:00:00,,5,,2025-05-22 16:58:50
334,4,843,2023-10-10,11:45:00,,,,2025-05-22 16:58:50
335,8,729,2024-11-02,16:00:00,37,4,交通便利，设施完善。,2025-05-22 16:58:50
336,8,672,2024-09-04,14:00:00,,4,,2025-05-22 16:58:50
337,9,366,2024-08-14,10:00:00,,5,,2025-05-22 16:58:50
338,5,970,2023-07-27,13:15:00,,4,,2025-05-22 16:58:50
339,5,528,2025-02-19,13:00:00,,4,讲解员专业知识丰富，讲解生动。,2025-05-22 16:58:50
340,3,459,2023-11-22,09:45:00,,,,2025-05-22 16:58:50
341,3,326,2023-09-24,10:30:00,,4,讲解员专业知识丰富，讲解生动。,2025-05-22 16:58:50
342,2,306,2023-10-19,09:30:00,,4,,2025-05-22 16:58:50
343,1,816,2023-08-28,12:15:00,,,,2025-05-22 16:58:50
344,4,665,2024-10-17,11:45:00,,5,,2025-05-22 16:58:50
345,6,635,2024-01-26,13:00:00,,5,,2025-05-22 16:58:50
346,7,886,2025-04-19,09:00:00,,,建议增加外语讲解服务。,2025-05-22 16:58:50
347,1,236,2023-10-26,14:15:00,,,,2025-05-22 16:58:50
348,1,513,2024-08-03,13:15:00,,,,2025-05-22 16:58:50
349,8,187,2024-03-20,10:15:00,,,,2025-05-22 16:58:50
350,1,938,2024-11-05,13:00:00,,3,,2025-05-22 16:58:50
351,1,183,2025-01-08,11:15:00,,3,,2025-05-22 16:58:50
352,6,101,2024-12-27,16:00:00,,5,,2025-05-22 16:58:50
353,11,561,2024-11-24,15:15:00,,,,2025-05-22 16:58:50
354,8,705,2023-05-26,15:15:00,,5,,2025-05-22 16:58:50
355,5,949,2023-06-29,16:15:00,,,,2025-05-22 16:58:50
356,8,662,2023-08-26,13:00:00,,,,2025-05-22 16:58:50
357,4,805,2025-02-26,16:00:00,,,,2025-05-22 16:58:50
358,5,434,2024-12-02,12:15:00,,3,,2025-05-22 16:58:50
359,1,617,2025-01-14,13:45:00,,,,2025-05-22 16:58:50
360,10,927,2025-04-16,13:30:00,,4,,2025-05-22 16:58:50
361,10,178,2025-01-07,09:00:00,,,整体还不错，但有提升空间。,2025-05-22 16:58:50
362,3,617,2025-03-19,13:15:00,,4,,2025-05-22 16:58:50
363,8,699,2025-03-15,16:15:00,,4,,2025-05-22 16:58:50
364,1,426,2025-01-02,09:45:00,,3,,2025-05-22 16:58:50
365,3,195,2025-03-21,09:45:00,,3,停车不太方便。,2025-05-22 16:58:50
366,2,847,2023-09-25,09:45:00,,3,,2025-05-22 16:58:50
367,1,934,2024-12-26,15:30:00,,5,,2025-05-22 16:58:50
368,5,6,2024-07-26,09:15:00,,3,整体还不错，但有提升空间。,2025-05-22 16:58:50
369,5,468,2025-01-11,12:15:00,,,,2025-05-22 16:58:50
370,3,239,2024-08-14,14:45:00,,4,,2025-05-22 16:58:50
371,4,251,2025-04-15,12:15:00,,3,停车不太方便。,2025-05-22 16:58:50
372,8,618,2024-06-11,13:30:00,,,,2025-05-22 16:58:50
373,10,803,2023-07-22,13:45:00,,,,2025-05-22 16:58:50
374,7,212,2024-11-21,14:15:00,,5,,2025-05-22 16:58:50
375,11,772,2024-01-04,13:30:00,,4,,2025-05-22 16:58:50
376,4,500,2024-07-07,10:45:00,,,,2025-05-22 16:58:50
377,5,892,2024-03-18,14:30:00,,,,2025-05-22 16:58:50
378,11,992,2024-07-20,15:45:00,,4,讲解员专业知识丰富，讲解生动。,2025-05-22 16:58:50
379,5,833,2024-06-19,13:00:00,,,部分展区很精彩，部分展区一般。,2025-05-22 16:58:50
380,1,235,2024-04-17,16:30:00,,,建议增加外语讲解服务。,2025-05-22 16:58:50
381,1,265,2023-11-08,15:15:00,,3,,2025-05-22 16:58:50
382,8,513,2024-10-18,11:15:00,39,3,,2025-05-22 16:58:50
383,5,463,2023-06-23,11:30:00,,4,,2025-05-22 16:58:50
384,3,860,2024-05-25,10:15:00,,,,2025-05-22 16:58:50
385,8,770,2024-09-23,12:15:00,39,,,2025-05-22 16:58:50
386,9,586,2023-12-20,10:30:00,,3,,2025-05-22 16:58:50
387,7,352,2025-05-17,16:15:00,,5,,2025-05-22 16:58:50
388,8,796,2024-08-24,09:30:00,,,,2025-05-22 16:58:50
389,3,944,2024-10-16,13:15:00,,5,,2025-05-22 16:58:50
390,9,64,2024-11-09,12:30:00,,4,,2025-05-22 16:58:50
391,5,987,2025-03-22,16:30:00,,5,,2025-05-22 16:58:50
392,2,671,2024-12-17,09:00:00,,4,,2025-05-22 16:58:50
393,9,534,2024-07-03,15:00:00,,3,,2025-05-22 16:58:50
394,7,718,2024-08-05,10:30:00,,5,,2025-05-22 16:58:50
395,9,407,2024-12-05,12:00:00,,3,,2025-05-22 16:58:50
396,6,627,2024-05-03,10:00:00,,5,,2025-05-22 16:58:50
397,3,223,2025-03-30,14:00:00,,,,2025-05-22 16:58:50
398,1,141,2024-10-10,13:15:00,,,,2025-05-22 16:58:50
399,11,502,2023-09-12,10:45:00,,,,2025-05-22 16:58:50
400,5,281,2023-12-23,10:00:00,,4,活动组织得很好，环境舒适。,2025-05-22 16:58:50
401,6,806,2023-10-07,12:15:00,,,,2025-05-22 16:58:50
402,9,590,2025-03-30,16:15:00,,4,展览内容非常丰富，很有教育意义。,2025-05-22 16:58:50
403,3,777,2024-01-20,10:45:00,,,,2025-05-22 16:58:50
404,6,31,2024-07-05,09:30:00,,4,,2025-05-22 16:58:50
405,11,672,2025-04-10,16:00:00,,5,,2025-05-22 16:58:50
406,2,494,2024-03-31,16:30:00,,4,活动组织得很好，环境舒适。,2025-05-22 16:58:50
407,10,294,2023-07-03,12:15:00,,4,很适合带孩子来参观学习。,2025-05-22 16:58:50
408,11,533,2024-12-27,11:00:00,,,希望能增加互动性的展品。,2025-05-22 16:58:50
409,4,670,2024-09-11,13:45:00,,,,2025-05-22 16:58:50
410,8,981,2025-04-17,14:45:00,,3,停车不太方便。,2025-05-22 16:58:50
411,5,133,2025-04-04,13:15:00,,,,2025-05-22 16:58:50
412,8,378,2023-09-15,11:00:00,,,,2025-05-22 16:58:50
413,1,50,2024-07-22,14:45:00,,,,2025-05-22 16:58:50
414,6,50,2024-08-18,16:45:00,,,,2025-05-22 16:58:50
415,1,604,2023-09-18,11:45:00,,,停车不太方便。,2025-05-22 16:58:50
416,8,661,2024-08-14,11:00:00,,,,2025-05-22 16:58:50
417,1,381,2024-11-08,14:30:00,,,,2025-05-22 16:58:50
418,2,810,2024-07-18,13:30:00,44,,,2025-05-22 16:58:50
419,9,366,2024-01-12,14:30:00,,5,,2025-05-22 16:58:50
420,9,763,2024-10-20,15:00:00,,4,,2025-05-22 16:58:50
421,7,930,2025-01-07,11:45:00,,5,,2025-05-22 16:58:50
422,3,217,2024-04-24,09:00:00,,4,很适合带孩子来参观学习。,2025-05-22 16:58:50
423,2,464,2024-08-09,09:30:00,,5,交通便利，设施完善。,2025-05-22 16:58:50
424,4,461,2025-04-26,14:15:00,,,,2025-05-22 16:58:50
425,5,54,2024-08-19,10:30:00,,,,2025-05-22 16:58:50
426,3,272,2024-07-19,12:45:00,,5,,2025-05-22 16:58:50
427,5,339,2024-10-24,13:30:00,,,,2025-05-22 16:58:50
428,7,708,2023-06-14,11:30:00,,3,,2025-05-22 16:58:50
429,7,11,2023-09-01,09:00:00,,,,2025-05-22 16:58:50
430,9,409,2025-04-05,16:30:00,,3,,2025-05-22 16:58:50
431,1,81,2023-12-23,15:45:00,,4,,2025-05-22 16:58:50
432,8,780,2024-06-05,14:45:00,,3,希望能增加互动性的展品。,2025-05-22 16:58:50
433,1,916,2025-05-08,14:00:00,,5,,2025-05-22 16:58:50
434,7,499,2023-07-16,16:45:00,,5,,2025-05-22 16:58:50
435,6,484,2024-12-04,15:45:00,,3,,2025-05-22 16:58:50
436,9,623,2024-11-16,09:45:00,,,部分展区很精彩，部分展区一般。,2025-05-22 16:58:50
437,8,577,2023-08-10,13:15:00,,5,活动组织得很好，环境舒适。,2025-05-22 16:58:50
438,1,846,2023-09-24,16:15:00,,,,2025-05-22 16:58:50
439,2,452,2025-05-14,09:30:00,,,,2025-05-22 16:58:50
440,4,916,2024-07-29,14:15:00,,,,2025-05-22 16:58:50
441,11,750,2024-04-14,11:30:00,,,,2025-05-22 16:58:50
442,2,465,2024-05-06,11:45:00,,4,,2025-05-22 16:58:50
443,9,20,2025-01-22,09:30:00,,3,,2025-05-22 16:58:50
444,8,637,2024-06-19,10:15:00,,,,2025-05-22 16:58:50
445,7,816,2023-11-01,12:15:00,,5,,2025-05-22 16:58:50
446,7,655,2024-04-30,09:30:00,,3,,2025-05-22 16:58:50
447,3,815,2025-05-20,10:15:00,,3,,2025-05-22 16:58:50
448,3,453,2025-01-19,11:30:00,,,停车不太方便。,2025-05-22 16:58:50
449,1,879,2025-01-29,10:45:00,,,,2025-05-22 16:58:50
450,2,210,2025-03-18,09:00:00,,,,2025-05-22 16:58:50
451,10,26,2025-01-03,16:15:00,,5,,2025-05-22 16:58:50
452,6,720,2025-05-11,11:30:00,,3,,2025-05-22 16:58:50
453,4,744,2025-03-18,16:45:00,,,,2025-05-22 16:58:50
454,4,351,2024-10-02,09:15:00,,,,2025-05-22 16:58:50
455,3,943,2025-02-17,15:30:00,,,停车不太方便。,2025-05-22 16:58:50
456,2,816,2025-02-24,16:15:00,,5,很适合带孩子来参观学习。,2025-05-22 16:58:50
457,7,624,2024-03-03,10:00:00,,3,,2025-05-22 16:58:50
458,8,325,2024-02-23,15:45:00,,,,2025-05-22 16:58:50
459,8,239,2024-07-21,13:30:00,,4,展览内容非常丰富，很有教育意义。,2025-05-22 16:58:50
460,9,283,2024-09-21,15:30:00,,,,2025-05-22 16:58:50
461,8,75,2025-05-15,16:30:00,,3,希望能增加互动性的展品。,2025-05-22 16:58:50
462,1,588,2023-06-06,11:30:00,,3,整体还不错，但有提升空间。,2025-05-22 16:58:50
463,5,118,2023-09-30,10:45:00,,,,2025-05-22 16:58:50
464,1,606,2024-04-09,16:30:00,,,,2025-05-22 16:58:50
465,8,690,2023-07-07,16:00:00,,,,2025-05-22 16:58:50
466,11,859,2024-11-26,12:45:00,,,,2025-05-22 16:58:50
467,2,602,2024-10-24,12:15:00,,,,2025-05-22 16:58:50
468,9,959,2024-01-14,10:30:00,,,,2025-05-22 16:58:50
469,3,373,2025-05-11,09:00:00,,5,,2025-05-22 16:58:50
470,8,527,2024-10-31,13:15:00,,5,,2025-05-22 16:58:50
471,4,448,2023-08-15,11:15:00,,3,,2025-05-22 16:58:50
472,3,492,2024-11-02,13:15:00,,,,2025-05-22 16:58:50
473,3,155,2025-05-02,16:45:00,,5,,2025-05-22 16:58:50
474,3,395,2024-09-08,09:00:00,,,,2025-05-22 16:58:50
475,8,421,2024-11-23,11:30:00,,,,2025-05-22 16:58:50
476,2,114,2023-10-10,14:45:00,,4,,2025-05-22 16:58:50
477,8,590,2024-04-17,09:30:00,,3,,2025-05-22 16:58:50
478,3,278,2025-02-07,12:00:00,,5,,2025-05-22 16:58:50
479,1,205,2024-02-24,14:15:00,,4,,2025-05-22 16:58:50
480,9,895,2023-09-08,14:45:00,,4,,2025-05-22 16:58:50
481,6,205,2024-02-06,10:45:00,,,,2025-05-22 16:58:50
482,7,326,2024-07-26,12:30:00,,3,,2025-05-22 16:58:50
483,7,734,2024-11-17,11:30:00,,4,,2025-05-22 16:58:50
484,2,169,2024-09-01,13:30:00,,4,,2025-05-22 16:58:50
485,1,630,2024-02-21,10:30:00,,,,2025-05-22 16:58:50
486,4,672,2024-07-17,10:00:00,,5,,2025-05-22 16:58:50
487,5,595,2023-12-20,12:00:00,,,停车不太方便。,2025-05-22 16:58:50
488,3,152,2024-07-29,15:15:00,,,,2025-05-22 16:58:50
489,3,298,2023-11-11,10:15:00,,,,2025-05-22 16:58:50
490,1,831,2023-12-09,16:00:00,,,,2025-05-22 16:58:50
491,6,515,2024-10-31,10:30:00,,,,2025-05-22 16:58:50
492,4,269,2024-06-19,09:00:00,,5,,2025-05-22 16:58:50
493,4,718,2024-06-20,15:30:00,,4,,2025-05-22 16:58:50
494,5,2,2025-05-10,13:00:00,,4,,2025-05-22 16:58:50
495,1,499,2024-08-28,14:15:00,,3,,2025-05-22 16:58:50
496,8,508,2025-02-24,15:00:00,,,,2025-05-22 16:58:50
497,1,765,2025-01-12,12:45:00,,3,,2025-05-22 16:58:50
498,9,199,2025-02-23,10:45:00,,3,,2025-05-22 16:58:50
499,7,187,2025-04-28,09:00:00,,,,2025-05-22 16:58:50
500,2,311,2025-03-06,10:15:00,,3,建议增加外语讲解服务。,2025-05-22 16:58:50
501,11,537,2024-04-04,16:00:00,,3,,2025-05-22 16:58:50
502,8,994,2024-12-19,16:15:00,,,停车不太方便。,2025-05-22 16:58:50
503,11,468,2023-09-16,09:30:00,,,建议增加外语讲解服务。,2025-05-22 16:58:50
504,11,214,2024-09-29,11:00:00,,,,2025-05-22 16:58:50
505,4,196,2024-05-30,09:45:00,,,,2025-05-22 16:58:50
506,8,993,2025-04-24,12:45:00,,4,展览内容非常丰富，很有教育意义。,2025-05-22 16:58:50
507,6,530,2025-03-25,11:00:00,,4,活动组织得很好，环境舒适。,2025-05-22 16:58:50
508,2,239,2025-01-27,11:45:00,,,整体还不错，但有提升空间。,2025-05-22 16:58:50
509,6,569,2024-02-09,14:15:00,,5,,2025-05-22 16:58:50
510,7,573,2025-01-17,14:30:00,,5,,2025-05-22 16:58:50
511,3,571,2024-06-21,13:00:00,,,,2025-05-22 16:58:50
512,9,108,2025-04-08,09:00:00,,4,展览内容非常丰富，很有教育意义。,2025-05-22 16:58:50
513,1,460,2023-12-24,14:00:00,,4,,2025-05-22 16:58:50
514,7,277,2024-04-01,09:30:00,,,建议增加外语讲解服务。,2025-05-22 16:58:50
515,5,289,2024-10-19,09:00:00,,4,,2025-05-22 16:58:50
516,3,875,2025-04-08,16:45:00,,3,,2025-05-22 16:58:50
517,10,898,2024-06-21,14:45:00,,4,很适合带孩子来参观学习。,2025-05-22 16:58:50
518,6,415,2024-07-10,11:45:00,,3,,2025-05-22 16:58:50
519,7,627,2025-05-06,13:00:00,,,,2025-05-22 16:58:50
520,11,433,2024-06-19,15:15:00,,,,2025-05-22 16:58:50
521,2,548,2025-05-04,14:00:00,,,,2025-05-22 16:58:50
522,10,936,2025-05-11,12:00:00,,,,2025-05-22 16:58:50
523,2,352,2024-09-14,15:45:00,,,,2025-05-22 16:58:50
524,2,51,2023-10-07,11:15:00,,4,,2025-05-22 16:58:50
525,2,821,2024-08-30,14:30:00,,5,,2025-05-22 16:58:50
526,2,265,2024-12-17,12:30:00,,3,,2025-05-22 16:58:50
527,8,580,2024-06-06,16:30:00,,,,2025-05-22 16:58:50
528,11,960,2024-01-30,10:15:00,,,,2025-05-22 16:58:50
529,4,245,2023-10-03,09:45:00,,5,展览内容非常丰富，很有教育意义。,2025-05-22 16:58:50
530,6,980,2025-01-24,09:15:00,,,希望能增加互动性的展品。,2025-05-22 16:58:50
531,3,396,2025-02-22,12:45:00,,,,2025-05-22 16:58:50
532,11,29,2024-06-07,14:00:00,,,,2025-05-22 16:58:50
533,9,111,2024-06-01,15:30:00,,3,,2025-05-22 16:58:50
534,5,58,2023-10-16,15:30:00,,5,,2025-05-22 16:58:50
535,2,692,2023-06-10,09:45:00,,3,,2025-05-22 16:58:50
536,7,680,2024-12-24,15:45:00,,3,部分展区很精彩，部分展区一般。,2025-05-22 16:58:50
537,9,314,2024-07-23,13:30:00,23,,,2025-05-22 16:58:50
538,7,241,2024-09-20,15:45:00,,,停车不太方便。,2025-05-22 16:58:50
539,7,321,2025-03-20,12:00:00,,3,,2025-05-22 16:58:50
540,5,268,2023-08-28,16:00:00,,3,,2025-05-22 16:58:50
541,3,709,2024-10-03,11:45:00,,3,,2025-05-22 16:58:50
542,4,284,2024-03-26,13:00:00,,3,,2025-05-22 16:58:50
543,8,353,2024-09-28,16:15:00,,4,,2025-05-22 16:58:50
544,8,93,2025-04-09,11:15:00,,4,,2025-05-22 16:58:50
545,2,303,2024-02-28,13:00:00,,3,,2025-05-22 16:58:50
546,1,153,2025-01-11,15:45:00,,4,,2025-05-22 16:58:50
547,7,620,2025-05-22,15:00:00,,5,,2025-05-22 16:58:50
548,3,659,2025-04-17,11:15:00,,3,,2025-05-22 16:58:50
549,2,485,2024-07-20,16:30:00,,3,停车不太方便。,2025-05-22 16:58:50
550,9,523,2025-03-14,12:15:00,,,,2025-05-22 16:58:50
551,8,967,2024-05-06,15:15:00,,4,,2025-05-22 16:58:50
552,8,649,2024-11-11,09:45:00,,,,2025-05-22 16:58:50
553,1,91,2025-04-04,09:00:00,,,,2025-05-22 16:58:50
554,7,832,2024-03-17,15:45:00,,,,2025-05-22 16:58:50
555,11,561,2024-07-17,12:00:00,,4,,2025-05-22 16:58:50
556,10,534,2023-08-24,16:30:00,,5,交通便利，设施完善。,2025-05-22 16:58:50
557,7,986,2024-07-30,09:45:00,,,,2025-05-22 16:58:50
558,7,892,2024-11-14,13:45:00,,4,,2025-05-22 16:58:50
559,8,308,2025-04-06,12:00:00,,4,,2025-05-22 16:58:50
560,2,341,2024-09-01,09:30:00,,,,2025-05-22 16:58:50
561,8,394,2023-06-10,15:15:00,,,希望能增加互动性的展品。,2025-05-22 16:58:50
562,5,272,2024-12-27,10:30:00,,4,讲解员专业知识丰富，讲解生动。,2025-05-22 16:58:50
563,3,475,2025-01-17,12:15:00,,,,2025-05-22 16:58:50
564,2,328,2023-09-14,10:45:00,,,建议增加外语讲解服务。,2025-05-22 16:58:50
565,9,702,2023-11-29,16:00:00,,,,2025-05-22 16:58:50
566,5,665,2023-09-12,15:30:00,,,,2025-05-22 16:58:50
567,1,950,2024-10-25,13:15:00,,5,展览内容非常丰富，很有教育意义。,2025-05-22 16:58:50
568,10,740,2025-04-15,15:15:00,,3,,2025-05-22 16:58:50
569,2,151,2024-12-17,11:00:00,,5,,2025-05-22 16:58:50
570,4,900,2023-06-22,13:00:00,,3,,2025-05-22 16:58:50
571,10,66,2024-05-10,10:30:00,,3,,2025-05-22 16:58:50
572,11,500,2024-11-21,16:15:00,15,,,2025-05-22 16:58:50
573,2,88,2024-06-14,16:00:00,,4,,2025-05-22 16:58:50
574,1,699,2023-09-06,11:00:00,,5,,2025-05-22 16:58:50
575,7,300,2024-11-29,11:45:00,,,整体还不错，但有提升空间。,2025-05-22 16:58:50
576,9,594,2025-02-16,11:00:00,,5,,2025-05-22 16:58:50
577,7,873,2024-08-15,14:15:00,,,,2025-05-22 16:58:50
578,9,788,2024-09-22,14:45:00,23,5,讲解员专业知识丰富，讲解生动。,2025-05-22 16:58:50
579,10,827,2024-12-30,14:15:00,,3,,2025-05-22 16:58:50
580,9,827,2023-12-04,16:15:00,,3,,2025-05-22 16:58:50
581,9,640,2024-09-01,10:30:00,,4,,2025-05-22 16:58:50
582,1,426,2023-11-11,13:45:00,,,,2025-05-22 16:58:50
583,2,836,2024-05-29,14:15:00,,5,,2025-05-22 16:58:50
584,11,171,2024-12-19,11:00:00,,,希望能增加互动性的展品。,2025-05-22 16:58:50
585,7,32,2023-10-14,09:45:00,,,,2025-05-22 16:58:50
586,9,982,2024-02-27,13:45:00,,,,2025-05-22 16:58:50
587,4,902,2023-12-14,15:30:00,,,,2025-05-22 16:58:50
588,1,110,2023-06-09,15:45:00,,3,,2025-05-22 16:58:50
589,1,399,2024-01-10,14:30:00,,4,交通便利，设施完善。,2025-05-22 16:58:50
590,3,957,2024-12-15,12:15:00,,,部分展区很精彩，部分展区一般。,2025-05-22 16:58:50
591,6,872,2024-05-04,10:30:00,,,,2025-05-22 16:58:50
592,8,279,2025-05-05,10:15:00,,5,,2025-05-22 16:58:50
593,8,584,2024-12-14,16:15:00,,3,,2025-05-22 16:58:50
594,3,751,2024-11-26,13:45:00,,,,2025-05-22 16:58:50
595,1,972,2025-04-17,09:30:00,,,,2025-05-22 16:58:50
596,2,279,2025-03-14,12:15:00,,,,2025-05-22 16:58:50
597,3,265,2024-12-18,10:00:00,,5,,2025-05-22 16:58:50
598,3,471,2025-02-05,14:15:00,,,整体还不错，但有提升空间。,2025-05-22 16:58:50
599,8,699,2024-10-25,09:30:00,,,,2025-05-22 16:58:50
600,3,403,2023-08-02,15:00:00,,4,,2025-05-22 16:58:50
601,1,245,2023-12-30,12:00:00,,,,2025-05-22 16:58:50
602,3,41,2024-10-19,11:45:00,,,,2025-05-22 16:58:50
603,11,970,2023-08-13,15:00:00,,,,2025-05-22 16:58:50
604,4,777,2024-03-16,15:45:00,,4,,2025-05-22 16:58:50
605,8,649,2024-10-27,10:00:00,37,,停车不太方便。,2025-05-22 16:58:50
606,9,477,2024-03-16,15:45:00,,,,2025-05-22 16:58:50
607,6,966,2023-07-29,09:00:00,,4,很适合带孩子来参观学习。,2025-05-22 16:58:50
608,10,289,2024-11-22,10:15:00,,3,,2025-05-22 16:58:50
609,1,865,2024-12-11,09:15:00,,4,,2025-05-22 16:58:50
610,8,306,2024-03-13,09:30:00,,5,,2025-05-22 16:58:50
611,5,376,2024-09-05,13:30:00,,5,,2025-05-22 16:58:50
612,4,71,2024-09-14,13:00:00,,3,,2025-05-22 16:58:50
613,5,289,2024-05-02,14:00:00,,3,,2025-05-22 16:58:50
614,1,506,2023-06-15,16:45:00,,,,2025-05-22 16:58:50
615,11,643,2025-01-29,10:45:00,,5,,2025-05-22 16:58:50
616,5,63,2025-01-30,15:30:00,,5,,2025-05-22 16:58:50
617,11,755,2025-03-15,09:15:00,,5,,2025-05-22 16:58:50
618,8,944,2025-03-18,14:45:00,,3,,2025-05-22 16:58:50
619,6,129,2024-08-21,15:15:00,,4,讲解员专业知识丰富，讲解生动。,2025-05-22 16:58:50
620,3,456,2024-08-07,14:15:00,,,,2025-05-22 16:58:50
621,10,183,2024-09-17,12:45:00,,5,,2025-05-22 16:58:50
622,7,984,2023-12-10,12:30:00,,4,讲解员专业知识丰富，讲解生动。,2025-05-22 16:58:50
623,9,434,2024-02-10,10:30:00,,5,,2025-05-22 16:58:50
624,6,342,2025-03-17,14:15:00,,3,,2025-05-22 16:58:50
625,11,398,2024-09-27,13:15:00,,5,,2025-05-22 16:58:50
626,5,1000,2023-08-02,11:00:00,,4,,2025-05-22 16:58:50
627,4,361,2023-12-17,11:00:00,,,,2025-05-22 16:58:50
628,5,480,2025-05-03,13:30:00,,5,,2025-05-22 16:58:50
629,3,916,2023-09-16,10:00:00,,4,,2025-05-22 16:58:50
630,3,293,2024-07-05,12:45:00,,3,,2025-05-22 16:58:50
631,2,242,2024-07-01,11:00:00,,4,,2025-05-22 16:58:50
632,2,29,2024-05-26,16:45:00,,3,,2025-05-22 16:58:50
633,11,117,2024-09-15,09:15:00,,,,2025-05-22 16:58:50
634,1,717,2024-05-15,12:30:00,,,,2025-05-22 16:58:50
635,2,934,2024-08-19,09:00:00,,5,,2025-05-22 16:58:50
636,9,622,2024-06-06,14:30:00,,,部分展区很精彩，部分展区一般。,2025-05-22 16:58:50
637,8,700,2024-11-11,10:45:00,,,,2025-05-22 16:58:50
638,11,211,2024-08-11,13:00:00,,3,,2025-05-22 16:58:50
639,3,655,2025-02-08,09:00:00,,4,,2025-05-22 16:58:50
640,4,548,2024-07-02,15:15:00,,4,很适合带孩子来参观学习。,2025-05-22 16:58:50
641,8,212,2024-10-13,15:15:00,,3,停车不太方便。,2025-05-22 16:58:50
642,5,127,2024-10-27,14:30:00,,5,交通便利，设施完善。,2025-05-22 16:58:50
643,1,452,2025-02-24,13:00:00,,4,,2025-05-22 16:58:50
644,7,287,2025-02-24,09:15:00,,,,2025-05-22 16:58:50
645,7,438,2024-12-16,13:00:00,,4,,2025-05-22 16:58:50
646,1,426,2025-03-16,12:30:00,,4,讲解员专业知识丰富，讲解生动。,2025-05-22 16:58:50
647,11,321,2025-01-03,11:45:00,,,,2025-05-22 16:58:50
648,9,730,2024-01-21,13:30:00,,3,,2025-05-22 16:58:50
649,4,521,2024-10-07,15:15:00,,4,,2025-05-22 16:58:50
650,10,223,2024-10-03,14:45:00,,5,,2025-05-22 16:58:50
651,8,162,2024-04-20,13:15:00,,5,展览内容非常丰富，很有教育意义。,2025-05-22 16:58:50
652,4,262,2024-07-15,16:45:00,,,,2025-05-22 16:58:50
653,2,656,2023-08-25,11:30:00,,,停车不太方便。,2025-05-22 16:58:50
654,3,127,2023-10-12,11:45:00,,3,,2025-05-22 16:58:50
655,2,304,2023-12-27,13:15:00,,,,2025-05-22 16:58:50
656,10,459,2024-02-06,12:30:00,,4,,2025-05-22 16:58:50
657,8,650,2025-02-07,15:00:00,,,,2025-05-22 16:58:50
658,1,861,2023-09-01,15:30:00,,5,,2025-05-22 16:58:50
659,4,187,2024-08-22,13:00:00,,,,2025-05-22 16:58:50
660,3,523,2023-06-08,09:30:00,,5,,2025-05-22 16:58:50
661,8,613,2024-06-29,10:00:00,,4,,2025-05-22 16:58:50
662,8,313,2023-10-11,14:00:00,,3,,2025-05-22 16:58:50
663,5,553,2024-06-29,14:30:00,,,,2025-05-22 16:58:50
664,2,250,2024-07-14,15:45:00,,,,2025-05-22 16:58:50
665,7,181,2024-11-24,12:00:00,,5,,2025-05-22 16:58:50
666,1,332,2023-10-29,12:30:00,,3,,2025-05-22 16:58:50
667,1,751,2025-04-11,10:45:00,,,,2025-05-22 16:58:50
668,1,640,2024-11-09,09:15:00,,,,2025-05-22 16:58:50
669,8,250,2024-10-21,16:15:00,,3,,2025-05-22 16:58:50
670,8,542,2023-10-02,14:00:00,,4,,2025-05-22 16:58:50
671,9,905,2025-04-30,15:00:00,,,建议增加外语讲解服务。,2025-05-22 16:58:50
672,7,139,2024-01-20,13:30:00,,,,2025-05-22 16:58:50
673,9,28,2024-07-29,09:15:00,,3,,2025-05-22 16:58:50
674,4,485,2025-02-12,10:15:00,,,,2025-05-22 16:58:50
675,7,159,2025-01-13,12:30:00,,4,,2025-05-22 16:58:50
676,8,802,2023-06-14,12:00:00,,4,活动组织得很好，环境舒适。,2025-05-22 16:58:50
677,8,828,2025-03-31,14:30:00,,5,,2025-05-22 16:58:50
678,5,159,2023-09-26,12:15:00,,,希望能增加互动性的展品。,2025-05-22 16:58:50
679,2,482,2025-03-09,12:30:00,,,,2025-05-22 16:58:50
680,2,289,2024-06-29,16:45:00,,,,2025-05-22 16:58:50
681,5,699,2023-06-23,14:30:00,,3,,2025-05-22 16:58:50
682,8,878,2023-10-17,12:00:00,,4,,2025-05-22 16:58:50
683,8,724,2024-11-10,10:15:00,,,,2025-05-22 16:58:50
684,10,978,2025-01-13,16:45:00,,,建议增加外语讲解服务。,2025-05-22 16:58:50
685,9,29,2025-01-01,16:15:00,,5,,2025-05-22 16:58:50
686,6,343,2024-08-18,15:45:00,,,,2025-05-22 16:58:50
687,3,255,2024-10-03,16:15:00,,,,2025-05-22 16:58:50
688,9,925,2025-05-13,13:00:00,,5,,2025-05-22 16:58:50
689,4,303,2024-09-21,13:00:00,,,,2025-05-22 16:58:50
690,7,839,2023-06-20,11:30:00,,,,2025-05-22 16:58:50
691,5,363,2025-02-20,12:30:00,,,,2025-05-22 16:58:50
692,9,544,2024-12-25,09:30:00,,4,,2025-05-22 16:58:50
693,8,192,2024-01-15,09:00:00,,3,整体还不错，但有提升空间。,2025-05-22 16:58:50
694,9,117,2023-09-26,12:15:00,,,,2025-05-22 16:58:50
695,9,696,2025-02-16,14:15:00,,,,2025-05-22 16:58:50
696,1,624,2024-05-03,16:15:00,,,,2025-05-22 16:58:50
697,4,537,2025-05-15,13:30:00,,,,2025-05-22 16:58:50
698,6,130,2024-07-11,15:00:00,29,4,,2025-05-22 16:58:50
699,4,993,2025-02-06,14:00:00,,4,,2025-05-22 16:58:50
700,2,687,2024-03-16,15:00:00,,5,,2025-05-22 16:58:50
701,5,812,2023-12-08,09:45:00,,5,,2025-05-22 16:58:50
702,4,323,2025-03-15,14:45:00,,,,2025-05-22 16:58:50
703,8,128,2023-05-24,15:45:00,,,,2025-05-22 16:58:50
704,4,319,2024-11-27,12:45:00,,4,,2025-05-22 16:58:50
705,9,123,2023-08-06,16:15:00,,,,2025-05-22 16:58:50
706,11,576,2025-02-21,12:00:00,,4,,2025-05-22 16:58:50
707,1,59,2024-07-06,13:45:00,,4,,2025-05-22 16:58:50
708,5,300,2024-11-08,09:30:00,,4,,2025-05-22 16:58:50
709,7,80,2023-09-03,09:15:00,,5,,2025-05-22 16:58:50
710,2,7,2025-05-15,12:15:00,,4,,2025-05-22 16:58:50
711,4,468,2025-01-26,10:00:00,,3,,2025-05-22 16:58:50
712,8,674,2023-11-14,12:30:00,,,,2025-05-22 16:58:50
713,6,217,2025-02-23,10:15:00,,3,建议增加外语讲解服务。,2025-05-22 16:58:50
714,5,94,2024-10-04,09:30:00,,5,,2025-05-22 16:58:50
715,1,411,2025-03-11,16:45:00,,3,,2025-05-22 16:58:50
716,5,244,2023-08-31,15:30:00,,3,部分展区很精彩，部分展区一般。,2025-05-22 16:58:50
717,9,954,2023-06-24,14:30:00,,4,,2025-05-22 16:58:50
718,3,178,2024-07-16,13:00:00,,3,整体还不错，但有提升空间。,2025-05-22 16:58:50
719,6,339,2023-10-24,12:00:00,,4,展览内容非常丰富，很有教育意义。,2025-05-22 16:58:50
720,2,45,2025-05-14,13:30:00,,,,2025-05-22 16:58:50
721,2,13,2023-12-08,12:00:00,,,,2025-05-22 16:58:50
722,10,92,2023-06-29,10:00:00,,,,2025-05-22 16:58:50
723,7,349,2024-07-23,12:30:00,,,建议增加外语讲解服务。,2025-05-22 16:58:50
724,5,158,2024-06-15,11:30:00,,,建议增加外语讲解服务。,2025-05-22 16:58:50
725,6,446,2025-03-15,12:00:00,,5,,2025-05-22 16:58:50
726,9,674,2025-03-01,13:00:00,,5,,2025-05-22 16:58:50
727,10,343,2024-07-01,10:45:00,,,建议增加外语讲解服务。,2025-05-22 16:58:50
728,6,515,2025-02-06,15:00:00,,3,,2025-05-22 16:58:50
729,4,148,2023-08-01,14:15:00,,5,,2025-05-22 16:58:50
730,8,828,2025-02-26,10:00:00,,3,,2025-05-22 16:58:50
731,1,210,2024-07-20,15:15:00,,,,2025-05-22 16:58:50
732,6,183,2024-09-16,13:45:00,,,,2025-05-22 16:58:50
733,7,817,2024-04-01,09:15:00,,,,2025-05-22 16:58:50
734,6,986,2025-05-03,11:30:00,,3,,2025-05-22 16:58:50
735,6,557,2024-02-24,11:00:00,,5,,2025-05-22 16:58:50
736,3,140,2023-09-27,13:15:00,,3,,2025-05-22 16:58:50
737,7,713,2023-06-09,10:00:00,,5,,2025-05-22 16:58:50
738,6,47,2024-12-30,11:30:00,,,,2025-05-22 16:58:50
739,10,192,2024-11-11,12:30:00,,3,停车不太方便。,2025-05-22 16:58:50
740,6,648,2023-08-15,12:15:00,,,,2025-05-22 16:58:50
741,5,848,2024-02-10,14:00:00,,5,,2025-05-22 16:58:50
742,3,407,2024-01-16,11:45:00,,3,部分展区很精彩，部分展区一般。,2025-05-22 16:58:50
743,8,161,2025-05-04,10:30:00,,,,2025-05-22 16:58:50
744,8,937,2025-04-13,13:30:00,,,,2025-05-22 16:58:50
745,10,125,2023-11-08,15:15:00,,3,整体还不错，但有提升空间。,2025-05-22 16:58:50
746,7,568,2023-08-31,13:30:00,,3,部分展区很精彩，部分展区一般。,2025-05-22 16:58:50
747,2,377,2024-09-10,11:30:00,,,,2025-05-22 16:58:50
748,5,252,2025-01-24,10:30:00,,5,,2025-05-22 16:58:50
749,2,967,2024-04-07,15:30:00,,4,,2025-05-22 16:58:50
750,11,738,2025-05-18,13:00:00,,5,,2025-05-22 16:58:50
751,8,258,2023-11-11,09:30:00,,4,很适合带孩子来参观学习。,2025-05-22 16:58:50
752,2,424,2023-06-29,14:45:00,,,,2025-05-22 16:58:50
753,2,702,2025-05-05,15:45:00,,,整体还不错，但有提升空间。,2025-05-22 16:58:50
754,7,703,2023-08-08,13:45:00,,3,部分展区很精彩，部分展区一般。,2025-05-22 16:58:50
755,5,35,2025-03-31,15:45:00,,3,,2025-05-22 16:58:50
756,9,627,2024-12-19,10:45:00,,4,,2025-05-22 16:58:50
757,9,413,2024-11-15,10:00:00,,4,展览内容非常丰富，很有教育意义。,2025-05-22 16:58:50
758,8,469,2024-08-19,11:00:00,,,,2025-05-22 16:58:50
759,6,410,2024-12-21,10:45:00,,4,讲解员专业知识丰富，讲解生动。,2025-05-22 16:58:50
760,6,469,2024-08-02,10:45:00,,3,,2025-05-22 16:58:50
761,1,77,2024-11-08,15:15:00,,,建议增加外语讲解服务。,2025-05-22 16:58:50
762,1,59,2024-08-10,14:45:00,,,建议增加外语讲解服务。,2025-05-22 16:58:50
763,5,992,2024-10-25,11:45:00,,4,,2025-05-22 16:58:50
764,9,137,2024-12-23,13:15:00,,5,,2025-05-22 16:58:50
765,3,699,2025-04-08,10:30:00,,,,2025-05-22 16:58:50
766,7,617,2023-10-05,10:15:00,,,,2025-05-22 16:58:50
767,5,361,2024-10-17,14:00:00,,3,,2025-05-22 16:58:50
768,6,494,2024-12-28,16:45:00,,5,,2025-05-22 16:58:50
769,3,41,2024-11-27,11:00:00,,5,,2025-05-22 16:58:50
770,1,324,2025-01-27,10:15:00,,5,,2025-05-22 16:58:50
771,3,411,2023-05-30,12:15:00,,5,,2025-05-22 16:58:50
772,7,386,2023-11-20,10:15:00,,4,,2025-05-22 16:58:50
773,8,238,2024-03-31,13:15:00,,,,2025-05-22 16:58:50
774,9,768,2024-03-25,10:30:00,,,,2025-05-22 16:58:50
775,6,146,2024-10-21,09:30:00,,5,,2025-05-22 16:58:50
776,7,925,2023-06-17,16:30:00,,,部分展区很精彩，部分展区一般。,2025-05-22 16:58:50
777,1,898,2025-05-10,13:15:00,,5,,2025-05-22 16:58:50
778,3,432,2024-01-08,11:45:00,,,,2025-05-22 16:58:50
779,4,474,2024-11-24,09:45:00,,4,,2025-05-22 16:58:50
780,7,520,2025-03-01,14:30:00,,4,,2025-05-22 16:58:50
781,6,315,2023-07-08,15:30:00,,,,2025-05-22 16:58:50
782,7,471,2025-01-02,10:00:00,,,,2025-05-22 16:58:50
783,6,34,2024-07-06,13:15:00,29,,,2025-05-22 16:58:50
784,2,281,2025-04-29,16:15:00,,,,2025-05-22 16:58:50
785,4,542,2023-08-13,13:15:00,,5,活动组织得很好，环境舒适。,2025-05-22 16:58:50
786,7,373,2025-03-06,15:30:00,,4,,2025-05-22 16:58:50
787,3,853,2024-09-14,13:30:00,,,,2025-05-22 16:58:50
788,1,953,2024-07-28,10:15:00,,,停车不太方便。,2025-05-22 16:58:50
789,6,570,2025-03-31,10:45:00,,4,,2025-05-22 16:58:50
790,3,922,2023-10-08,11:45:00,,4,,2025-05-22 16:58:50
791,2,257,2024-09-05,13:30:00,,5,,2025-05-22 16:58:50
792,9,104,2025-04-26,12:45:00,,3,,2025-05-22 16:58:50
793,3,534,2023-10-05,09:15:00,,,,2025-05-22 16:58:50
794,4,877,2023-08-12,16:30:00,,3,,2025-05-22 16:58:50
795,3,38,2023-09-22,11:00:00,,,,2025-05-22 16:58:50
796,2,861,2024-07-11,09:45:00,,3,,2025-05-22 16:58:50
797,7,57,2024-01-17,10:00:00,,5,,2025-05-22 16:58:50
798,7,502,2025-02-18,09:45:00,,,,2025-05-22 16:58:50
799,7,689,2025-04-08,14:30:00,,,,2025-05-22 16:58:50
800,4,60,2024-08-26,14:15:00,,3,整体还不错，但有提升空间。,2025-05-22 16:58:50
801,8,606,2025-04-11,14:45:00,,4,,2025-05-22 16:58:50
802,3,904,2024-09-04,09:30:00,,3,,2025-05-22 16:58:50
803,5,354,2025-01-31,11:30:00,,,建议增加外语讲解服务。,2025-05-22 16:58:50
804,8,699,2024-06-23,10:30:00,,4,活动组织得很好，环境舒适。,2025-05-22 16:58:50
805,9,64,2025-02-21,15:30:00,,5,,2025-05-22 16:58:50
806,10,1001,2024-03-28,10:45:00,,,,2025-05-22 16:58:50
807,4,510,2025-02-10,16:30:00,49,,建议增加外语讲解服务。,2025-05-22 16:58:50
808,5,627,2023-11-10,13:45:00,,,,2025-05-22 16:58:50
809,1,24,2024-06-07,14:15:00,,,部分展区很精彩，部分展区一般。,2025-05-22 16:58:50
810,9,322,2024-09-20,15:30:00,,,建议增加外语讲解服务。,2025-05-22 16:58:50
811,9,543,2025-05-01,15:15:00,,3,,2025-05-22 16:58:50
812,9,297,2024-09-03,14:15:00,,3,,2025-05-22 16:58:50
813,4,720,2025-05-17,14:30:00,,3,,2025-05-22 16:58:50
814,3,775,2023-06-30,10:45:00,,,,2025-05-22 16:58:50
815,4,854,2023-11-10,13:00:00,,4,,2025-05-22 16:58:50
816,6,808,2024-06-25,10:15:00,29,5,,2025-05-22 16:58:50
817,5,284,2025-04-27,12:15:00,,5,,2025-05-22 16:58:50
818,5,572,2024-10-10,15:00:00,,4,,2025-05-22 16:58:50
819,5,935,2023-09-27,09:30:00,,,,2025-05-22 16:58:50
820,9,686,2025-02-21,14:00:00,,3,部分展区很精彩，部分展区一般。,2025-05-22 16:58:50
821,1,720,2024-05-12,16:15:00,,5,,2025-05-22 16:58:50
822,6,716,2023-12-06,14:45:00,,,,2025-05-22 16:58:50
823,8,876,2023-12-24,11:00:00,,3,,2025-05-22 16:58:50
824,7,398,2025-04-21,13:15:00,,4,,2025-05-22 16:58:50
825,11,294,2024-07-22,11:45:00,,5,,2025-05-22 16:58:50
826,6,876,2023-07-03,09:45:00,,4,讲解员专业知识丰富，讲解生动。,2025-05-22 16:58:50
827,3,353,2024-03-29,11:30:00,,4,,2025-05-22 16:58:50
828,5,788,2025-03-06,09:30:00,,3,,2025-05-22 16:58:50
829,5,675,2023-12-11,16:30:00,,,,2025-05-22 16:58:50
830,1,153,2024-09-09,15:30:00,,3,部分展区很精彩，部分展区一般。,2025-05-22 16:58:50
831,3,424,2024-12-20,10:00:00,,5,,2025-05-22 16:58:50
832,2,733,2024-12-27,15:45:00,,5,讲解员专业知识丰富，讲解生动。,2025-05-22 16:58:50
833,3,410,2023-08-17,13:15:00,,4,,2025-05-22 16:58:50
834,4,2,2025-04-01,09:30:00,,4,,2025-05-22 16:58:50
835,7,39,2024-10-30,11:30:00,,,部分展区很精彩，部分展区一般。,2025-05-22 16:58:50
836,11,9,2023-08-19,11:00:00,,3,,2025-05-22 16:58:50
837,2,814,2024-11-15,12:00:00,,5,,2025-05-22 16:58:50
838,5,834,2024-06-03,14:00:00,,,,2025-05-22 16:58:50
839,2,460,2024-08-14,10:45:00,,3,,2025-05-22 16:58:50
840,11,867,2025-02-09,15:45:00,,,,2025-05-22 16:58:50
841,8,772,2024-07-11,11:30:00,,5,讲解员专业知识丰富，讲解生动。,2025-05-22 16:58:50
842,6,84,2024-08-02,15:30:00,29,3,,2025-05-22 16:58:50
843,6,469,2024-05-05,10:15:00,,,,2025-05-22 16:58:50
844,1,876,2023-10-12,10:45:00,,4,,2025-05-22 16:58:50
845,2,676,2023-07-07,15:45:00,,,,2025-05-22 16:58:50
846,10,365,2025-05-08,15:45:00,,,,2025-05-22 16:58:50
847,10,99,2024-03-16,09:15:00,,5,,2025-05-22 16:58:50
848,9,583,2024-07-04,13:00:00,23,,,2025-05-22 16:58:50
849,1,439,2024-09-10,15:45:00,,3,,2025-05-22 16:58:50
850,1,604,2023-06-23,11:30:00,,4,,2025-05-22 16:58:50
851,8,191,2025-05-02,14:15:00,,,,2025-05-22 16:58:50
852,1,666,2024-05-29,16:30:00,,,,2025-05-22 16:58:50
853,9,888,2024-05-30,10:15:00,,,建议增加外语讲解服务。,2025-05-22 16:58:50
854,8,509,2025-02-15,12:45:00,,,,2025-05-22 16:58:50
855,9,153,2025-04-18,10:15:00,,,整体还不错，但有提升空间。,2025-05-22 16:58:50
856,11,617,2025-03-01,10:45:00,,3,,2025-05-22 16:58:50
857,1,855,2024-10-04,12:15:00,,3,整体还不错，但有提升空间。,2025-05-22 16:58:50
858,3,124,2024-07-10,09:45:00,,3,,2025-05-22 16:58:50
859,5,957,2025-01-02,12:15:00,,4,交通便利，设施完善。,2025-05-22 16:58:50
860,9,722,2025-04-26,09:45:00,,5,,2025-05-22 16:58:50
861,8,996,2025-01-25,15:00:00,,,,2025-05-22 16:58:50
862,2,199,2025-03-13,11:00:00,,,希望能增加互动性的展品。,2025-05-22 16:58:50
863,6,856,2025-02-04,11:45:00,,,,2025-05-22 16:58:50
864,4,337,2025-01-12,16:00:00,,,,2025-05-22 16:58:50
865,9,627,2023-07-29,12:30:00,,,,2025-05-22 16:58:50
866,6,579,2024-07-04,15:00:00,29,,,2025-05-22 16:58:50
867,1,934,2025-01-15,11:30:00,,4,展览内容非常丰富，很有教育意义。,2025-05-22 16:58:50
868,4,606,2023-07-29,15:30:00,,,,2025-05-22 16:58:50
869,9,410,2025-03-31,15:30:00,,3,,2025-05-22 16:58:50
870,7,781,2024-11-28,11:00:00,,3,,2025-05-22 16:58:50
871,6,682,2024-11-03,09:45:00,,3,,2025-05-22 16:58:50
872,1,231,2025-01-21,14:45:00,,,,2025-05-22 16:58:50
873,3,106,2025-04-27,15:15:00,,3,,2025-05-22 16:58:50
874,4,177,2024-05-19,12:00:00,,3,,2025-05-22 16:58:50
875,1,950,2025-03-15,10:00:00,,3,,2025-05-22 16:58:50
876,4,645,2025-05-08,14:00:00,,,,2025-05-22 16:58:50
877,9,76,2023-11-08,10:45:00,,5,,2025-05-22 16:58:50
878,1,952,2024-11-20,11:00:00,,4,,2025-05-22 16:58:50
879,7,958,2025-03-05,12:15:00,,5,,2025-05-22 16:58:50
880,3,657,2024-09-07,16:00:00,,5,,2025-05-22 16:58:50
881,6,28,2024-01-31,12:30:00,,,建议增加外语讲解服务。,2025-05-22 16:58:50
882,2,473,2024-08-30,11:00:00,,,,2025-05-22 16:58:50
883,9,773,2024-08-01,10:00:00,,4,,2025-05-22 16:58:50
884,1,383,2025-03-04,15:00:00,,4,,2025-05-22 16:58:50
885,5,761,2025-02-13,09:00:00,,,建议增加外语讲解服务。,2025-05-22 16:58:50
886,4,839,2023-08-17,16:30:00,,3,,2025-05-22 16:58:50
887,7,238,2024-11-04,16:30:00,,4,,2025-05-22 16:58:50
888,11,692,2023-12-09,13:15:00,,4,,2025-05-22 16:58:50
889,4,792,2024-03-08,12:15:00,,4,,2025-05-22 16:58:50
890,1,203,2025-03-11,13:30:00,,4,很适合带孩子来参观学习。,2025-05-22 16:58:50
891,11,523,2024-12-08,15:30:00,,4,,2025-05-22 16:58:50
892,2,510,2024-10-07,10:30:00,,5,,2025-05-22 16:58:50
893,7,5,2024-07-30,16:45:00,,3,,2025-05-22 16:58:50
894,8,135,2025-04-07,12:15:00,,,建议增加外语讲解服务。,2025-05-22 16:58:50
895,6,877,2023-10-22,16:00:00,,3,部分展区很精彩，部分展区一般。,2025-05-22 16:58:50
896,11,580,2024-07-20,15:00:00,,4,,2025-05-22 16:58:50
897,4,546,2024-07-05,11:00:00,,,,2025-05-22 16:58:50
898,5,699,2023-11-03,16:15:00,,3,,2025-05-22 16:58:50
899,5,336,2024-12-29,14:30:00,,3,,2025-05-22 16:58:50
900,5,188,2024-07-11,14:00:00,,,,2025-05-22 16:58:50
901,4,618,2025-02-23,12:15:00,49,3,,2025-05-22 16:58:50
902,11,106,2023-10-05,11:45:00,,4,,2025-05-22 16:58:50
903,1,882,2023-06-26,13:30:00,,,,2025-05-22 16:58:50
904,9,660,2024-10-28,13:45:00,,,,2025-05-22 16:58:50
905,8,77,2024-06-18,13:00:00,,,,2025-05-22 16:58:50
906,1,180,2023-06-30,11:15:00,,5,,2025-05-22 16:58:50
907,8,537,2024-12-11,10:30:00,,3,整体还不错，但有提升空间。,2025-05-22 16:58:50
908,5,201,2025-04-04,13:00:00,,3,,2025-05-22 16:58:50
909,8,117,2024-10-21,09:15:00,37,5,很适合带孩子来参观学习。,2025-05-22 16:58:50
910,8,494,2024-06-22,16:15:00,,3,,2025-05-22 16:58:50
911,4,670,2024-04-16,10:15:00,,,希望能增加互动性的展品。,2025-05-22 16:58:50
912,3,357,2025-03-14,10:45:00,,,,2025-05-22 16:58:50
913,6,987,2024-02-21,12:15:00,,3,部分展区很精彩，部分展区一般。,2025-05-22 16:58:50
914,2,532,2024-09-05,15:45:00,,,,2025-05-22 16:58:50
915,7,781,2024-11-02,09:45:00,,5,,2025-05-22 16:58:50
916,1,109,2023-10-30,13:30:00,,,,2025-05-22 16:58:50
917,2,445,2023-05-28,13:45:00,,,整体还不错，但有提升空间。,2025-05-22 16:58:50
918,6,144,2023-06-21,12:00:00,,4,,2025-05-22 16:58:50
919,5,354,2025-02-03,10:15:00,,,停车不太方便。,2025-05-22 16:58:50
920,4,132,2024-02-13,12:00:00,,,,2025-05-22 16:58:50
921,2,176,2024-12-19,16:45:00,,5,展览内容非常丰富，很有教育意义。,2025-05-22 16:58:50
922,3,866,2024-10-16,10:15:00,,4,,2025-05-22 16:58:50
923,11,192,2023-09-17,09:30:00,,4,讲解员专业知识丰富，讲解生动。,2025-05-22 16:58:50
924,2,799,2024-11-09,12:30:00,,,,2025-05-22 16:58:50
925,1,801,2025-04-29,14:30:00,,3,,2025-05-22 16:58:50
926,11,524,2025-01-05,16:00:00,,,希望能增加互动性的展品。,2025-05-22 16:58:50
927,6,121,2024-04-04,12:45:00,,,,2025-05-22 16:58:50
928,3,962,2024-03-05,10:45:00,,3,,2025-05-22 16:58:50
929,10,497,2024-10-11,10:45:00,,,,2025-05-22 16:58:50
930,10,943,2023-05-30,15:15:00,,,,2025-05-22 16:58:50
931,11,728,2024-06-15,15:45:00,,,,2025-05-22 16:58:50
932,2,500,2025-04-11,11:30:00,,5,,2025-05-22 16:58:50
933,8,301,2025-04-09,10:00:00,,3,,2025-05-22 16:58:50
934,7,2,2024-10-16,16:00:00,,,希望能增加互动性的展品。,2025-05-22 16:58:50
935,9,479,2023-07-30,10:30:00,,4,,2025-05-22 16:58:50
936,11,629,2024-06-27,14:15:00,,4,很适合带孩子来参观学习。,2025-05-22 16:58:50
937,7,674,2025-04-27,09:00:00,3,,,2025-05-22 16:58:50
938,3,583,2023-08-12,13:15:00,,,,2025-05-22 16:58:50
939,7,218,2024-11-09,11:15:00,,5,,2025-05-22 16:58:50
940,2,705,2023-11-09,15:30:00,,3,,2025-05-22 16:58:50
941,8,265,2024-12-19,12:00:00,,,,2025-05-22 16:58:50
942,7,932,2025-05-14,10:00:00,,5,,2025-05-22 16:58:50
943,6,258,2023-08-26,16:30:00,,3,停车不太方便。,2025-05-22 16:58:50
944,11,528,2024-11-07,14:15:00,,,,2025-05-22 16:58:50
945,4,38,2024-12-07,15:30:00,,4,,2025-05-22 16:58:50
946,8,791,2023-11-19,09:00:00,,,希望能增加互动性的展品。,2025-05-22 16:58:50
947,5,574,2024-08-13,10:00:00,,,,2025-05-22 16:58:50
948,9,696,2025-05-02,09:00:00,,,,2025-05-22 16:58:50
949,7,642,2025-02-08,11:30:00,,,,2025-05-22 16:58:50
950,3,402,2024-12-01,15:00:00,,,建议增加外语讲解服务。,2025-05-22 16:58:50
951,6,643,2024-08-02,11:45:00,,5,很适合带孩子来参观学习。,2025-05-22 16:58:50
952,6,947,2024-02-02,14:00:00,,,,2025-05-22 16:58:50
953,5,182,2024-06-10,14:45:00,,,整体还不错，但有提升空间。,2025-05-22 16:58:50
954,4,686,2025-02-03,12:30:00,,4,,2025-05-22 16:58:50
955,3,521,2024-08-18,12:30:00,,4,活动组织得很好，环境舒适。,2025-05-22 16:58:50
956,2,351,2025-01-16,15:30:00,,4,,2025-05-22 16:58:50
957,2,12,2024-12-07,14:45:00,,4,,2025-05-22 16:58:50
958,4,305,2025-01-29,15:15:00,,4,,2025-05-22 16:58:50
959,10,229,2024-12-18,10:30:00,,,,2025-05-22 16:58:50
960,3,396,2024-08-16,10:15:00,,,,2025-05-22 16:58:50
961,3,940,2025-01-16,13:30:00,,5,,2025-05-22 16:58:50
962,4,3,2025-02-15,12:00:00,49,3,,2025-05-22 16:58:50
963,2,247,2023-12-19,14:45:00,,,,2025-05-22 16:58:50
964,11,346,2024-11-01,12:00:00,,5,很适合带孩子来参观学习。,2025-05-22 16:58:50
965,1,102,2024-08-25,13:15:00,,,,2025-05-22 16:58:50
966,1,250,2025-05-19,13:15:00,50,5,,2025-05-22 16:58:50
967,7,375,2024-12-04,15:15:00,,,,2025-05-22 16:58:50
968,7,838,2023-11-13,10:30:00,,4,,2025-05-22 16:58:50
969,5,379,2024-06-21,10:45:00,,,,2025-05-22 16:58:50
970,1,311,2024-06-19,16:45:00,,4,,2025-05-22 16:58:50
971,4,513,2024-07-09,14:30:00,,4,,2025-05-22 16:58:50
972,6,840,2025-05-02,15:15:00,,,停车不太方便。,2025-05-22 16:58:50
973,3,819,2024-10-08,09:15:00,,3,希望能增加互动性的展品。,2025-05-22 16:58:50
974,8,612,2024-04-24,11:00:00,,5,,2025-05-22 16:58:50
975,7,355,2025-03-24,12:30:00,,,,2025-05-22 16:58:50
976,7,621,2024-12-29,11:45:00,,5,,2025-05-22 16:58:50
977,2,592,2024-05-25,09:00:00,,4,,2025-05-22 16:58:50
978,8,543,2024-11-05,10:00:00,,,,2025-05-22 16:58:50
979,6,628,2023-06-13,11:45:00,,3,,2025-05-22 16:58:50
980,5,692,2024-01-16,14:15:00,,5,,2025-05-22 16:58:50
981,11,350,2024-10-21,09:00:00,,,,2025-05-22 16:58:50
982,8,769,2025-04-26,12:00:00,,,,2025-05-22 16:58:50
983,11,584,2024-10-16,14:45:00,,5,,2025-05-22 16:58:50
984,7,84,2024-12-09,12:00:00,,4,交通便利，设施完善。,2025-05-22 16:58:50
985,10,251,2024-09-12,16:00:00,,3,,2025-05-22 16:58:50
986,10,72,2024-05-20,12:30:00,,3,,2025-05-22 16:58:50
987,2,852,2025-01-13,16:00:00,,,,2025-05-22 16:58:50
988,1,458,2025-01-22,11:30:00,,,,2025-05-22 16:58:50
989,7,775,2024-02-08,15:15:00,,,,2025-05-22 16:58:50
990,9,437,2024-06-12,16:30:00,,,部分展区很精彩，部分展区一般。,2025-05-22 16:58:50
991,2,689,2024-06-18,09:15:00,,4,,2025-05-22 16:58:50
992,3,480,2024-12-30,09:45:00,,4,交通便利，设施完善。,2025-05-22 16:58:50
993,5,494,2024-09-28,11:45:00,,5,讲解员专业知识丰富，讲解生动。,2025-05-22 16:58:50
994,9,218,2024-08-20,15:45:00,,4,,2025-05-22 16:58:50
995,6,147,2024-09-22,11:45:00,,,整体还不错，但有提升空间。,2025-05-22 16:58:50
996,7,782,2025-03-16,09:00:00,,4,,2025-05-22 16:58:50
997,6,419,2024-01-12,10:00:00,,,,2025-05-22 16:58:50
998,2,410,2024-06-29,12:15:00,,3,,2025-05-22 16:58:50
999,1,871,2024-09-19,09:45:00,,,,2025-05-22 16:58:50
1000,7,835,2024-12-03,15:00:00,,4,活动组织得很好，环境舒适。,2025-05-22 16:58:50
1001,2,639,2023-11-10,11:15:00,,3,建议增加外语讲解服务。,2025-05-22 16:58:50
1002,4,620,2023-10-07,16:30:00,,,,2025-05-22 16:58:50
1003,5,115,2024-05-23,15:15:00,,,建议增加外语讲解服务。,2025-05-22 16:58:50
1004,4,910,2025-02-15,09:00:00,,5,,2025-05-22 16:58:50
1005,7,104,2023-05-31,11:00:00,,,,2025-05-22 16:58:50
1006,3,966,2024-07-27,09:15:00,,4,,2025-05-22 16:58:50
1007,4,197,2024-12-04,15:15:00,,3,,2025-05-22 16:58:50
1008,6,36,2023-09-10,12:45:00,,,,2025-05-22 16:58:50
1009,2,927,2023-06-27,16:45:00,,,,2025-05-22 16:58:50
1010,7,299,2025-01-30,15:00:00,,5,,2025-05-22 16:58:50
1011,10,183,2024-10-26,13:00:00,,,,2025-05-22 16:58:50
1012,9,199,2023-12-08,09:45:00,,4,,2025-05-22 16:58:50
1013,9,87,2024-05-01,13:00:00,,,建议增加外语讲解服务。,2025-05-22 16:58:50
1014,8,633,2024-11-04,13:30:00,,,,2025-05-22 16:58:50
1015,8,295,2025-02-26,14:45:00,,,,2025-05-22 16:58:50
1016,10,506,2023-05-29,16:15:00,,4,很适合带孩子来参观学习。,2025-05-22 16:58:50
1017,3,712,2025-02-12,14:00:00,,4,,2025-05-22 16:58:50
1018,7,765,2024-11-15,16:00:00,,5,,2025-05-22 16:58:50
1019,11,527,2024-10-27,15:15:00,,,,2025-05-22 16:58:50
1020,11,731,2025-01-29,12:15:00,,4,,2025-05-22 16:58:50
1021,9,875,2023-11-28,11:45:00,,,,2025-05-22 16:58:50
1022,1,506,2024-11-07,15:00:00,,4,,2025-05-22 16:58:50
1023,8,242,2025-01-05,13:45:00,,3,整体还不错，但有提升空间。,2025-05-22 16:58:50
1024,3,57,2024-11-07,11:45:00,,4,,2025-05-22 16:58:50
1025,1,773,2023-08-18,16:15:00,,3,,2025-05-22 16:58:50
1026,6,793,2024-11-20,13:45:00,,4,,2025-05-22 16:58:50
1027,2,123,2025-01-14,15:15:00,,,,2025-05-22 16:58:50
1028,10,170,2024-10-20,10:15:00,,3,停车不太方便。,2025-05-22 16:58:50
1029,4,578,2024-10-21,12:30:00,,3,,2025-05-22 16:58:50
1030,2,577,2024-12-16,10:45:00,,3,,2025-05-22 16:58:50
1031,5,581,2024-06-14,11:15:00,,3,希望能增加互动性的展品。,2025-05-22 16:58:50
1032,3,875,2024-12-10,12:45:00,,4,,2025-05-22 16:58:50
1033,4,217,2024-12-26,16:30:00,,3,,2025-05-22 16:58:50
1034,10,77,2024-06-16,16:00:00,,,,2025-05-22 16:58:50
1035,1,417,2024-12-26,12:45:00,,,,2025-05-22 16:58:50
1036,7,343,2024-06-24,16:00:00,,5,,2025-05-22 16:58:50
1037,2,207,2025-03-10,16:45:00,,5,,2025-05-22 16:58:50
1038,1,997,2024-03-25,11:30:00,,,,2025-05-22 16:58:50
1039,6,950,2025-01-16,11:15:00,,,,2025-05-22 16:58:50
1040,5,252,2024-12-14,12:00:00,,5,讲解员专业知识丰富，讲解生动。,2025-05-22 16:58:50
1041,7,521,2024-08-10,10:45:00,,,,2025-05-22 16:58:50
1042,11,730,2024-05-27,16:30:00,,,,2025-05-22 16:58:50
1043,3,658,2024-07-24,13:30:00,,3,,2025-05-22 16:58:50
1044,7,407,2024-04-04,16:00:00,,3,部分展区很精彩，部分展区一般。,2025-05-22 16:58:50
1045,11,775,2024-02-24,15:15:00,,3,,2025-05-22 16:58:50
1046,4,664,2024-09-16,11:00:00,,3,,2025-05-22 16:58:50
1047,10,336,2023-11-14,10:15:00,,5,,2025-05-22 16:58:50
1048,3,847,2024-12-15,10:30:00,,5,交通便利，设施完善。,2025-05-22 16:58:50
1049,5,510,2024-09-07,15:00:00,,5,,2025-05-22 16:58:50
1050,7,494,2024-03-27,14:30:00,,,,2025-05-22 16:58:50
1051,4,719,2024-01-16,15:45:00,,,,2025-05-22 16:58:50
1052,9,716,2023-08-06,15:45:00,,,希望能增加互动性的展品。,2025-05-22 16:58:50
1053,2,572,2024-08-02,13:45:00,,,,2025-05-22 16:58:50
1054,7,959,2024-10-21,12:45:00,,5,讲解员专业知识丰富，讲解生动。,2025-05-22 16:58:50
1055,7,174,2024-09-27,14:45:00,,5,,2025-05-22 16:58:50
1056,3,566,2024-08-08,14:45:00,,4,,2025-05-22 16:58:50
1057,9,484,2024-07-15,15:15:00,23,,,2025-05-22 16:58:50
1058,7,454,2024-02-09,11:15:00,,,,2025-05-22 16:58:50
1059,6,155,2024-11-29,11:00:00,,4,交通便利，设施完善。,2025-05-22 16:58:50
1060,10,424,2025-02-19,12:30:00,,4,,2025-05-22 16:58:50
1061,2,863,2024-11-06,16:15:00,,,,2025-05-22 16:58:50
1062,3,998,2025-01-03,15:15:00,,5,,2025-05-22 16:58:50
1063,8,812,2024-05-26,09:45:00,,,,2025-05-22 16:58:50
1064,5,208,2024-09-05,14:30:00,,4,,2025-05-22 16:58:50
1065,9,545,2025-04-05,14:30:00,,,,2025-05-22 16:58:50
1066,3,516,2024-07-03,14:15:00,,,,2025-05-22 16:58:50
1067,10,231,2023-12-16,10:15:00,,5,,2025-05-22 16:58:50
1068,3,182,2025-02-12,09:30:00,,,,2025-05-22 16:58:50
1069,6,991,2024-07-03,11:45:00,29,,希望能增加互动性的展品。,2025-05-22 16:58:50
1070,11,540,2023-11-06,09:30:00,,4,展览内容非常丰富，很有教育意义。,2025-05-22 16:58:50
1071,3,836,2023-06-13,09:15:00,,4,,2025-05-22 16:58:50
1072,1,229,2023-07-26,09:45:00,,,部分展区很精彩，部分展区一般。,2025-05-22 16:58:50
1073,5,435,2025-05-15,09:30:00,,5,,2025-05-22 16:58:50
1074,8,982,2025-01-10,11:15:00,,4,很适合带孩子来参观学习。,2025-05-22 16:58:50
1075,3,84,2025-03-06,11:00:00,,,,2025-05-22 16:58:50
1076,6,188,2024-10-27,12:30:00,,3,,2025-05-22 16:58:50
1077,8,283,2025-02-12,14:30:00,,,建议增加外语讲解服务。,2025-05-22 16:58:50
1078,2,77,2023-11-03,15:45:00,,5,展览内容非常丰富，很有教育意义。,2025-05-22 16:58:50
1079,3,223,2024-10-11,13:15:00,,,,2025-05-22 16:58:50
1080,8,495,2024-08-28,12:15:00,,,,2025-05-22 16:58:50
1081,3,797,2023-10-28,14:30:00,,,,2025-05-22 16:58:50
1082,9,329,2024-05-15,12:45:00,,,希望能增加互动性的展品。,2025-05-22 16:58:50
1083,3,240,2025-05-16,15:30:00,,3,,2025-05-22 16:58:50
1084,7,846,2024-09-21,10:00:00,,5,,2025-05-22 16:58:50
1085,5,829,2023-11-29,09:15:00,,5,,2025-05-22 16:58:50
1086,2,324,2024-07-01,09:30:00,,4,,2025-05-22 16:58:50
1087,6,426,2024-12-10,09:15:00,,,,2025-05-22 16:58:50
1088,3,701,2024-03-11,15:45:00,,4,,2025-05-22 16:58:50
1089,5,859,2023-08-13,10:00:00,,4,,2025-05-22 16:58:50
1090,10,342,2024-09-18,12:30:00,,4,,2025-05-22 16:58:50
1091,5,17,2024-09-20,10:15:00,,5,活动组织得很好，环境舒适。,2025-05-22 16:58:50
1092,8,889,2024-07-18,13:30:00,,3,,2025-05-22 16:58:50
1093,2,31,2024-08-06,09:30:00,,4,展览内容非常丰富，很有教育意义。,2025-05-22 16:58:50
1094,6,156,2025-03-30,12:45:00,,,,2025-05-22 16:58:50
1095,2,197,2025-05-04,14:30:00,,,希望能增加互动性的展品。,2025-05-22 16:58:50
1096,2,528,2025-03-30,10:45:00,,3,,2025-05-22 16:58:50
1097,7,431,2024-08-05,14:45:00,,,,2025-05-22 16:58:50
1098,8,867,2024-08-17,11:00:00,39,3,,2025-05-22 16:58:50
1099,1,191,2023-11-18,12:15:00,,,,2025-05-22 16:58:50
1100,9,775,2025-04-21,10:15:00,,3,,2025-05-22 16:58:50
1101,4,865,2024-02-22,09:00:00,,5,,2025-05-22 16:58:50
1102,8,936,2024-11-19,11:15:00,,,建议增加外语讲解服务。,2025-05-22 16:58:50
1103,1,709,2025-04-05,12:45:00,,3,,2025-05-22 16:58:50
1104,7,857,2024-10-10,14:45:00,,3,,2025-05-22 16:58:50
1105,5,719,2023-07-13,12:30:00,,,,2025-05-22 16:58:50
1106,1,256,2023-12-28,11:30:00,,5,,2025-05-22 16:58:50
1107,8,949,2023-09-23,12:00:00,,5,,2025-05-22 16:58:50
1108,1,833,2024-12-05,11:45:00,,3,,2025-05-22 16:58:50
1109,3,656,2024-01-02,11:45:00,,3,,2025-05-22 16:58:50
1110,3,216,2024-06-15,10:00:00,,3,,2025-05-22 16:58:50
1111,1,840,2024-05-04,12:00:00,,,,2025-05-22 16:58:50
1112,1,732,2025-02-09,09:45:00,,,,2025-05-22 16:58:50
1113,4,508,2025-02-27,09:45:00,49,,,2025-05-22 16:58:50
1114,9,140,2023-12-20,14:30:00,,3,,2025-05-22 16:58:50
1115,3,192,2024-07-15,14:30:00,,4,,2025-05-22 16:58:50
1116,9,688,2024-04-08,14:45:00,,3,,2025-05-22 16:58:50
1117,2,435,2025-03-22,11:45:00,,5,很适合带孩子来参观学习。,2025-05-22 16:58:50
1118,4,633,2024-10-19,16:15:00,,3,,2025-05-22 16:58:50
1119,6,258,2023-11-18,14:45:00,,4,,2025-05-22 16:58:50
1120,5,224,2023-09-13,10:00:00,,5,讲解员专业知识丰富，讲解生动。,2025-05-22 16:58:50
1121,10,701,2024-11-26,15:30:00,,,,2025-05-22 16:58:50
1122,9,782,2024-07-02,12:30:00,,,,2025-05-22 16:58:50
1123,8,253,2025-04-03,12:15:00,,4,,2025-05-22 16:58:50
1124,7,469,2024-04-10,13:00:00,,,,2025-05-22 16:58:50
1125,5,983,2024-11-19,15:45:00,,,,2025-05-22 16:58:50
1126,4,233,2024-11-22,13:45:00,49,4,,2025-05-22 16:58:50
1127,6,366,2025-03-30,11:15:00,,,,2025-05-22 16:58:50
1128,2,488,2024-05-17,10:30:00,,4,,2025-05-22 16:58:50
1129,2,518,2024-03-11,15:00:00,,,部分展区很精彩，部分展区一般。,2025-05-22 16:58:50
1130,8,219,2024-05-27,11:00:00,,,,2025-05-22 16:58:50
1131,5,945,2023-09-23,10:45:00,,,,2025-05-22 16:58:50
1132,4,688,2024-06-11,13:00:00,,,希望能增加互动性的展品。,2025-05-22 16:58:50
1133,2,231,2023-08-15,16:15:00,,,,2025-05-22 16:58:50
1134,7,438,2024-02-12,15:30:00,,3,建议增加外语讲解服务。,2025-05-22 16:58:50
1135,1,549,2024-04-11,13:30:00,,4,交通便利，设施完善。,2025-05-22 16:58:50
1136,8,205,2023-10-22,16:00:00,,3,,2025-05-22 16:58:50
1137,8,2,2024-07-10,13:45:00,,3,建议增加外语讲解服务。,2025-05-22 16:58:50
1138,9,24,2025-03-31,12:45:00,,5,,2025-05-22 16:58:50
1139,8,222,2023-09-12,10:45:00,,4,,2025-05-22 16:58:50
1140,2,428,2024-08-16,12:30:00,,,,2025-05-22 16:58:50
1141,10,292,2024-11-12,10:45:00,,4,,2025-05-22 16:58:50
1142,7,758,2025-03-11,16:30:00,,4,,2025-05-22 16:58:50
1143,2,507,2024-08-11,10:30:00,,,,2025-05-22 16:58:50
1144,4,924,2025-05-16,13:45:00,,,,2025-05-22 16:58:50
1145,9,967,2024-07-16,10:00:00,,,,2025-05-22 16:58:50
1146,11,831,2024-12-13,16:45:00,,,,2025-05-22 16:58:50
1147,2,369,2025-03-28,15:15:00,,,,2025-05-22 16:58:50
1148,5,652,2023-11-06,15:15:00,,4,,2025-05-22 16:58:50
1149,10,738,2024-07-21,15:45:00,,3,部分展区很精彩，部分展区一般。,2025-05-22 16:58:50
1150,9,62,2024-12-04,10:45:00,,5,,2025-05-22 16:58:50
1151,4,26,2024-06-16,15:45:00,,4,活动组织得很好，环境舒适。,2025-05-22 16:58:50
1152,5,215,2024-11-12,14:15:00,,,,2025-05-22 16:58:50
1153,1,483,2023-12-13,14:30:00,,,整体还不错，但有提升空间。,2025-05-22 16:58:50
1154,5,928,2025-02-15,15:45:00,,5,,2025-05-22 16:58:50
1155,2,706,2023-07-13,13:30:00,,5,,2025-05-22 16:58:50
1156,4,841,2024-12-28,13:30:00,,,,2025-05-22 16:58:50
1157,5,413,2023-09-29,12:30:00,,,,2025-05-22 16:58:50
1158,10,939,2024-01-20,16:00:00,,4,展览内容非常丰富，很有教育意义。,2025-05-22 16:58:50
1159,2,13,2023-12-16,12:30:00,,,,2025-05-22 16:58:50
1160,7,462,2024-04-13,09:30:00,,,,2025-05-22 16:58:50
1161,4,615,2024-08-06,14:45:00,,,,2025-05-22 16:58:50
1162,5,905,2024-07-22,11:15:00,,5,,2025-05-22 16:58:50
1163,2,377,2024-09-10,11:30:00,,5,,2025-05-22 16:58:50
1164,7,567,2024-06-20,14:45:00,,4,,2025-05-22 16:58:50
1165,5,221,2024-08-25,12:00:00,,5,很适合带孩子来参观学习。,2025-05-22 16:58:50
1166,10,335,2024-11-17,11:45:00,,4,展览内容非常丰富，很有教育意义。,2025-05-22 16:58:50
1167,3,605,2024-06-30,15:00:00,,,,2025-05-22 16:58:50
1168,9,541,2024-07-17,15:45:00,,3,希望能增加互动性的展品。,2025-05-22 16:58:50
1169,6,706,2025-01-05,14:45:00,,,,2025-05-22 16:58:50
1170,8,258,2024-08-06,16:15:00,,4,交通便利，设施完善。,2025-05-22 16:58:50
1171,8,469,2025-03-08,12:45:00,,4,,2025-05-22 16:58:50
1172,7,492,2024-02-04,14:00:00,,,,2025-05-22 16:58:50
1173,7,722,2024-11-05,16:45:00,,3,,2025-05-22 16:58:50
1174,3,905,2024-04-05,15:00:00,,,,2025-05-22 16:58:50
1175,11,486,2023-05-28,16:30:00,,,,2025-05-22 16:58:50
1176,6,727,2024-06-07,11:45:00,,4,展览内容非常丰富，很有教育意义。,2025-05-22 16:58:50
1177,4,632,2023-07-19,13:30:00,,4,,2025-05-22 16:58:50
1178,9,712,2024-10-04,11:00:00,,,建议增加外语讲解服务。,2025-05-22 16:58:50
1179,9,742,2024-04-17,13:15:00,,,,2025-05-22 16:58:50
1180,5,438,2024-03-16,15:45:00,,,,2025-05-22 16:58:50
1181,4,357,2023-11-23,12:00:00,,3,,2025-05-22 16:58:50
1182,4,682,2024-03-05,16:15:00,,,整体还不错，但有提升空间。,2025-05-22 16:58:50
1183,7,64,2023-09-26,09:45:00,,,,2025-05-22 16:58:50
1184,3,755,2025-05-04,16:00:00,,,,2025-05-22 16:58:50
1185,6,548,2025-01-29,16:00:00,,5,讲解员专业知识丰富，讲解生动。,2025-05-22 16:58:50
1186,9,433,2024-07-26,11:00:00,23,5,,2025-05-22 16:58:50
1187,11,231,2023-12-14,14:15:00,,4,,2025-05-22 16:58:50
1188,7,413,2024-08-23,12:00:00,,,,2025-05-22 16:58:50
1189,3,352,2024-08-22,16:00:00,,3,,2025-05-22 16:58:50
1190,2,128,2023-10-26,16:00:00,,,,2025-05-22 16:58:50
1191,8,784,2024-10-20,09:00:00,,,,2025-05-22 16:58:50
1192,7,572,2025-03-11,12:45:00,,4,讲解员专业知识丰富，讲解生动。,2025-05-22 16:58:50
1193,7,1001,2023-09-01,15:30:00,,,,2025-05-22 16:58:50
1194,5,141,2023-06-05,12:45:00,,4,,2025-05-22 16:58:50
1195,11,595,2024-09-21,09:15:00,,,,2025-05-22 16:58:50
1196,6,571,2024-09-27,09:30:00,,5,,2025-05-22 16:58:50
1197,3,332,2025-02-25,12:15:00,,,,2025-05-22 16:58:50
1198,5,949,2025-03-15,13:45:00,,,,2025-05-22 16:58:50
1199,5,141,2024-05-02,16:45:00,,5,,2025-05-22 16:58:50
1200,4,937,2023-06-05,16:15:00,,,,2025-05-22 16:58:50
1201,7,321,2023-08-29,14:45:00,,5,,2025-05-22 16:58:50
1202,8,456,2025-01-27,09:30:00,,5,,2025-05-22 16:58:50
1203,6,794,2024-11-05,15:00:00,,4,,2025-05-22 16:58:50
1204,8,572,2025-04-05,12:00:00,,,,2025-05-22 16:58:50
1205,5,629,2025-04-24,11:15:00,,,,2025-05-22 16:58:50
1206,8,833,2024-07-04,14:45:00,,4,,2025-05-22 16:58:50
1207,7,300,2024-10-04,14:00:00,,3,,2025-05-22 16:58:50
1208,4,695,2024-07-21,13:30:00,,3,,2025-05-22 16:58:50
1209,1,812,2024-11-14,13:30:00,,,,2025-05-22 16:58:50
1210,11,391,2024-10-10,15:15:00,,4,展览内容非常丰富，很有教育意义。,2025-05-22 16:58:50
1211,1,230,2025-01-06,16:45:00,,,,2025-05-22 16:58:50
1212,11,346,2024-01-18,13:00:00,,3,,2025-05-22 16:58:50
1213,4,190,2024-10-01,10:15:00,,,,2025-05-22 16:58:50
1214,2,524,2024-06-07,16:00:00,,4,,2025-05-22 16:58:50
1215,10,113,2025-01-04,16:30:00,,4,,2025-05-22 16:58:50
1216,7,437,2024-06-17,15:45:00,,3,整体还不错，但有提升空间。,2025-05-22 16:58:50
1217,5,210,2023-11-05,14:30:00,,4,,2025-05-22 16:58:50
1218,1,617,2024-08-09,09:00:00,,3,,2025-05-22 16:58:50
1219,3,977,2025-01-14,12:00:00,,5,,2025-05-22 16:58:50
1220,4,677,2025-03-07,12:45:00,,5,讲解员专业知识丰富，讲解生动。,2025-05-22 16:58:50
1221,9,623,2023-11-16,15:45:00,,5,,2025-05-22 16:58:50
1222,7,821,2024-08-13,15:00:00,,4,,2025-05-22 16:58:50
1223,4,38,2024-08-19,09:15:00,,,,2025-05-22 16:58:50
1224,7,90,2024-05-29,11:30:00,,,,2025-05-22 16:58:50
1225,4,488,2024-04-04,12:30:00,,4,,2025-05-22 16:58:50
1226,1,650,2024-07-11,13:00:00,,5,,2025-05-22 16:58:50
1227,6,570,2024-07-15,12:00:00,,3,,2025-05-22 16:58:50
1228,7,758,2024-09-12,11:00:00,,5,很适合带孩子来参观学习。,2025-05-22 16:58:50
1229,5,382,2024-11-22,11:15:00,,4,,2025-05-22 16:58:50
1230,1,862,2024-09-24,15:15:00,,4,,2025-05-22 16:58:50
1231,5,947,2024-10-12,13:00:00,,,,2025-05-22 16:58:50
1232,9,567,2024-04-20,14:15:00,,,,2025-05-22 16:58:50
1233,11,769,2025-03-14,13:00:00,,3,停车不太方便。,2025-05-22 16:58:50
1234,8,462,2023-07-29,14:45:00,,,,2025-05-22 16:58:50
1235,4,845,2023-08-20,11:30:00,,,,2025-05-22 16:58:50
1236,4,680,2024-05-03,14:00:00,,,,2025-05-22 16:58:50
1237,1,277,2024-09-08,16:00:00,,4,交通便利，设施完善。,2025-05-22 16:58:50
1238,5,998,2023-08-26,15:15:00,,5,,2025-05-22 16:58:50
1239,4,145,2023-07-11,10:15:00,,4,,2025-05-22 16:58:50
1240,2,533,2023-08-04,12:45:00,,5,,2025-05-22 16:58:50
1241,6,536,2024-10-19,16:00:00,,5,,2025-05-22 16:58:50
1242,7,185,2024-09-16,14:30:00,,3,,2025-05-22 16:58:50
1243,4,972,2024-03-06,11:45:00,,4,展览内容非常丰富，很有教育意义。,2025-05-22 16:58:50
1244,11,453,2025-04-14,11:45:00,,5,,2025-05-22 16:58:50
1245,10,250,2023-10-31,10:00:00,,4,,2025-05-22 16:58:50
1246,1,325,2023-07-05,12:15:00,,3,,2025-05-22 16:58:50
1247,4,607,2024-12-10,14:00:00,49,,,2025-05-22 16:58:50
1248,11,621,2023-09-22,15:00:00,,3,,2025-05-22 16:58:50
1249,8,252,2024-05-19,09:45:00,,4,,2025-05-22 16:58:50
1250,1,850,2023-06-25,16:15:00,,,,2025-05-22 16:58:50
1251,1,311,2023-10-18,13:15:00,,,希望能增加互动性的展品。,2025-05-22 16:58:50
1252,1,174,2024-08-18,13:45:00,,4,,2025-05-22 16:58:50
1253,8,56,2024-02-01,16:15:00,,3,,2025-05-22 16:58:50
1254,4,337,2023-12-19,16:15:00,,4,,2025-05-22 16:58:50
1255,4,957,2024-12-02,10:15:00,49,4,活动组织得很好，环境舒适。,2025-05-22 16:58:50
1256,8,793,2023-09-02,12:00:00,,4,,2025-05-22 16:58:50
1257,2,630,2025-04-27,11:00:00,,,建议增加外语讲解服务。,2025-05-22 16:58:50
1258,2,556,2025-03-22,16:00:00,,3,,2025-05-22 16:58:50
1259,2,472,2024-11-27,13:45:00,,3,整体还不错，但有提升空间。,2025-05-22 16:58:50
1260,6,488,2024-07-27,11:45:00,,3,,2025-05-22 16:58:50
1261,11,705,2024-09-13,16:45:00,,4,,2025-05-22 16:58:50
1262,7,319,2024-09-13,10:45:00,,3,部分展区很精彩，部分展区一般。,2025-05-22 16:58:50
1263,6,358,2025-02-24,12:15:00,,5,,2025-05-22 16:58:50
1264,9,783,2025-02-21,16:00:00,,,,2025-05-22 16:58:50
1265,9,987,2025-01-25,14:45:00,,,部分展区很精彩，部分展区一般。,2025-05-22 16:58:50
1266,6,109,2024-10-10,13:15:00,,,,2025-05-22 16:58:50
1267,4,399,2023-09-08,15:45:00,,,,2025-05-22 16:58:50
1268,1,507,2024-06-23,13:45:00,,5,讲解员专业知识丰富，讲解生动。,2025-05-22 16:58:50
1269,5,526,2023-12-04,09:30:00,,,,2025-05-22 16:58:50
1270,8,962,2024-10-21,12:00:00,,3,希望能增加互动性的展品。,2025-05-22 16:58:50
1271,5,24,2023-12-15,10:45:00,,,,2025-05-22 16:58:50
1272,4,288,2024-01-02,11:00:00,,4,,2025-05-22 16:58:50
1273,5,13,2024-11-29,13:00:00,,,,2025-05-22 16:58:50
1274,1,376,2023-11-20,13:30:00,,5,,2025-05-22 16:58:50
1275,8,125,2024-06-30,16:00:00,,,,2025-05-22 16:58:50
1276,7,247,2025-01-15,10:45:00,,3,,2025-05-22 16:58:50
1277,9,204,2024-11-05,15:30:00,,,停车不太方便。,2025-05-22 16:58:50
1278,11,638,2024-10-29,15:00:00,,5,,2025-05-22 16:58:50
1279,7,70,2024-08-01,16:30:00,,,,2025-05-22 16:58:50
1280,5,797,2024-08-30,10:15:00,,,希望能增加互动性的展品。,2025-05-22 16:58:50
1281,6,220,2024-04-30,13:00:00,,5,,2025-05-22 16:58:50
1282,9,758,2023-12-29,16:00:00,,3,希望能增加互动性的展品。,2025-05-22 16:58:50
1283,2,387,2025-03-01,12:00:00,,3,整体还不错，但有提升空间。,2025-05-22 16:58:50
1284,6,926,2024-05-16,16:00:00,,5,展览内容非常丰富，很有教育意义。,2025-05-22 16:58:50
1285,8,327,2024-12-30,09:00:00,,,整体还不错，但有提升空间。,2025-05-22 16:58:50
1286,8,81,2024-05-16,12:15:00,,,,2025-05-22 16:58:50
1287,1,39,2024-03-29,15:00:00,,4,,2025-05-22 16:58:50
1288,2,279,2023-12-01,14:00:00,,4,,2025-05-22 16:58:50
1289,3,225,2024-08-02,11:45:00,,3,,2025-05-22 16:58:50
1290,9,716,2025-02-14,12:45:00,,5,很适合带孩子来参观学习。,2025-05-22 16:58:50
1291,4,683,2024-06-28,15:30:00,,3,,2025-05-22 16:58:50
1292,4,120,2025-03-14,14:00:00,,,,2025-05-22 16:58:50
1293,1,323,2024-10-02,16:00:00,,,,2025-05-22 16:58:50
1294,11,974,2025-04-17,13:00:00,,,,2025-05-22 16:58:50
1295,5,552,2024-08-23,15:30:00,,5,,2025-05-22 16:58:50
1296,3,991,2023-08-20,14:15:00,,5,,2025-05-22 16:58:50
1297,2,708,2025-05-10,09:45:00,,3,,2025-05-22 16:58:50
1298,7,532,2024-08-09,15:00:00,,5,很适合带孩子来参观学习。,2025-05-22 16:58:50
1299,9,246,2024-04-24,16:45:00,,,,2025-05-22 16:58:50
1300,4,452,2025-04-27,12:00:00,,3,希望能增加互动性的展品。,2025-05-22 16:58:50
1301,8,121,2024-09-05,12:30:00,39,,停车不太方便。,2025-05-22 16:58:50
1302,1,806,2024-11-27,10:15:00,,,,2025-05-22 16:58:50
1303,5,428,2024-11-04,10:00:00,,,,2025-05-22 16:58:50
1304,7,107,2023-12-21,13:30:00,,5,展览内容非常丰富，很有教育意义。,2025-05-22 16:58:50
1305,7,734,2024-07-05,16:30:00,,,,2025-05-22 16:58:50
1306,4,376,2024-12-15,16:15:00,,4,,2025-05-22 16:58:50
1307,5,564,2024-11-26,15:30:00,,,,2025-05-22 16:58:50
1308,9,187,2023-08-03,14:30:00,,4,,2025-05-22 16:58:50
1309,7,235,2023-08-28,13:15:00,,,,2025-05-22 16:58:50
1310,5,345,2025-04-21,13:30:00,,,停车不太方便。,2025-05-22 16:58:50
1311,1,657,2024-08-21,09:30:00,,5,,2025-05-22 16:58:50
1312,9,183,2024-12-05,15:15:00,,4,讲解员专业知识丰富，讲解生动。,2025-05-22 16:58:50
1313,4,543,2025-02-05,11:00:00,49,5,,2025-05-22 16:58:50
1314,9,168,2025-01-19,15:00:00,,,停车不太方便。,2025-05-22 16:58:50
1315,9,27,2024-09-13,12:00:00,,,,2025-05-22 16:58:50
1316,8,389,2024-03-06,12:00:00,,5,,2025-05-22 16:58:50
1317,9,733,2024-08-25,12:45:00,23,,,2025-05-22 16:58:50
1318,5,490,2024-11-24,09:15:00,,5,,2025-05-22 16:58:50
1319,7,451,2023-11-27,13:45:00,,4,,2025-05-22 16:58:50
1320,2,947,2023-09-30,16:15:00,,3,,2025-05-22 16:58:50
1321,2,133,2024-08-12,11:45:00,,3,,2025-05-22 16:58:50
1322,3,291,2025-03-11,15:15:00,,5,,2025-05-22 16:58:50
1323,3,593,2024-11-09,16:15:00,,,部分展区很精彩，部分展区一般。,2025-05-22 16:58:50
1324,4,212,2024-05-31,09:45:00,,3,,2025-05-22 16:58:50
1325,6,450,2025-05-11,13:15:00,,5,,2025-05-22 16:58:50
1326,1,538,2024-04-17,14:30:00,,4,,2025-05-22 16:58:50
1327,10,757,2024-08-26,09:30:00,,,,2025-05-22 16:58:50
1328,7,627,2024-07-09,15:30:00,,5,,2025-05-22 16:58:50
1329,1,596,2025-03-07,12:15:00,,5,展览内容非常丰富，很有教育意义。,2025-05-22 16:58:50
1330,2,957,2024-08-04,09:45:00,,,,2025-05-22 16:58:50
1331,8,363,2023-07-22,11:15:00,,4,,2025-05-22 16:58:50
1332,1,249,2024-07-23,13:00:00,,5,,2025-05-22 16:58:50
1333,4,819,2024-12-08,12:00:00,,,,2025-05-22 16:58:50
1334,7,838,2023-12-28,14:15:00,,4,,2025-05-22 16:58:50
1335,7,899,2024-08-22,13:15:00,,,,2025-05-22 16:58:50
1336,2,36,2025-04-28,10:00:00,,,部分展区很精彩，部分展区一般。,2025-05-22 16:58:50
1337,9,315,2024-03-29,14:45:00,,,,2025-05-22 16:58:50
1338,8,212,2023-09-23,14:00:00,,4,,2025-05-22 16:58:50
1339,3,276,2025-01-15,12:30:00,,5,展览内容非常丰富，很有教育意义。,2025-05-22 16:58:50
1340,3,53,2024-11-16,10:30:00,,3,,2025-05-22 16:58:50
1341,10,772,2025-02-13,16:15:00,,3,,2025-05-22 16:58:50
1342,6,583,2024-01-11,12:00:00,,4,,2025-05-22 16:58:50
1343,8,140,2023-12-27,13:00:00,,4,,2025-05-22 16:58:50
1344,9,792,2025-03-13,14:00:00,,,,2025-05-22 16:58:50
1345,7,18,2024-10-12,15:45:00,,5,,2025-05-22 16:58:50
1346,11,348,2023-06-13,11:45:00,,,,2025-05-22 16:58:50
1347,4,874,2025-01-27,16:15:00,,,,2025-05-22 16:58:50
1348,2,541,2024-06-06,15:45:00,,4,,2025-05-22 16:58:50
1349,6,952,2024-07-04,16:30:00,29,5,交通便利，设施完善。,2025-05-22 16:58:50
1350,5,707,2024-11-08,11:30:00,,5,,2025-05-22 16:58:50
1351,5,721,2024-08-23,11:00:00,,,停车不太方便。,2025-05-22 16:58:50
1352,8,290,2023-07-02,11:30:00,,5,,2025-05-22 16:58:50
1353,5,331,2024-08-20,14:45:00,,3,,2025-05-22 16:58:50
1354,9,68,2024-06-07,11:00:00,,,整体还不错，但有提升空间。,2025-05-22 16:58:50
1355,11,765,2024-07-14,12:30:00,,4,,2025-05-22 16:58:50
1356,5,57,2024-10-27,15:00:00,,5,,2025-05-22 16:58:50
1357,6,821,2025-02-22,15:15:00,,3,,2025-05-22 16:58:50
1358,9,932,2025-01-12,14:30:00,,5,,2025-05-22 16:58:50
1359,5,526,2023-10-02,15:45:00,,5,,2025-05-22 16:58:50
1360,3,940,2024-02-18,14:15:00,,,建议增加外语讲解服务。,2025-05-22 16:58:50
1361,5,14,2024-07-04,11:00:00,,3,,2025-05-22 16:58:50
1362,7,556,2024-09-20,16:30:00,,5,,2025-05-22 16:58:50
1363,3,297,2025-01-03,13:00:00,,4,,2025-05-22 16:58:50
1364,11,879,2023-09-26,09:45:00,,4,展览内容非常丰富，很有教育意义。,2025-05-22 16:58:50
1365,10,352,2025-01-01,16:00:00,,3,部分展区很精彩，部分展区一般。,2025-05-22 16:58:50
1366,1,115,2024-10-27,15:30:00,,,,2025-05-22 16:58:50
1367,5,694,2024-10-22,09:00:00,,4,,2025-05-22 16:58:50
1368,2,879,2023-10-15,11:00:00,,3,,2025-05-22 16:58:50
1369,9,136,2024-08-26,10:00:00,23,,,2025-05-22 16:58:50
1370,9,992,2023-08-28,14:45:00,,5,,2025-05-22 16:58:50
1371,6,229,2023-10-03,11:00:00,,,部分展区很精彩，部分展区一般。,2025-05-22 16:58:50
1372,6,323,2023-11-15,09:30:00,,,整体还不错，但有提升空间。,2025-05-22 16:58:50
1373,11,449,2023-12-05,15:45:00,,5,,2025-05-22 16:58:50
1374,3,331,2025-03-31,09:30:00,,5,,2025-05-22 16:58:50
1375,3,258,2023-11-26,13:00:00,,4,,2025-05-22 16:58:50
1376,7,434,2024-08-28,14:30:00,,,,2025-05-22 16:58:50
1377,4,540,2024-07-27,14:45:00,,3,,2025-05-22 16:58:50
1378,8,734,2025-04-12,10:00:00,,,,2025-05-22 16:58:50
1379,10,317,2024-10-04,11:45:00,,,,2025-05-22 16:58:50
1380,7,570,2023-07-19,16:00:00,,4,,2025-05-22 16:58:50
1381,11,195,2024-08-08,14:15:00,,3,,2025-05-22 16:58:50
1382,2,83,2023-10-09,12:30:00,,,部分展区很精彩，部分展区一般。,2025-05-22 16:58:50
1383,2,530,2023-10-19,16:15:00,,3,,2025-05-22 16:58:50
1384,1,185,2024-02-28,16:00:00,,4,,2025-05-22 16:58:50
1385,3,632,2023-08-14,14:30:00,,3,,2025-05-22 16:58:50
1386,2,732,2025-04-27,14:15:00,,4,,2025-05-22 16:58:50
1387,8,322,2024-12-25,12:15:00,,,希望能增加互动性的展品。,2025-05-22 16:58:50
1388,4,502,2024-09-28,11:00:00,,,,2025-05-22 16:58:50
1389,9,340,2023-11-21,16:30:00,,,整体还不错，但有提升空间。,2025-05-22 16:58:50
1390,4,747,2025-02-24,15:45:00,,,,2025-05-22 16:58:50
1391,5,339,2024-06-28,09:15:00,,3,,2025-05-22 16:58:50
1392,10,29,2024-10-02,11:45:00,,5,讲解员专业知识丰富，讲解生动。,2025-05-22 16:58:50
1393,1,73,2025-02-23,12:00:00,,5,,2025-05-22 16:58:50
1394,1,745,2024-06-26,14:45:00,,4,,2025-05-22 16:58:50
1395,5,802,2024-02-05,14:30:00,,,,2025-05-22 16:58:50
1396,6,613,2024-11-03,10:15:00,,5,,2025-05-22 16:58:50
1397,9,857,2024-07-30,15:15:00,23,,建议增加外语讲解服务。,2025-05-22 16:58:50
1398,7,845,2025-01-16,12:30:00,,,部分展区很精彩，部分展区一般。,2025-05-22 16:58:50
1399,7,591,2024-04-10,15:45:00,,,,2025-05-22 16:58:50
1400,8,728,2024-05-22,15:30:00,,5,,2025-05-22 16:58:50
1401,7,287,2024-08-03,12:15:00,,4,,2025-05-22 16:58:50
1402,8,245,2025-04-21,09:00:00,,,,2025-05-22 16:58:50
1403,3,656,2023-10-23,16:00:00,,4,,2025-05-22 16:58:50
1404,6,577,2024-06-13,11:00:00,29,5,,2025-05-22 16:58:50
1405,9,444,2024-07-20,10:30:00,23,,,2025-05-22 16:58:50
1406,11,916,2024-07-17,14:15:00,,3,,2025-05-22 16:58:50
1407,9,616,2025-04-03,15:15:00,,5,,2025-05-22 16:58:50
1408,4,110,2024-09-27,16:00:00,,4,,2025-05-22 16:58:50
1409,2,28,2023-07-02,12:00:00,,4,,2025-05-22 16:58:50
1410,2,973,2024-11-03,15:00:00,,,,2025-05-22 16:58:50
1411,7,757,2024-10-20,13:00:00,,,,2025-05-22 16:58:50
1412,9,756,2024-02-11,12:15:00,,3,,2025-05-22 16:58:50
1413,3,975,2024-11-08,14:00:00,,4,,2025-05-22 16:58:50
1414,1,790,2023-11-10,13:30:00,,,,2025-05-22 16:58:50
1415,9,270,2024-05-05,12:00:00,,4,很适合带孩子来参观学习。,2025-05-22 16:58:50
1416,5,247,2023-11-02,11:45:00,,,希望能增加互动性的展品。,2025-05-22 16:58:50
1417,7,726,2024-07-20,12:15:00,,,,2025-05-22 16:58:50
1418,5,534,2024-07-06,15:45:00,,4,,2025-05-22 16:58:50
1419,4,663,2025-01-29,15:15:00,,,,2025-05-22 16:58:50
1420,6,144,2023-09-04,13:30:00,,3,停车不太方便。,2025-05-22 16:58:50
1421,1,627,2024-04-29,15:30:00,,,,2025-05-22 16:58:50
1422,5,417,2024-08-05,10:00:00,,,,2025-05-22 16:58:50
1423,5,468,2025-04-21,10:30:00,,3,,2025-05-22 16:58:50
1424,6,12,2024-02-08,15:45:00,,,,2025-05-22 16:58:50
1425,2,700,2025-04-22,11:15:00,,3,,2025-05-22 16:58:50
1426,6,342,2024-09-14,15:30:00,,4,,2025-05-22 16:58:50
1427,5,374,2024-07-14,11:45:00,,,,2025-05-22 16:58:50
1428,10,167,2024-10-14,10:30:00,,,整体还不错，但有提升空间。,2025-05-22 16:58:50
1429,10,141,2024-07-28,15:30:00,,3,,2025-05-22 16:58:50
1430,6,511,2024-08-25,15:00:00,,,,2025-05-22 16:58:50
1431,3,88,2024-07-08,10:00:00,,,,2025-05-22 16:58:50
1432,5,851,2023-06-20,14:00:00,,,,2025-05-22 16:58:50
1433,7,336,2025-03-25,16:45:00,,5,,2025-05-22 16:58:50
1434,9,86,2023-10-05,16:30:00,,,,2025-05-22 16:58:50
1435,2,39,2024-07-20,16:30:00,,5,,2025-05-22 16:58:50
1436,2,517,2024-07-27,13:30:00,,5,,2025-05-22 16:58:50
1437,8,538,2024-11-25,11:45:00,,,,2025-05-22 16:58:50
1438,9,722,2025-04-27,15:45:00,,5,,2025-05-22 16:58:50
1439,4,790,2024-02-28,13:45:00,,,,2025-05-22 16:58:50
1440,7,212,2023-07-31,10:30:00,,4,讲解员专业知识丰富，讲解生动。,2025-05-22 16:58:50
1441,4,844,2024-08-18,15:30:00,,,,2025-05-22 16:58:50
1442,7,544,2023-09-09,09:45:00,,,,2025-05-22 16:58:50
1443,10,814,2024-12-30,14:15:00,,5,活动组织得很好，环境舒适。,2025-05-22 16:58:50
1444,8,626,2024-06-18,10:15:00,,3,,2025-05-22 16:58:50
1445,6,13,2023-07-14,09:00:00,,5,,2025-05-22 16:58:50
1446,2,502,2023-09-24,16:00:00,,,,2025-05-22 16:58:50
1447,8,966,2023-11-03,09:45:00,,4,,2025-05-22 16:58:50
1448,3,286,2024-03-10,16:00:00,,,,2025-05-22 16:58:50
1449,8,241,2023-08-03,15:15:00,,3,,2025-05-22 16:58:50
1450,3,945,2023-07-25,11:45:00,,,整体还不错，但有提升空间。,2025-05-22 16:58:50
1451,5,654,2023-06-15,10:30:00,,5,,2025-05-22 16:58:50
1452,9,10,2024-01-28,13:30:00,,3,整体还不错，但有提升空间。,2025-05-22 16:58:50
1453,3,829,2024-09-22,10:00:00,,3,,2025-05-22 16:58:50
1454,7,938,2024-04-30,14:45:00,,,,2025-05-22 16:58:50
1455,6,813,2024-03-15,11:15:00,,3,,2025-05-22 16:58:50
1456,10,431,2024-06-30,14:30:00,,,,2025-05-22 16:58:50
1457,1,240,2023-12-05,11:45:00,,4,,2025-05-22 16:58:50
1458,11,906,2024-03-04,10:00:00,,,,2025-05-22 16:58:50
1459,5,816,2024-04-07,16:30:00,,,,2025-05-22 16:58:50
1460,4,852,2024-07-03,15:30:00,,4,展览内容非常丰富，很有教育意义。,2025-05-22 16:58:50
1461,11,474,2025-01-06,11:30:00,,,停车不太方便。,2025-05-22 16:58:50
1462,4,660,2024-12-11,14:00:00,,,,2025-05-22 16:58:50
1463,7,623,2023-12-30,10:45:00,,,,2025-05-22 16:58:50
1464,1,729,2024-12-27,11:30:00,,5,,2025-05-22 16:58:50
1465,2,876,2023-06-25,13:00:00,,,,2025-05-22 16:58:50
1466,2,748,2025-01-30,14:15:00,,,部分展区很精彩，部分展区一般。,2025-05-22 16:58:50
1467,6,777,2024-11-05,15:30:00,,,,2025-05-22 16:58:50
1468,6,103,2024-01-20,09:00:00,,,,2025-05-22 16:58:50
1469,9,172,2025-05-21,10:00:00,,5,很适合带孩子来参观学习。,2025-05-22 16:58:50
1470,6,940,2024-05-15,11:45:00,,,,2025-05-22 16:58:50
1471,8,432,2024-12-09,16:00:00,,5,展览内容非常丰富，很有教育意义。,2025-05-22 16:58:50
1472,7,148,2024-05-22,10:00:00,,,,2025-05-22 16:58:50
1473,5,808,2024-11-26,13:15:00,,5,活动组织得很好，环境舒适。,2025-05-22 16:58:50
1474,7,445,2024-08-05,14:00:00,,,,2025-05-22 16:58:50
1475,4,485,2024-05-10,15:15:00,,,停车不太方便。,2025-05-22 16:58:50
1476,3,935,2024-07-30,14:15:00,,,,2025-05-22 16:58:50
1477,5,674,2023-05-26,14:45:00,,4,,2025-05-22 16:58:50
1478,9,810,2025-03-17,16:30:00,,,,2025-05-22 16:58:50
1479,11,169,2023-11-02,15:45:00,,4,,2025-05-22 16:58:50
1480,4,935,2025-04-01,09:15:00,,,整体还不错，但有提升空间。,2025-05-22 16:58:50
1481,4,877,2024-10-11,15:00:00,,,,2025-05-22 16:58:50
1482,1,823,2025-04-11,09:45:00,,5,,2025-05-22 16:58:50
1483,6,188,2025-04-28,15:45:00,,,,2025-05-22 16:58:50
1484,1,657,2023-11-03,12:15:00,,4,,2025-05-22 16:58:50
1485,8,24,2023-09-27,09:00:00,,4,,2025-05-22 16:58:50
1486,2,985,2025-05-04,09:30:00,,,,2025-05-22 16:58:50
1487,11,642,2024-07-03,09:30:00,,4,,2025-05-22 16:58:50
1488,4,79,2024-01-07,09:00:00,,3,希望能增加互动性的展品。,2025-05-22 16:58:50
1489,4,434,2023-10-29,11:15:00,,,,2025-05-22 16:58:50
1490,2,689,2025-02-14,09:00:00,,5,,2025-05-22 16:58:50
1491,9,873,2025-01-29,16:15:00,26,3,,2025-05-22 16:58:50
1492,8,832,2024-02-26,15:30:00,,,,2025-05-22 16:58:50
1493,9,738,2025-01-01,15:45:00,,,,2025-05-22 16:58:50
1494,8,409,2023-09-04,16:15:00,,,,2025-05-22 16:58:50
1495,9,293,2023-06-15,14:00:00,,3,,2025-05-22 16:58:50
1496,6,804,2024-01-20,11:15:00,,4,,2025-05-22 16:58:50
1497,4,258,2024-09-19,15:45:00,,4,交通便利，设施完善。,2025-05-22 16:58:50
1498,3,10,2024-12-11,12:15:00,,4,,2025-05-22 16:58:50
1499,1,792,2024-03-03,10:30:00,,5,,2025-05-22 16:58:50
1500,7,463,2025-01-10,09:15:00,,,,2025-05-22 16:58:50
1501,2,949,2024-11-08,13:30:00,,3,,2025-05-22 16:58:50
1502,1,683,2024-05-25,16:30:00,,,,2025-05-22 16:58:50
1503,3,421,2024-10-20,13:00:00,,5,,2025-05-22 16:58:50
1504,6,686,2024-02-09,09:30:00,,3,,2025-05-22 16:58:50
1505,8,64,2023-08-26,16:00:00,,3,整体还不错，但有提升空间。,2025-05-22 16:58:50
1506,9,3,2023-10-23,16:15:00,,3,,2025-05-22 16:58:50
1507,1,918,2024-06-15,09:00:00,,,,2025-05-22 16:58:50
1508,6,261,2024-02-01,11:15:00,,3,,2025-05-22 16:58:50
1509,2,148,2025-03-16,09:30:00,,,,2025-05-22 16:58:50
1510,4,654,2024-08-21,15:30:00,,3,,2025-05-22 16:58:50
1511,5,363,2024-06-15,09:30:00,,,建议增加外语讲解服务。,2025-05-22 16:58:50
1512,8,860,2024-11-28,13:00:00,,,,2025-05-22 16:58:50
1513,6,854,2024-08-25,12:45:00,,3,,2025-05-22 16:58:50
1514,8,431,2024-08-28,10:30:00,,4,,2025-05-22 16:58:50
1515,1,984,2024-08-04,09:00:00,,,,2025-05-22 16:58:50
1516,2,968,2024-10-27,11:45:00,,4,,2025-05-22 16:58:50
1517,4,568,2023-09-26,10:15:00,,3,整体还不错，但有提升空间。,2025-05-22 16:58:50
1518,2,333,2025-02-02,16:00:00,,3,,2025-05-22 16:58:50
1519,5,704,2023-09-17,13:15:00,,,,2025-05-22 16:58:50
1520,5,313,2024-10-31,09:15:00,,,,2025-05-22 16:58:50
1521,2,806,2024-10-13,12:15:00,,,,2025-05-22 16:58:50
1522,6,454,2023-08-21,13:15:00,,,,2025-05-22 16:58:50
1523,9,63,2024-07-08,09:00:00,,4,,2025-05-22 16:58:50
1524,2,966,2024-09-02,15:45:00,,5,很适合带孩子来参观学习。,2025-05-22 16:58:50
1525,11,893,2024-04-30,13:00:00,,5,,2025-05-22 16:58:50
1526,1,708,2025-03-18,10:00:00,,5,活动组织得很好，环境舒适。,2025-05-22 16:58:50
1527,3,361,2025-02-27,16:45:00,,,,2025-05-22 16:58:50
1528,1,975,2025-02-14,09:15:00,,,,2025-05-22 16:58:50
1529,8,317,2023-08-13,16:30:00,,4,,2025-05-22 16:58:50
1530,10,432,2024-08-31,10:00:00,,,停车不太方便。,2025-05-22 16:58:50
1531,7,450,2025-04-12,11:00:00,,,,2025-05-22 16:58:50
1532,11,815,2025-01-16,13:30:00,,,,2025-05-22 16:58:50
1533,2,221,2025-05-06,10:30:00,,,建议增加外语讲解服务。,2025-05-22 16:58:50
1534,2,616,2025-03-12,16:00:00,,,,2025-05-22 16:58:50
1535,11,791,2023-09-23,10:00:00,,4,,2025-05-22 16:58:50
1536,2,347,2025-03-02,11:30:00,,,,2025-05-22 16:58:50
1537,3,74,2024-08-15,10:30:00,,,,2025-05-22 16:58:50
1538,8,816,2025-03-31,13:45:00,,4,,2025-05-22 16:58:50
1539,6,290,2025-05-13,10:45:00,,,整体还不错，但有提升空间。,2025-05-22 16:58:50
1540,9,161,2023-09-29,13:45:00,,,,2025-05-22 16:58:50
1541,7,582,2023-12-26,10:00:00,,4,,2025-05-22 16:58:50
1542,3,903,2023-12-04,13:15:00,,4,,2025-05-22 16:58:50
1543,3,901,2024-07-24,09:45:00,,3,,2025-05-22 16:58:50
1544,9,268,2024-04-30,14:30:00,,,,2025-05-22 16:58:50
1545,4,220,2023-07-11,11:00:00,,,建议增加外语讲解服务。,2025-05-22 16:58:50
1546,3,234,2024-05-01,15:15:00,,3,停车不太方便。,2025-05-22 16:58:50
1547,6,930,2024-03-31,16:30:00,,,,2025-05-22 16:58:50
1548,11,357,2024-12-07,09:15:00,,,,2025-05-22 16:58:50
1549,4,788,2023-10-04,11:45:00,,,,2025-05-22 16:58:50
1550,9,758,2024-02-22,16:15:00,,4,,2025-05-22 16:58:50
1551,9,660,2024-07-26,14:15:00,,3,,2025-05-22 16:58:50
1552,9,199,2024-09-15,12:45:00,,,,2025-05-22 16:58:50
1553,6,642,2025-03-21,14:15:00,,3,希望能增加互动性的展品。,2025-05-22 16:58:50
1554,7,433,2024-02-25,15:30:00,,5,,2025-05-22 16:58:50
1555,3,593,2024-02-29,10:30:00,,4,,2025-05-22 16:58:50
1556,4,802,2024-05-12,16:15:00,,3,希望能增加互动性的展品。,2025-05-22 16:58:50
1557,4,493,2024-08-13,13:45:00,,,,2025-05-22 16:58:50
1558,5,25,2024-07-23,14:30:00,,3,,2025-05-22 16:58:50
1559,6,822,2025-01-01,12:15:00,,4,,2025-05-22 16:58:50
1560,10,248,2024-06-30,15:45:00,,4,,2025-05-22 16:58:50
1561,5,684,2025-03-07,16:00:00,,5,,2025-05-22 16:58:50
1562,5,881,2023-07-01,15:00:00,,,,2025-05-22 16:58:50
1563,9,480,2025-01-25,16:45:00,,3,整体还不错，但有提升空间。,2025-05-22 16:58:50
1564,5,415,2023-10-10,13:45:00,,,,2025-05-22 16:58:50
1565,4,520,2024-01-19,15:30:00,,5,,2025-05-22 16:58:50
1566,4,198,2025-01-20,14:30:00,49,,,2025-05-22 16:58:50
1567,4,200,2024-07-02,13:30:00,,5,,2025-05-22 16:58:50
1568,1,854,2025-01-27,12:45:00,,3,,2025-05-22 16:58:50
1569,7,967,2025-03-11,09:30:00,,3,,2025-05-22 16:58:50
1570,4,660,2024-10-15,10:15:00,,5,,2025-05-22 16:58:50
1571,2,702,2024-07-07,15:45:00,,4,,2025-05-22 16:58:50
1572,4,935,2025-04-25,10:30:00,,5,,2025-05-22 16:58:50
1573,7,356,2024-04-28,14:15:00,,,,2025-05-22 16:58:50
1574,5,88,2024-10-25,14:15:00,,3,,2025-05-22 16:58:50
1575,3,431,2023-07-13,13:15:00,,4,,2025-05-22 16:58:50
1576,2,319,2024-08-16,11:30:00,,,整体还不错，但有提升空间。,2025-05-22 16:58:50
1577,11,285,2023-12-10,13:00:00,,3,,2025-05-22 16:58:50
1578,3,602,2025-04-25,09:45:00,,,,2025-05-22 16:58:50
1579,10,677,2023-10-14,11:15:00,,,停车不太方便。,2025-05-22 16:58:50
1580,11,829,2024-08-30,14:00:00,,4,,2025-05-22 16:58:50
1581,6,727,2024-10-14,15:30:00,,4,,2025-05-22 16:58:50
1582,9,262,2024-07-31,13:30:00,,5,活动组织得很好，环境舒适。,2025-05-22 16:58:50
1583,7,309,2025-05-13,16:15:00,,5,,2025-05-22 16:58:50
1584,6,713,2023-08-20,14:15:00,,3,整体还不错，但有提升空间。,2025-05-22 16:58:50
1585,9,839,2025-03-31,12:45:00,,,,2025-05-22 16:58:50
1586,1,537,2024-08-15,12:45:00,,,,2025-05-22 16:58:50
1587,1,349,2025-05-20,16:15:00,,4,展览内容非常丰富，很有教育意义。,2025-05-22 16:58:50
1588,6,677,2025-04-12,15:45:00,,,,2025-05-22 16:58:50
1589,8,982,2024-11-02,16:30:00,,4,,2025-05-22 16:58:50
1590,3,739,2023-11-24,12:00:00,,3,,2025-05-22 16:58:50
1591,8,808,2023-12-26,16:45:00,,,建议增加外语讲解服务。,2025-05-22 16:58:50
1592,4,566,2024-10-23,10:15:00,,,,2025-05-22 16:58:50
1593,7,48,2025-04-16,14:30:00,,5,,2025-05-22 16:58:50
1594,1,335,2025-02-10,11:45:00,,,,2025-05-22 16:58:50
1595,10,404,2025-01-16,15:00:00,,5,,2025-05-22 16:58:50
1596,1,990,2025-01-07,15:15:00,,5,活动组织得很好，环境舒适。,2025-05-22 16:58:50
1597,1,297,2025-02-05,13:15:00,,3,,2025-05-22 16:58:50
1598,3,579,2024-11-14,09:00:00,,4,,2025-05-22 16:58:50
1599,4,337,2025-02-28,14:15:00,,5,,2025-05-22 16:58:50
1600,3,839,2023-06-18,11:45:00,,3,希望能增加互动性的展品。,2025-05-22 16:58:50
1601,5,994,2025-03-24,09:00:00,,,,2025-05-22 16:58:50
1602,4,354,2024-06-21,11:45:00,,,,2025-05-22 16:58:50
1603,5,488,2025-05-08,15:30:00,,,,2025-05-22 16:58:50
1604,2,893,2025-03-31,14:00:00,,3,,2025-05-22 16:58:50
1605,3,674,2024-07-22,14:00:00,,4,,2025-05-22 16:58:50
1606,3,738,2023-06-03,14:45:00,,,,2025-05-22 16:58:50
1607,3,6,2025-02-01,15:00:00,,3,部分展区很精彩，部分展区一般。,2025-05-22 16:58:50
1608,7,652,2024-08-16,13:00:00,,4,,2025-05-22 16:58:50
1609,6,123,2025-02-13,14:00:00,,3,,2025-05-22 16:58:50
1610,4,623,2025-01-03,09:30:00,,5,展览内容非常丰富，很有教育意义。,2025-05-22 16:58:50
1611,1,646,2023-07-01,11:15:00,,5,活动组织得很好，环境舒适。,2025-05-22 16:58:50
1612,6,568,2024-07-18,10:15:00,,3,,2025-05-22 16:58:50
1613,11,942,2024-08-26,11:45:00,,,,2025-05-22 16:58:50
1614,3,242,2024-11-23,11:45:00,,4,,2025-05-22 16:58:50
1615,3,835,2023-06-07,12:45:00,,5,很适合带孩子来参观学习。,2025-05-22 16:58:50
1616,8,722,2024-10-12,12:00:00,37,,,2025-05-22 16:58:50
1617,8,715,2025-02-20,12:45:00,,5,,2025-05-22 16:58:50
1618,3,549,2024-12-18,16:15:00,,4,,2025-05-22 16:58:50
1619,11,754,2024-11-10,15:45:00,,4,,2025-05-22 16:58:50
1620,8,846,2024-08-13,12:00:00,39,5,讲解员专业知识丰富，讲解生动。,2025-05-22 16:58:50
1621,4,229,2024-04-03,11:30:00,,,停车不太方便。,2025-05-22 16:58:50
1622,1,750,2024-05-15,09:15:00,,4,,2025-05-22 16:58:50
1623,3,137,2024-04-04,14:30:00,,4,,2025-05-22 16:58:50
1624,7,343,2024-05-16,12:30:00,,4,活动组织得很好，环境舒适。,2025-05-22 16:58:50
1625,5,521,2023-07-10,15:15:00,,5,很适合带孩子来参观学习。,2025-05-22 16:58:50
1626,6,355,2024-01-19,13:00:00,,,,2025-05-22 16:58:50
1627,11,18,2023-08-28,16:15:00,,,,2025-05-22 16:58:50
1628,3,944,2024-02-27,11:00:00,,4,展览内容非常丰富，很有教育意义。,2025-05-22 16:58:50
1629,4,175,2024-08-20,13:30:00,,4,,2025-05-22 16:58:50
1630,6,883,2023-09-24,13:45:00,,,建议增加外语讲解服务。,2025-05-22 16:58:50
1631,9,836,2024-03-21,11:15:00,,4,,2025-05-22 16:58:50
1632,6,923,2024-12-27,15:45:00,,4,,2025-05-22 16:58:50
1633,6,527,2024-06-24,13:45:00,29,5,,2025-05-22 16:58:50
1634,6,969,2025-03-01,09:30:00,,3,,2025-05-22 16:58:50
1635,11,165,2025-02-10,15:15:00,,5,,2025-05-22 16:58:50
1636,1,10,2023-10-23,15:15:00,,3,整体还不错，但有提升空间。,2025-05-22 16:58:50
1637,5,496,2025-04-19,16:45:00,,,,2025-05-22 16:58:50
1638,11,531,2025-04-06,10:45:00,,3,,2025-05-22 16:58:50
1639,7,308,2024-08-05,15:15:00,,5,很适合带孩子来参观学习。,2025-05-22 16:58:50
1640,9,218,2025-01-12,12:00:00,,3,,2025-05-22 16:58:50
1641,9,923,2024-07-31,15:15:00,,,,2025-05-22 16:58:50
1642,2,971,2025-01-25,14:00:00,,,,2025-05-22 16:58:50
1643,5,377,2024-08-10,13:30:00,,,,2025-05-22 16:58:50
1644,7,515,2025-03-12,15:30:00,,4,,2025-05-22 16:58:50
1645,6,899,2025-03-02,16:00:00,,,整体还不错，但有提升空间。,2025-05-22 16:58:50
1646,7,658,2023-11-16,16:00:00,,4,,2025-05-22 16:58:50
1647,8,898,2024-03-25,15:30:00,,,,2025-05-22 16:58:50
1648,4,42,2024-05-31,13:00:00,,,,2025-05-22 16:58:50
1649,2,255,2024-04-20,12:30:00,,5,讲解员专业知识丰富，讲解生动。,2025-05-22 16:58:50
1650,1,775,2023-09-04,10:45:00,,4,,2025-05-22 16:58:50
1651,7,1,2024-09-14,14:30:00,,,希望能增加互动性的展品。,2025-05-22 16:58:50
1652,6,728,2025-05-07,11:00:00,,3,,2025-05-22 16:58:50
1653,7,757,2025-03-17,12:15:00,,5,很适合带孩子来参观学习。,2025-05-22 16:58:50
1654,8,68,2024-01-26,14:45:00,,4,讲解员专业知识丰富，讲解生动。,2025-05-22 16:58:50
1655,5,688,2023-11-17,09:15:00,,,,2025-05-22 16:58:50
1656,8,477,2024-06-28,13:30:00,,3,,2025-05-22 16:58:50
1657,1,525,2024-03-04,10:00:00,,,部分展区很精彩，部分展区一般。,2025-05-22 16:58:50
1658,6,772,2024-07-24,15:30:00,,4,活动组织得很好，环境舒适。,2025-05-22 16:58:50
1659,5,597,2024-06-17,15:15:00,,,,2025-05-22 16:58:50
1660,1,365,2024-09-13,09:00:00,,,希望能增加互动性的展品。,2025-05-22 16:58:50
1661,3,994,2023-07-22,15:30:00,,5,展览内容非常丰富，很有教育意义。,2025-05-22 16:58:50
1662,4,38,2024-05-26,11:45:00,,5,,2025-05-22 16:58:50
1663,1,453,2024-03-19,16:45:00,,,建议增加外语讲解服务。,2025-05-22 16:58:50
1664,6,216,2024-06-24,13:30:00,29,3,,2025-05-22 16:58:50
1665,8,942,2024-03-16,09:00:00,,4,,2025-05-22 16:58:50
1666,7,738,2024-12-29,10:45:00,,3,,2025-05-22 16:58:50
1667,1,621,2024-01-28,15:45:00,,,建议增加外语讲解服务。,2025-05-22 16:58:50
1668,7,488,2024-12-08,14:30:00,,3,,2025-05-22 16:58:50
1669,7,910,2024-01-04,15:15:00,,,整体还不错，但有提升空间。,2025-05-22 16:58:50
1670,10,744,2024-02-17,13:45:00,,,,2025-05-22 16:58:50
1671,1,778,2024-02-11,13:45:00,,4,很适合带孩子来参观学习。,2025-05-22 16:58:50
1672,4,973,2024-08-26,11:45:00,,3,,2025-05-22 16:58:50
1673,7,871,2024-10-22,15:00:00,,3,,2025-05-22 16:58:50
1674,10,677,2023-08-06,13:45:00,,3,,2025-05-22 16:58:50
1675,8,258,2024-08-26,10:00:00,39,3,,2025-05-22 16:58:50
1676,1,284,2025-03-15,15:30:00,,,,2025-05-22 16:58:50
1677,5,956,2024-06-30,11:15:00,,4,,2025-05-22 16:58:50
1678,9,637,2024-11-09,14:30:00,,,,2025-05-22 16:58:50
1679,2,707,2024-08-04,16:30:00,,5,活动组织得很好，环境舒适。,2025-05-22 16:58:50
1680,2,861,2024-03-28,11:45:00,,,,2025-05-22 16:58:50
1681,11,308,2024-11-21,11:45:00,,,,2025-05-22 16:58:50
1682,2,249,2024-07-08,13:15:00,,4,,2025-05-22 16:58:50
1683,3,872,2024-12-01,13:00:00,,3,,2025-05-22 16:58:50
1684,11,573,2024-09-30,13:15:00,,,整体还不错，但有提升空间。,2025-05-22 16:58:50
1685,5,119,2023-07-16,13:30:00,,4,,2025-05-22 16:58:50
1686,5,958,2025-05-06,14:15:00,,3,,2025-05-22 16:58:50
1687,7,288,2025-01-21,15:30:00,,3,,2025-05-22 16:58:50
1688,10,12,2023-09-25,13:30:00,,5,,2025-05-22 16:58:50
1689,6,208,2023-09-23,15:15:00,,4,,2025-05-22 16:58:50
1690,4,441,2024-10-27,15:45:00,,,,2025-05-22 16:58:50
1691,2,998,2024-04-07,11:00:00,,4,,2025-05-22 16:58:50
1692,9,240,2025-02-21,09:30:00,,3,,2025-05-22 16:58:50
1693,6,386,2023-09-23,16:00:00,,,部分展区很精彩，部分展区一般。,2025-05-22 16:58:50
1694,4,592,2023-07-27,14:45:00,,4,,2025-05-22 16:58:50
1695,5,2,2023-08-04,12:30:00,,4,,2025-05-22 16:58:50
1696,9,608,2023-12-20,13:00:00,,5,,2025-05-22 16:58:50
1697,5,537,2024-02-09,16:45:00,,,,2025-05-22 16:58:50
1698,7,173,2023-08-06,11:45:00,,3,,2025-05-22 16:58:50
1699,4,400,2025-04-02,14:45:00,,3,,2025-05-22 16:58:50
1700,11,460,2024-05-12,09:45:00,,5,,2025-05-22 16:58:50
1701,9,478,2024-01-03,11:15:00,,3,部分展区很精彩，部分展区一般。,2025-05-22 16:58:50
1702,9,143,2024-10-12,09:00:00,,,,2025-05-22 16:58:50
1703,9,847,2023-12-02,14:30:00,,,,2025-05-22 16:58:50
1704,6,961,2025-01-05,15:45:00,,5,,2025-05-22 16:58:50
1705,3,869,2023-08-21,09:30:00,,,,2025-05-22 16:58:50
1706,8,819,2023-12-18,14:00:00,,3,部分展区很精彩，部分展区一般。,2025-05-22 16:58:50
1707,7,452,2023-11-11,09:45:00,,5,,2025-05-22 16:58:50
1708,5,603,2024-07-22,15:00:00,,5,,2025-05-22 16:58:50
1709,4,954,2023-11-27,11:00:00,,,,2025-05-22 16:58:50
1710,5,742,2024-11-14,14:30:00,,4,,2025-05-22 16:58:50
1711,7,857,2025-01-05,11:15:00,,,建议增加外语讲解服务。,2025-05-22 16:58:50
1712,6,74,2025-02-02,10:30:00,,,,2025-05-22 16:58:50
1713,10,736,2023-09-12,10:30:00,,,,2025-05-22 16:58:50
1714,8,486,2025-01-18,15:00:00,,4,,2025-05-22 16:58:50
1715,4,79,2024-06-11,15:00:00,,,,2025-05-22 16:58:50
1716,10,688,2024-06-26,09:45:00,,5,,2025-05-22 16:58:50
1717,3,289,2024-10-24,16:15:00,,,,2025-05-22 16:58:50
1718,9,213,2025-02-17,14:45:00,,4,,2025-05-22 16:58:50
1719,2,625,2023-10-10,15:15:00,,4,,2025-05-22 16:58:50
1720,8,420,2024-11-10,12:30:00,,3,建议增加外语讲解服务。,2025-05-22 16:58:50
1721,7,87,2023-07-23,12:45:00,,,希望能增加互动性的展品。,2025-05-22 16:58:50
1722,4,996,2023-06-20,12:30:00,,5,,2025-05-22 16:58:50
1723,2,276,2023-10-27,10:30:00,,3,,2025-05-22 16:58:50
1724,9,121,2025-01-22,11:00:00,,,,2025-05-22 16:58:50
1725,11,150,2023-12-12,14:15:00,,,,2025-05-22 16:58:50
1726,3,732,2024-09-06,15:45:00,,,,2025-05-22 16:58:50
1727,8,975,2025-02-02,11:30:00,,,,2025-05-22 16:58:50
1728,9,830,2024-10-21,12:00:00,,3,,2025-05-22 16:58:50
1729,3,764,2025-01-10,14:45:00,,3,,2025-05-22 16:58:50
1730,4,809,2024-05-16,12:45:00,,5,,2025-05-22 16:58:50
1731,1,171,2023-12-22,09:00:00,,5,,2025-05-22 16:58:50
1732,1,174,2025-01-13,15:00:00,,3,希望能增加互动性的展品。,2025-05-22 16:58:50
1733,4,14,2023-11-26,16:00:00,,3,建议增加外语讲解服务。,2025-05-22 16:58:50
1734,9,183,2024-12-07,11:15:00,,,,2025-05-22 16:58:50
1735,5,182,2024-01-22,09:45:00,,3,整体还不错，但有提升空间。,2025-05-22 16:58:50
1736,2,575,2024-07-25,09:30:00,,,,2025-05-22 16:58:50
1737,7,785,2024-07-09,15:15:00,,,,2025-05-22 16:58:50
1738,9,234,2025-04-12,09:30:00,,,,2025-05-22 16:58:50
1739,11,524,2023-12-27,10:15:00,,,,2025-05-22 16:58:50
1740,8,899,2025-04-03,16:45:00,,5,,2025-05-22 16:58:50
1741,8,663,2023-09-17,15:45:00,,5,,2025-05-22 16:58:50
1742,2,411,2025-05-03,13:30:00,,4,,2025-05-22 16:58:50
1743,4,903,2024-05-31,10:30:00,,5,很适合带孩子来参观学习。,2025-05-22 16:58:50
1744,10,742,2023-06-20,13:15:00,,4,,2025-05-22 16:58:50
1745,3,141,2025-03-21,11:45:00,,,,2025-05-22 16:58:50
1746,6,370,2024-10-12,16:45:00,,,希望能增加互动性的展品。,2025-05-22 16:58:50
1747,8,857,2023-08-21,13:45:00,,4,讲解员专业知识丰富，讲解生动。,2025-05-22 16:58:50
1748,7,977,2025-01-15,12:30:00,,5,展览内容非常丰富，很有教育意义。,2025-05-22 16:58:50
1749,2,114,2024-03-20,15:45:00,,3,,2025-05-22 16:58:50
1750,7,163,2024-07-01,15:30:00,,3,,2025-05-22 16:58:50
1751,3,626,2023-08-26,16:00:00,,3,建议增加外语讲解服务。,2025-05-22 16:58:50
1752,8,457,2024-12-07,09:30:00,,,,2025-05-22 16:58:50
1753,2,475,2024-05-24,16:15:00,,,,2025-05-22 16:58:50
1754,3,125,2024-05-30,12:00:00,,,,2025-05-22 16:58:50
1755,1,73,2023-06-03,12:15:00,,3,希望能增加互动性的展品。,2025-05-22 16:58:50
1756,4,113,2025-03-12,15:00:00,,,,2025-05-22 16:58:50
1757,2,226,2025-04-16,13:00:00,,4,,2025-05-22 16:58:50
1758,8,368,2025-01-07,15:30:00,,4,,2025-05-22 16:58:50
1759,10,266,2025-04-08,14:15:00,,,,2025-05-22 16:58:50
1760,2,638,2025-02-17,11:00:00,,5,,2025-05-22 16:58:50
1761,4,266,2025-03-03,11:15:00,49,3,,2025-05-22 16:58:50
1762,3,272,2024-03-05,12:15:00,,,,2025-05-22 16:58:50
1763,6,653,2025-02-16,14:00:00,,,,2025-05-22 16:58:50
1764,6,476,2025-05-13,14:45:00,,,,2025-05-22 16:58:50
1765,8,773,2024-07-24,11:00:00,,,,2025-05-22 16:58:50
1766,8,132,2024-10-10,12:15:00,37,4,,2025-05-22 16:58:50
1767,7,977,2023-10-25,16:15:00,,5,,2025-05-22 16:58:50
1768,7,75,2024-06-19,14:45:00,,5,活动组织得很好，环境舒适。,2025-05-22 16:58:50
1769,3,502,2024-09-16,14:00:00,,3,,2025-05-22 16:58:50
1770,5,12,2024-05-20,13:00:00,,5,,2025-05-22 16:58:50
1771,2,175,2025-03-03,15:00:00,,,,2025-05-22 16:58:50
1772,2,860,2024-09-21,12:00:00,,,停车不太方便。,2025-05-22 16:58:50
1773,4,814,2024-11-01,10:00:00,,,,2025-05-22 16:58:50
1774,3,313,2025-03-29,12:30:00,,,,2025-05-22 16:58:50
1775,6,59,2023-12-10,10:00:00,,,建议增加外语讲解服务。,2025-05-22 16:58:50
1776,1,656,2025-04-28,13:30:00,,,部分展区很精彩，部分展区一般。,2025-05-22 16:58:50
1777,6,148,2023-09-23,15:15:00,,3,,2025-05-22 16:58:50
1778,10,259,2023-05-30,09:00:00,,,,2025-05-22 16:58:50
1779,1,480,2024-05-13,12:00:00,,5,,2025-05-22 16:58:50
1780,4,540,2025-05-02,15:30:00,,5,,2025-05-22 16:58:50
1781,7,183,2024-06-02,10:00:00,,4,,2025-05-22 16:58:50
1782,4,683,2023-11-07,10:15:00,,,建议增加外语讲解服务。,2025-05-22 16:58:50
1783,6,887,2024-07-31,16:15:00,,,整体还不错，但有提升空间。,2025-05-22 16:58:50
1784,3,112,2024-11-21,14:00:00,,,,2025-05-22 16:58:50
1785,7,508,2024-05-09,14:00:00,,5,,2025-05-22 16:58:50
1786,8,845,2024-11-10,10:45:00,37,,,2025-05-22 16:58:50
1787,2,753,2024-03-10,11:00:00,,3,,2025-05-22 16:58:50
1788,1,972,2024-06-19,15:30:00,,5,很适合带孩子来参观学习。,2025-05-22 16:58:50
1789,8,358,2024-05-05,16:30:00,,,,2025-05-22 16:58:50
1790,4,34,2024-02-12,10:15:00,,5,,2025-05-22 16:58:50
1791,6,72,2024-08-16,10:30:00,,4,很适合带孩子来参观学习。,2025-05-22 16:58:50
1792,4,174,2025-04-10,10:00:00,,3,,2025-05-22 16:58:50
1793,5,688,2025-03-01,12:45:00,,,,2025-05-22 16:58:50
1794,6,906,2024-04-19,16:15:00,,,建议增加外语讲解服务。,2025-05-22 16:58:50
1795,1,540,2023-12-08,10:00:00,,,,2025-05-22 16:58:50
1796,7,900,2024-01-11,10:15:00,,,,2025-05-22 16:58:50
1797,2,321,2025-02-19,09:30:00,,3,整体还不错，但有提升空间。,2025-05-22 16:58:50
1798,4,494,2023-11-17,16:15:00,,3,,2025-05-22 16:58:50
1799,5,695,2025-02-18,13:15:00,,,,2025-05-22 16:58:50
1800,1,328,2024-09-21,10:45:00,,,,2025-05-22 16:58:50
1801,9,528,2024-04-12,10:15:00,,5,,2025-05-22 16:58:50
1802,2,890,2024-11-15,09:15:00,,4,,2025-05-22 16:58:50
1803,1,872,2025-02-06,09:30:00,,,,2025-05-22 16:58:50
1804,4,575,2024-09-20,14:00:00,,,,2025-05-22 16:58:50
1805,4,221,2024-02-25,15:00:00,,,,2025-05-22 16:58:50
1806,1,853,2024-06-28,14:30:00,,,,2025-05-22 16:58:50
1807,4,363,2025-02-10,11:30:00,,4,交通便利，设施完善。,2025-05-22 16:58:50
1808,3,43,2024-06-04,09:15:00,,,停车不太方便。,2025-05-22 16:58:50
1809,5,487,2024-11-08,13:30:00,,5,,2025-05-22 16:58:50
1810,3,181,2023-06-21,09:45:00,,,,2025-05-22 16:58:50
1811,6,820,2024-08-27,12:15:00,,5,,2025-05-22 16:58:50
1812,11,486,2025-05-13,11:15:00,,,希望能增加互动性的展品。,2025-05-22 16:58:50
1813,7,60,2023-07-18,12:15:00,,5,,2025-05-22 16:58:50
1814,5,461,2025-04-04,15:30:00,,,部分展区很精彩，部分展区一般。,2025-05-22 16:58:50
1815,7,725,2024-06-25,11:45:00,,5,,2025-05-22 16:58:50
1816,7,499,2025-02-03,11:45:00,,,,2025-05-22 16:58:50
1817,3,870,2025-04-01,14:15:00,,3,,2025-05-22 16:58:50
1818,5,805,2024-05-06,09:30:00,,,希望能增加互动性的展品。,2025-05-22 16:58:50
1819,7,2,2024-07-01,10:15:00,,,,2025-05-22 16:58:50
1820,4,209,2023-12-19,16:30:00,,3,,2025-05-22 16:58:50
1821,2,652,2023-10-10,13:15:00,,5,,2025-05-22 16:58:50
1822,8,424,2025-05-01,13:30:00,,,,2025-05-22 16:58:50
1823,6,637,2023-05-28,10:30:00,,4,展览内容非常丰富，很有教育意义。,2025-05-22 16:58:50
1824,5,257,2023-08-27,13:15:00,,4,,2025-05-22 16:58:50
1825,3,225,2023-12-16,15:30:00,,5,活动组织得很好，环境舒适。,2025-05-22 16:58:50
1826,7,12,2024-07-31,09:45:00,,,,2025-05-22 16:58:50
1827,9,30,2024-08-28,14:00:00,23,4,展览内容非常丰富，很有教育意义。,2025-05-22 16:58:50
1828,8,368,2024-11-14,12:15:00,37,,,2025-05-22 16:58:50
1829,4,861,2024-11-01,15:15:00,,,停车不太方便。,2025-05-22 16:58:50
1830,9,32,2024-05-12,16:30:00,,3,,2025-05-22 16:58:50
1831,10,861,2024-05-18,14:45:00,,4,,2025-05-22 16:58:50
1832,4,184,2023-05-27,16:30:00,,,,2025-05-22 16:58:50
1833,3,735,2024-05-17,15:30:00,,,,2025-05-22 16:58:50
1834,6,350,2024-03-25,10:45:00,,,,2025-05-22 16:58:50
1835,3,568,2024-10-16,13:00:00,,3,,2025-05-22 16:58:50
1836,10,229,2024-01-20,09:15:00,,,,2025-05-22 16:58:50
1837,1,285,2024-12-19,11:30:00,,4,,2025-05-22 16:58:50
1838,3,581,2023-07-01,12:45:00,,5,,2025-05-22 16:58:50
1839,9,211,2024-05-13,12:15:00,,,希望能增加互动性的展品。,2025-05-22 16:58:50
1840,6,87,2024-02-23,14:15:00,,,希望能增加互动性的展品。,2025-05-22 16:58:50
1841,6,875,2025-02-03,10:00:00,,3,建议增加外语讲解服务。,2025-05-22 16:58:50
1842,2,370,2024-01-08,14:30:00,,,,2025-05-22 16:58:50
1843,8,285,2023-08-04,13:30:00,,4,,2025-05-22 16:58:50
1844,9,218,2024-03-23,14:30:00,,3,,2025-05-22 16:58:50
1845,8,212,2023-10-25,14:15:00,,,,2025-05-22 16:58:50
1846,6,779,2025-04-10,16:30:00,,4,展览内容非常丰富，很有教育意义。,2025-05-22 16:58:50
1847,9,980,2023-06-18,14:15:00,,3,,2025-05-22 16:58:50
1848,7,772,2025-01-21,11:15:00,,4,很适合带孩子来参观学习。,2025-05-22 16:58:50
1849,9,604,2023-10-02,16:15:00,,4,,2025-05-22 16:58:50
1850,3,18,2024-09-12,10:30:00,,5,很适合带孩子来参观学习。,2025-05-22 16:58:50
1851,6,130,2024-11-05,15:45:00,,3,部分展区很精彩，部分展区一般。,2025-05-22 16:58:50
1852,5,27,2023-09-24,16:15:00,,4,很适合带孩子来参观学习。,2025-05-22 16:58:50
1853,5,121,2023-11-30,14:15:00,,4,,2025-05-22 16:58:50
1854,7,331,2024-01-03,15:00:00,,,,2025-05-22 16:58:50
1855,1,285,2024-05-28,10:00:00,,3,建议增加外语讲解服务。,2025-05-22 16:58:50
1856,9,389,2025-05-04,16:30:00,,,建议增加外语讲解服务。,2025-05-22 16:58:50
1857,6,360,2025-04-12,14:15:00,,,,2025-05-22 16:58:50
1858,1,652,2025-01-27,11:15:00,,,,2025-05-22 16:58:50
1859,8,871,2025-02-23,14:30:00,,5,,2025-05-22 16:58:50
1860,7,890,2025-01-10,14:45:00,,,,2025-05-22 16:58:50
1861,10,309,2025-04-09,13:15:00,,,,2025-05-22 16:58:50
1862,2,579,2024-02-01,14:15:00,,,停车不太方便。,2025-05-22 16:58:50
1863,3,698,2024-08-27,14:00:00,,4,,2025-05-22 16:58:50
1864,9,544,2023-06-12,14:30:00,,3,,2025-05-22 16:58:50
1865,8,750,2025-01-31,14:15:00,,,,2025-05-22 16:58:50
1866,1,513,2023-08-06,15:00:00,,,建议增加外语讲解服务。,2025-05-22 16:58:50
1867,3,20,2025-02-17,16:00:00,,4,,2025-05-22 16:58:50
1868,3,587,2024-10-19,09:45:00,,3,,2025-05-22 16:58:50
1869,1,683,2024-10-18,11:45:00,,,,2025-05-22 16:58:50
1870,8,113,2024-06-04,11:15:00,,3,,2025-05-22 16:58:50
1871,8,84,2023-07-21,13:45:00,,,停车不太方便。,2025-05-22 16:58:50
1872,5,18,2024-03-01,12:00:00,,,,2025-05-22 16:58:50
1873,9,336,2024-06-14,16:30:00,,3,,2025-05-22 16:58:50
1874,1,759,2025-02-09,10:15:00,,3,停车不太方便。,2025-05-22 16:58:50
1875,4,513,2024-05-07,16:15:00,,,,2025-05-22 16:58:50
1876,9,827,2024-08-26,09:30:00,,4,,2025-05-22 16:58:50
1877,5,467,2023-06-06,10:00:00,,,希望能增加互动性的展品。,2025-05-22 16:58:50
1878,3,48,2023-08-11,14:15:00,,,,2025-05-22 16:58:50
1879,1,609,2023-12-28,16:15:00,,,希望能增加互动性的展品。,2025-05-22 16:58:50
1880,4,893,2023-09-05,16:00:00,,3,,2025-05-22 16:58:50
1881,4,636,2025-03-15,13:00:00,,,,2025-05-22 16:58:50
1882,8,818,2024-10-10,15:00:00,,,,2025-05-22 16:58:50
1883,5,671,2024-11-28,16:45:00,,,,2025-05-22 16:58:50
1884,7,282,2024-12-02,11:15:00,,3,停车不太方便。,2025-05-22 16:58:50
1885,9,145,2024-12-02,15:45:00,,5,展览内容非常丰富，很有教育意义。,2025-05-22 16:58:50
1886,11,306,2023-11-17,15:15:00,,4,,2025-05-22 16:58:50
1887,5,875,2025-04-27,09:45:00,,4,活动组织得很好，环境舒适。,2025-05-22 16:58:50
1888,9,439,2023-11-27,11:15:00,,4,,2025-05-22 16:58:50
1889,9,615,2024-09-11,13:45:00,,5,,2025-05-22 16:58:50
1890,7,845,2024-06-22,12:00:00,,,,2025-05-22 16:58:50
1891,8,202,2025-01-23,13:45:00,,4,活动组织得很好，环境舒适。,2025-05-22 16:58:50
1892,3,393,2023-12-15,11:30:00,,3,,2025-05-22 16:58:50
1893,7,491,2024-10-04,16:00:00,,,,2025-05-22 16:58:50
1894,1,512,2024-12-22,13:45:00,,3,,2025-05-22 16:58:50
1895,2,66,2024-07-29,14:45:00,,4,,2025-05-22 16:58:50
1896,3,88,2023-12-14,16:30:00,,3,,2025-05-22 16:58:50
1897,6,871,2023-09-10,10:30:00,,3,建议增加外语讲解服务。,2025-05-22 16:58:50
1898,1,978,2025-04-04,09:15:00,,,停车不太方便。,2025-05-22 16:58:50
1899,4,343,2024-12-08,15:30:00,49,,,2025-05-22 16:58:50
1900,5,278,2024-11-11,09:45:00,,,,2025-05-22 16:58:50
1901,3,295,2024-02-26,12:15:00,,,部分展区很精彩，部分展区一般。,2025-05-22 16:58:50
1902,7,507,2024-06-24,12:00:00,,3,,2025-05-22 16:58:50
1903,3,463,2025-01-05,10:45:00,,5,,2025-05-22 16:58:50
1904,7,877,2025-05-21,16:30:00,,5,,2025-05-22 16:58:50
1905,8,746,2024-08-28,16:30:00,39,,,2025-05-22 16:58:50
1906,1,442,2023-07-04,11:30:00,,,停车不太方便。,2025-05-22 16:58:50
1907,5,539,2024-03-29,13:00:00,,4,,2025-05-22 16:58:50
1908,1,626,2024-10-14,15:45:00,,4,,2025-05-22 16:58:50
1909,7,291,2025-03-20,13:45:00,3,4,活动组织得很好，环境舒适。,2025-05-22 16:58:50
1910,2,686,2024-07-02,11:30:00,,4,活动组织得很好，环境舒适。,2025-05-22 16:58:50
1911,6,738,2024-05-20,13:45:00,,,,2025-05-22 16:58:50
1912,3,719,2024-09-04,15:00:00,,,,2025-05-22 16:58:50
1913,8,396,2025-03-26,13:45:00,,3,部分展区很精彩，部分展区一般。,2025-05-22 16:58:50
1914,1,984,2023-09-16,11:30:00,,,,2025-05-22 16:58:50
1915,7,877,2024-12-23,11:00:00,,5,活动组织得很好，环境舒适。,2025-05-22 16:58:50
1916,7,533,2024-04-06,12:45:00,,,,2025-05-22 16:58:50
1917,5,534,2025-03-13,12:45:00,,3,整体还不错，但有提升空间。,2025-05-22 16:58:50
1918,6,389,2023-10-11,11:00:00,,3,部分展区很精彩，部分展区一般。,2025-05-22 16:58:50
1919,9,867,2025-02-28,13:15:00,,4,,2025-05-22 16:58:50
1920,6,4,2024-12-27,12:45:00,,4,,2025-05-22 16:58:50
1921,8,238,2024-06-15,16:45:00,,3,,2025-05-22 16:58:50
1922,2,767,2023-07-05,13:00:00,,,整体还不错，但有提升空间。,2025-05-22 16:58:50
1923,11,505,2025-01-12,16:15:00,,3,,2025-05-22 16:58:50
1924,3,822,2024-05-16,16:30:00,,,,2025-05-22 16:58:50
1925,8,486,2023-10-07,16:15:00,,,部分展区很精彩，部分展区一般。,2025-05-22 16:58:50
1926,1,664,2023-05-26,10:15:00,,5,交通便利，设施完善。,2025-05-22 16:58:50
1927,4,438,2024-12-01,09:00:00,49,3,,2025-05-22 16:58:50
1928,8,418,2023-11-28,09:45:00,,,,2025-05-22 16:58:50
1929,10,391,2025-03-03,16:15:00,,4,,2025-05-22 16:58:50
1930,3,674,2024-02-02,15:00:00,,5,,2025-05-22 16:58:50
1931,1,808,2024-08-13,10:45:00,,3,,2025-05-22 16:58:50
1932,9,564,2024-01-10,09:30:00,,5,,2025-05-22 16:58:50
1933,2,783,2025-04-27,10:30:00,,,,2025-05-22 16:58:50
1934,9,835,2023-06-19,13:30:00,,4,交通便利，设施完善。,2025-05-22 16:58:50
1935,7,201,2023-11-30,14:15:00,,,希望能增加互动性的展品。,2025-05-22 16:58:50
1936,6,903,2023-07-06,09:15:00,,3,,2025-05-22 16:58:50
1937,4,27,2024-05-07,16:00:00,,,希望能增加互动性的展品。,2025-05-22 16:58:50
1938,1,420,2024-08-17,14:15:00,,3,,2025-05-22 16:58:50
1939,1,809,2024-12-08,10:00:00,,,,2025-05-22 16:58:50
1940,4,276,2024-12-01,10:45:00,,4,很适合带孩子来参观学习。,2025-05-22 16:58:50
1941,3,413,2025-03-11,12:45:00,,4,活动组织得很好，环境舒适。,2025-05-22 16:58:50
1942,7,63,2024-12-24,09:30:00,,5,,2025-05-22 16:58:50
1943,10,713,2023-06-15,15:00:00,,,,2025-05-22 16:58:50
1944,2,706,2025-03-24,11:45:00,,3,部分展区很精彩，部分展区一般。,2025-05-22 16:58:50
1945,1,779,2025-04-04,10:15:00,,5,活动组织得很好，环境舒适。,2025-05-22 16:58:50
1946,2,360,2024-12-08,09:30:00,,5,,2025-05-22 16:58:50
1947,6,866,2025-01-08,15:00:00,,4,,2025-05-22 16:58:50
1948,10,884,2024-07-15,10:45:00,,,希望能增加互动性的展品。,2025-05-22 16:58:50
1949,9,179,2023-07-19,11:00:00,,3,,2025-05-22 16:58:50
1950,4,367,2023-06-15,11:30:00,,3,,2025-05-22 16:58:50
1951,11,704,2024-10-07,14:00:00,,4,,2025-05-22 16:58:50
1952,4,423,2025-02-21,10:45:00,,5,,2025-05-22 16:58:50
1953,5,944,2023-11-30,15:00:00,,,,2025-05-22 16:58:50
1954,8,794,2024-02-02,10:45:00,,3,,2025-05-22 16:58:50
1955,11,694,2025-03-09,16:30:00,,3,,2025-05-22 16:58:50
1956,2,355,2024-07-22,09:15:00,,,建议增加外语讲解服务。,2025-05-22 16:58:50
1957,4,642,2025-04-15,10:30:00,,5,,2025-05-22 16:58:50
1958,4,77,2023-10-01,16:15:00,,4,,2025-05-22 16:58:50
1959,9,171,2025-04-27,15:00:00,,3,,2025-05-22 16:58:50
1960,6,802,2023-10-14,10:15:00,,4,,2025-05-22 16:58:50
1961,1,463,2024-11-24,13:15:00,33,,,2025-05-22 16:58:50
1962,1,940,2025-05-16,09:00:00,,4,,2025-05-22 16:58:50
1963,1,58,2025-02-09,12:45:00,,3,希望能增加互动性的展品。,2025-05-22 16:58:50
1964,2,208,2023-11-28,13:45:00,,,,2025-05-22 16:58:50
1965,5,725,2024-02-23,10:45:00,,,,2025-05-22 16:58:50
1966,8,765,2024-04-01,10:30:00,,,,2025-05-22 16:58:50
1967,8,579,2024-05-30,09:30:00,,,希望能增加互动性的展品。,2025-05-22 16:58:50
1968,8,481,2025-01-04,10:15:00,,,,2025-05-22 16:58:50
1969,3,140,2024-08-13,13:15:00,,3,,2025-05-22 16:58:50
1970,9,168,2025-03-03,11:45:00,,4,,2025-05-22 16:58:50
1971,2,493,2025-03-05,09:45:00,,,,2025-05-22 16:58:50
1972,5,190,2024-09-13,16:15:00,,3,,2025-05-22 16:58:50
1973,6,107,2023-10-14,11:15:00,,5,,2025-05-22 16:58:50
1974,4,978,2023-09-28,10:00:00,,,,2025-05-22 16:58:50
1975,10,505,2024-10-23,15:30:00,,4,,2025-05-22 16:58:50
1976,3,309,2024-11-19,10:30:00,,,,2025-05-22 16:58:50
1977,7,412,2023-07-01,13:00:00,,4,交通便利，设施完善。,2025-05-22 16:58:50
1978,4,123,2024-10-11,13:45:00,,3,,2025-05-22 16:58:50
1979,7,22,2024-11-24,16:00:00,,3,希望能增加互动性的展品。,2025-05-22 16:58:50
1980,8,502,2025-05-06,13:30:00,,4,很适合带孩子来参观学习。,2025-05-22 16:58:50
1981,6,411,2024-07-11,10:30:00,,,,2025-05-22 16:58:50
1982,10,325,2024-01-12,10:15:00,,4,,2025-05-22 16:58:50
1983,3,256,2025-02-13,12:00:00,,4,,2025-05-22 16:58:50
1984,8,486,2025-01-24,10:30:00,,,,2025-05-22 16:58:50
1985,7,874,2024-10-29,16:15:00,,5,讲解员专业知识丰富，讲解生动。,2025-05-22 16:58:50
1986,4,510,2024-09-13,10:30:00,,,,2025-05-22 16:58:50
1987,1,909,2024-12-13,09:30:00,,,部分展区很精彩，部分展区一般。,2025-05-22 16:58:50
1988,9,76,2023-06-02,11:15:00,,,,2025-05-22 16:58:50
1989,7,722,2023-11-13,11:00:00,,3,,2025-05-22 16:58:50
1990,7,470,2023-07-16,15:30:00,,3,,2025-05-22 16:58:50
1991,7,226,2025-03-22,11:15:00,,,,2025-05-22 16:58:50
1992,1,133,2025-04-03,16:30:00,,3,部分展区很精彩，部分展区一般。,2025-05-22 16:58:50
1993,5,133,2024-06-12,12:30:00,,,,2025-05-22 16:58:50
1994,8,457,2024-04-18,12:45:00,,3,,2025-05-22 16:58:50
1995,11,412,2024-07-17,15:15:00,,4,,2025-05-22 16:58:50
1996,3,966,2024-10-29,16:45:00,,,,2025-05-22 16:58:50
1997,8,559,2025-02-10,11:45:00,,,,2025-05-22 16:58:50
1998,11,776,2025-01-22,09:30:00,,,,2025-05-22 16:58:50
1999,1,415,2025-04-12,12:30:00,,3,,2025-05-22 16:58:50
2000,7,893,2023-11-26,09:00:00,,,,2025-05-22 16:58:50
2001,8,669,2025-03-31,13:30:00,,,,2025-05-22 16:58:50
2002,9,80,2024-07-31,09:15:00,,3,,2025-05-22 16:58:50
2003,10,842,2024-12-16,15:15:00,,5,很适合带孩子来参观学习。,2025-05-22 16:58:50
2004,6,104,2025-01-31,10:45:00,,5,,2025-05-22 16:58:50
2005,6,66,2023-08-13,14:00:00,,,整体还不错，但有提升空间。,2025-05-22 16:58:50
2006,1,570,2024-04-19,16:30:00,,5,,2025-05-22 16:58:50
2007,5,653,2023-11-30,14:45:00,,,,2025-05-22 16:58:50
2008,11,917,2024-08-14,10:30:00,,,,2025-05-22 16:58:50
2009,9,232,2024-01-16,10:45:00,,,,2025-05-22 16:58:50
2010,1,778,2024-06-05,09:45:00,,3,停车不太方便。,2025-05-22 16:58:50
2011,4,397,2025-05-04,16:30:00,,,整体还不错，但有提升空间。,2025-05-22 16:58:50
2012,1,645,2024-11-25,09:30:00,33,3,,2025-05-22 16:58:50
2013,6,979,2024-02-15,11:00:00,,,,2025-05-22 16:58:50
2014,3,675,2025-02-14,15:30:00,2,5,,2025-05-22 16:58:50
2015,2,949,2024-11-27,13:45:00,,3,,2025-05-22 16:58:50
2016,10,552,2023-12-05,10:00:00,,4,,2025-05-22 16:58:50
2017,1,134,2024-09-20,15:30:00,,,,2025-05-22 16:58:50
2018,3,697,2024-05-18,14:45:00,,,,2025-05-22 16:58:50
2019,5,130,2023-06-08,14:15:00,,4,活动组织得很好，环境舒适。,2025-05-22 16:58:50
2020,4,133,2024-07-05,10:15:00,,3,,2025-05-22 16:58:50
2021,4,805,2025-03-10,13:30:00,,,,2025-05-22 16:58:50
2022,5,674,2025-05-08,15:00:00,,3,部分展区很精彩，部分展区一般。,2025-05-22 16:58:50
2023,3,937,2024-10-21,16:15:00,,5,,2025-05-22 16:58:50
2024,5,952,2024-04-19,11:00:00,,,建议增加外语讲解服务。,2025-05-22 16:58:50
2025,9,699,2023-12-09,15:15:00,,3,建议增加外语讲解服务。,2025-05-22 16:58:50
2026,4,916,2024-03-09,11:30:00,,,,2025-05-22 16:58:50
2027,9,915,2024-11-05,14:45:00,,4,,2025-05-22 16:58:50
2028,3,328,2025-02-01,10:45:00,,5,,2025-05-22 16:58:50
2029,8,741,2024-05-30,11:00:00,,3,,2025-05-22 16:58:50
2030,9,346,2023-09-17,10:15:00,,,,2025-05-22 16:58:50
2031,3,560,2023-09-15,12:30:00,,3,,2025-05-22 16:58:50
2032,5,329,2024-06-12,13:45:00,,,,2025-05-22 16:58:50
2033,6,141,2024-07-14,14:30:00,,3,,2025-05-22 16:58:50
2034,11,770,2025-05-06,15:45:00,,5,,2025-05-22 16:58:50
2035,6,512,2024-07-01,13:45:00,,,,2025-05-22 16:58:50
2036,10,996,2025-04-07,09:45:00,,,,2025-05-22 16:58:50
2037,1,1001,2025-01-04,16:00:00,,,,2025-05-22 16:58:50
2038,8,166,2024-01-22,14:00:00,,4,,2025-05-22 16:58:50
2039,3,442,2024-08-10,10:15:00,,3,,2025-05-22 16:58:50
2040,6,772,2023-08-10,09:00:00,,3,,2025-05-22 16:58:50
2041,9,311,2025-01-05,11:45:00,,4,,2025-05-22 16:58:50
2042,8,163,2024-08-29,09:30:00,39,,,2025-05-22 16:58:50
2043,7,306,2025-05-04,10:00:00,3,,,2025-05-22 16:58:50
2044,2,1000,2025-03-27,11:00:00,,,停车不太方便。,2025-05-22 16:58:50
2045,5,399,2023-12-28,09:15:00,,,,2025-05-22 16:58:50
2046,1,46,2024-07-28,16:45:00,,3,,2025-05-22 16:58:50
2047,7,983,2024-04-09,12:15:00,,,,2025-05-22 16:58:50
2048,2,922,2023-11-10,16:45:00,,,,2025-05-22 16:58:50
2049,9,644,2024-06-19,15:45:00,23,4,,2025-05-22 16:58:50
2050,8,843,2024-07-07,16:30:00,,3,,2025-05-22 16:58:50
2051,9,128,2024-11-02,15:15:00,,5,,2025-05-22 16:58:50
2052,2,333,2024-08-25,11:30:00,,3,,2025-05-22 16:58:50
2053,11,809,2025-01-24,11:45:00,,,,2025-05-22 16:58:50
2054,2,977,2023-12-20,15:30:00,,3,,2025-05-22 16:58:50
2055,10,790,2024-12-10,10:45:00,,3,,2025-05-22 16:58:50
2056,3,875,2023-05-29,15:30:00,,3,,2025-05-22 16:58:50
2057,9,386,2025-02-16,14:30:00,,4,,2025-05-22 16:58:50
2058,1,708,2024-09-13,16:00:00,,4,,2025-05-22 16:58:50
2059,1,754,2025-04-25,16:00:00,,3,,2025-05-22 16:58:50
2060,10,425,2025-04-23,13:45:00,,,,2025-05-22 16:58:50
2061,10,1000,2023-10-12,12:00:00,,,,2025-05-22 16:58:50
2062,9,445,2024-07-14,11:30:00,,3,,2025-05-22 16:58:50
2063,6,661,2023-08-08,09:45:00,,5,活动组织得很好，环境舒适。,2025-05-22 16:58:50
2064,1,57,2025-03-04,10:45:00,,3,,2025-05-22 16:58:50
2065,9,690,2023-09-08,12:00:00,,5,活动组织得很好，环境舒适。,2025-05-22 16:58:50
2066,1,987,2024-12-08,16:30:00,,,,2025-05-22 16:58:50
2067,4,738,2024-06-07,10:45:00,,,,2025-05-22 16:58:50
2068,6,870,2025-02-02,11:00:00,,,整体还不错，但有提升空间。,2025-05-22 16:58:50
2069,7,996,2023-10-17,12:30:00,,3,,2025-05-22 16:58:50
2070,8,999,2025-01-05,11:45:00,,4,,2025-05-22 16:58:50
2071,4,558,2024-11-10,10:00:00,49,5,,2025-05-22 16:58:50
2072,9,372,2023-08-16,13:45:00,,,,2025-05-22 16:58:50
2073,7,502,2024-07-18,09:45:00,,3,,2025-05-22 16:58:50
2074,5,950,2025-03-20,13:00:00,,3,,2025-05-22 16:58:50
2075,3,450,2024-11-20,11:30:00,,3,,2025-05-22 16:58:50
2076,6,790,2025-04-20,15:15:00,,4,很适合带孩子来参观学习。,2025-05-22 16:58:50
2077,7,134,2024-08-16,10:00:00,,4,活动组织得很好，环境舒适。,2025-05-22 16:58:50
2078,5,951,2023-10-15,11:30:00,,5,,2025-05-22 16:58:50
2079,3,305,2023-11-13,14:15:00,,3,,2025-05-22 16:58:50
2080,4,709,2023-12-20,09:30:00,,4,,2025-05-22 16:58:50
2081,8,965,2023-12-03,16:00:00,,4,很适合带孩子来参观学习。,2025-05-22 16:58:50
2082,1,159,2025-02-21,16:15:00,,3,,2025-05-22 16:58:50
2083,6,373,2023-09-12,16:30:00,,4,交通便利，设施完善。,2025-05-22 16:58:50
2084,6,782,2023-06-13,09:45:00,,3,,2025-05-22 16:58:50
2085,9,69,2024-07-20,15:45:00,,3,,2025-05-22 16:58:50
2086,9,573,2024-03-04,16:00:00,,,,2025-05-22 16:58:50
2087,2,750,2023-07-27,13:45:00,,4,,2025-05-22 16:58:50
2088,4,41,2024-07-27,10:30:00,,5,,2025-05-22 16:58:50
2089,6,613,2024-04-25,15:45:00,,5,活动组织得很好，环境舒适。,2025-05-22 16:58:50
2090,3,620,2024-02-08,09:00:00,,3,,2025-05-22 16:58:50
2091,1,19,2024-09-15,15:15:00,,3,,2025-05-22 16:58:50
2092,7,806,2024-11-08,13:45:00,,4,,2025-05-22 16:58:50
2093,2,366,2025-05-03,12:45:00,,3,,2025-05-22 16:58:50
2094,10,602,2023-11-08,13:30:00,,4,交通便利，设施完善。,2025-05-22 16:58:50
2095,4,679,2024-10-29,16:45:00,,,,2025-05-22 16:58:50
2096,1,986,2023-05-30,16:15:00,,4,,2025-05-22 16:58:50
2097,7,887,2024-08-16,16:15:00,,4,展览内容非常丰富，很有教育意义。,2025-05-22 16:58:50
2098,5,370,2025-05-16,13:15:00,,,,2025-05-22 16:58:50
2099,3,252,2024-12-01,13:30:00,,5,,2025-05-22 16:58:50
2100,6,953,2024-08-27,14:45:00,,3,,2025-05-22 16:58:50
2101,8,488,2025-03-28,10:00:00,,,,2025-05-22 16:58:50
2102,7,305,2024-06-23,16:00:00,,4,交通便利，设施完善。,2025-05-22 16:58:50
2103,3,669,2023-08-10,09:45:00,,,,2025-05-22 16:58:50
2104,4,530,2024-12-23,12:00:00,,,,2025-05-22 16:58:50
2105,7,774,2023-11-20,16:45:00,,,,2025-05-22 16:58:50
2106,10,368,2024-12-25,09:15:00,,4,展览内容非常丰富，很有教育意义。,2025-05-22 16:58:50
2107,6,753,2024-11-20,12:30:00,,,,2025-05-22 16:58:50
2108,9,957,2023-08-26,11:15:00,,,,2025-05-22 16:58:50
2109,8,299,2023-09-29,15:30:00,,,,2025-05-22 16:58:50
2110,10,973,2023-11-17,12:00:00,,4,,2025-05-22 16:58:50
2111,6,295,2024-05-27,10:15:00,,5,,2025-05-22 16:58:50
2112,7,929,2023-12-10,15:15:00,,3,整体还不错，但有提升空间。,2025-05-22 16:58:50
2113,4,402,2024-07-11,16:15:00,,5,,2025-05-22 16:58:50
2114,2,298,2023-06-04,11:15:00,,4,很适合带孩子来参观学习。,2025-05-22 16:58:50
2115,6,147,2024-08-29,09:00:00,,,,2025-05-22 16:58:50
2116,7,446,2024-07-17,10:15:00,,5,,2025-05-22 16:58:50
2117,9,22,2025-01-07,16:00:00,,5,交通便利，设施完善。,2025-05-22 16:58:50
2118,1,526,2024-12-27,10:00:00,,,,2025-05-22 16:58:50
2119,3,854,2024-06-04,11:30:00,,3,,2025-05-22 16:58:50
2120,3,651,2025-01-30,13:00:00,,3,,2025-05-22 16:58:50
2121,10,530,2025-04-14,16:00:00,,,部分展区很精彩，部分展区一般。,2025-05-22 16:58:50
2122,8,123,2023-09-18,15:00:00,,5,,2025-05-22 16:58:50
2123,4,986,2024-12-08,14:00:00,,,,2025-05-22 16:58:50
2124,3,201,2024-09-14,14:30:00,,,,2025-05-22 16:58:50
2125,1,625,2024-10-04,10:00:00,,,建议增加外语讲解服务。,2025-05-22 16:58:50
2126,7,575,2024-01-09,10:00:00,,5,,2025-05-22 16:58:50
2127,11,244,2025-01-25,16:30:00,,,,2025-05-22 16:58:50
2128,4,455,2024-02-25,12:15:00,,3,,2025-05-22 16:58:50
2129,7,93,2023-06-28,13:30:00,,,部分展区很精彩，部分展区一般。,2025-05-22 16:58:50
2130,6,413,2023-07-10,15:30:00,,4,,2025-05-22 16:58:50
2131,2,598,2025-01-10,15:30:00,,,,2025-05-22 16:58:50
2132,5,250,2024-08-13,12:45:00,,4,,2025-05-22 16:58:50
2133,5,721,2025-03-15,15:00:00,,5,,2025-05-22 16:58:50
2134,8,364,2024-02-14,09:15:00,,,,2025-05-22 16:58:50
2135,5,763,2023-06-14,11:30:00,,,,2025-05-22 16:58:50
2136,8,17,2025-02-20,16:00:00,,4,,2025-05-22 16:58:50
2137,9,594,2025-05-08,16:45:00,,3,,2025-05-22 16:58:50
2138,3,949,2024-04-22,13:15:00,,5,,2025-05-22 16:58:50
2139,1,737,2024-03-10,14:45:00,,4,,2025-05-22 16:58:50
2140,9,887,2024-11-15,15:30:00,,3,,2025-05-22 16:58:50
2141,5,294,2024-11-06,11:45:00,,3,,2025-05-22 16:58:50
2142,4,501,2025-04-24,13:30:00,,,,2025-05-22 16:58:50
2143,9,601,2024-12-20,13:00:00,,,,2025-05-22 16:58:50
2144,1,888,2024-02-26,16:30:00,,3,,2025-05-22 16:58:50
2145,6,896,2023-07-25,11:45:00,,,,2025-05-22 16:58:50
2146,5,431,2023-07-27,16:15:00,,5,,2025-05-22 16:58:50
2147,10,327,2024-09-14,09:45:00,,,,2025-05-22 16:58:50
2148,1,906,2025-02-13,16:15:00,,,,2025-05-22 16:58:50
2149,3,14,2024-11-08,15:30:00,,,,2025-05-22 16:58:50
2150,8,378,2025-04-17,14:15:00,,,,2025-05-22 16:58:50
2151,1,573,2025-04-30,11:45:00,,5,,2025-05-22 16:58:50
2152,9,60,2024-12-22,09:00:00,,,部分展区很精彩，部分展区一般。,2025-05-22 16:58:50
2153,3,833,2024-08-05,14:00:00,,,,2025-05-22 16:58:50
2154,9,253,2023-05-28,10:45:00,,,,2025-05-22 16:58:50
2155,2,521,2024-08-18,14:15:00,,3,,2025-05-22 16:58:50
2156,10,300,2024-07-15,10:30:00,,4,,2025-05-22 16:58:50
2157,4,47,2024-10-15,09:15:00,,,,2025-05-22 16:58:50
2158,2,526,2024-06-15,12:00:00,,5,,2025-05-22 16:58:50
2159,4,965,2025-05-19,09:45:00,,3,停车不太方便。,2025-05-22 16:58:50
2160,10,325,2024-11-10,11:30:00,,4,,2025-05-22 16:58:50
2161,9,440,2024-04-14,13:30:00,,,,2025-05-22 16:58:50
2162,2,129,2024-07-20,14:30:00,,,,2025-05-22 16:58:50
2163,2,107,2023-11-02,09:45:00,,,,2025-05-22 16:58:50
2164,1,348,2025-03-29,10:45:00,,,,2025-05-22 16:58:50
2165,6,805,2023-09-28,16:15:00,,4,,2025-05-22 16:58:50
2166,2,608,2024-03-24,16:30:00,,,停车不太方便。,2025-05-22 16:58:50
2167,5,382,2024-10-30,12:45:00,,,,2025-05-22 16:58:50
2168,6,958,2024-07-16,09:15:00,,5,,2025-05-22 16:58:50
2169,6,144,2024-12-03,12:45:00,,,,2025-05-22 16:58:50
2170,5,594,2023-07-29,12:30:00,,5,,2025-05-22 16:58:50
2171,11,976,2023-05-27,16:30:00,,,,2025-05-22 16:58:50
2172,3,791,2024-07-29,09:45:00,,5,,2025-05-22 16:58:50
2173,8,387,2024-12-27,13:00:00,,4,,2025-05-22 16:58:50
2174,10,512,2024-01-28,10:30:00,,,希望能增加互动性的展品。,2025-05-22 16:58:50
2175,6,264,2023-12-09,13:45:00,,4,,2025-05-22 16:58:50
2176,7,646,2023-05-25,11:45:00,,3,,2025-05-22 16:58:50
2177,3,139,2024-10-12,09:00:00,24,,,2025-05-22 16:58:50
2178,6,226,2023-06-25,16:30:00,,5,交通便利，设施完善。,2025-05-22 16:58:50
2179,2,866,2023-12-30,11:30:00,,3,,2025-05-22 16:58:50
2180,4,579,2024-11-30,12:00:00,,4,,2025-05-22 16:58:50
2181,2,542,2024-05-27,11:00:00,,,,2025-05-22 16:58:50
2182,5,749,2024-12-26,09:00:00,,4,,2025-05-22 16:58:50
2183,5,529,2024-07-15,10:45:00,,3,,2025-05-22 16:58:50
2184,1,233,2024-09-14,14:30:00,,4,,2025-05-22 16:58:50
2185,8,325,2024-08-29,14:45:00,,3,,2025-05-22 16:58:50
2186,6,564,2024-06-20,11:00:00,,4,很适合带孩子来参观学习。,2025-05-22 16:58:50
2187,6,95,2024-07-15,09:00:00,,5,,2025-05-22 16:58:50
2188,2,183,2024-02-24,10:00:00,,,,2025-05-22 16:58:50
2189,10,710,2025-05-14,15:00:00,,3,,2025-05-22 16:58:50
2190,8,478,2024-06-01,14:30:00,,5,,2025-05-22 16:58:50
2191,7,515,2024-11-11,09:30:00,,3,,2025-05-22 16:58:50
2192,9,827,2024-02-22,16:00:00,,3,,2025-05-22 16:58:50
2193,2,764,2024-09-17,11:30:00,,,,2025-05-22 16:58:50
2194,5,80,2024-05-14,12:45:00,,5,,2025-05-22 16:58:50
2195,4,375,2025-01-13,15:45:00,,,,2025-05-22 16:58:50
2196,8,245,2024-10-23,12:15:00,39,4,活动组织得很好，环境舒适。,2025-05-22 16:58:50
2197,8,487,2025-05-18,09:45:00,,3,,2025-05-22 16:58:50
2198,6,200,2024-10-05,14:15:00,,,,2025-05-22 16:58:50
2199,8,497,2025-01-09,09:15:00,,,,2025-05-22 16:58:50
2200,9,792,2024-09-18,13:15:00,,4,展览内容非常丰富，很有教育意义。,2025-05-22 16:58:50
2201,10,64,2025-01-27,10:45:00,,5,,2025-05-22 16:58:50
2202,1,415,2024-06-10,11:00:00,,,,2025-05-22 16:58:50
2203,2,16,2025-03-28,11:15:00,,4,讲解员专业知识丰富，讲解生动。,2025-05-22 16:58:50
2204,8,777,2024-09-09,09:15:00,,3,,2025-05-22 16:58:50
2205,2,8,2024-11-21,10:15:00,,,建议增加外语讲解服务。,2025-05-22 16:58:50
2206,6,694,2025-04-08,12:45:00,,3,,2025-05-22 16:58:50
2207,6,874,2024-10-10,16:00:00,,5,,2025-05-22 16:58:50
2208,10,122,2023-06-25,15:45:00,,3,,2025-05-22 16:58:50
2209,1,397,2024-03-20,16:30:00,,3,,2025-05-22 16:58:50
2210,4,841,2025-04-14,13:30:00,,,希望能增加互动性的展品。,2025-05-22 16:58:50
2211,10,492,2024-03-18,15:15:00,,4,,2025-05-22 16:58:50
2212,3,558,2024-11-24,13:15:00,,5,,2025-05-22 16:58:50
2213,7,210,2024-07-06,16:45:00,,5,很适合带孩子来参观学习。,2025-05-22 16:58:50
2214,1,340,2025-05-20,13:45:00,,3,,2025-05-22 16:58:50
2215,7,885,2023-09-14,11:30:00,,,停车不太方便。,2025-05-22 16:58:50
2216,4,17,2025-01-14,12:00:00,,3,希望能增加互动性的展品。,2025-05-22 16:58:50
2217,8,646,2024-02-20,16:30:00,,,,2025-05-22 16:58:50
2218,6,705,2024-05-24,09:45:00,,3,,2025-05-22 16:58:50
2219,9,518,2024-07-19,12:00:00,,5,,2025-05-22 16:58:50
2220,7,753,2023-10-14,09:45:00,,4,,2025-05-22 16:58:50
2221,1,37,2025-04-21,11:45:00,,3,,2025-05-22 16:58:50
2222,3,722,2023-07-20,14:15:00,,4,,2025-05-22 16:58:50
2223,11,403,2024-03-07,16:15:00,,,,2025-05-22 16:58:50
2224,1,924,2025-01-15,15:00:00,,4,,2025-05-22 16:58:50
2225,9,96,2024-07-06,12:00:00,,,希望能增加互动性的展品。,2025-05-22 16:58:50
2226,9,1000,2024-06-27,11:15:00,,3,,2025-05-22 16:58:50
2227,4,440,2024-10-28,13:15:00,,4,,2025-05-22 16:58:50
2228,6,422,2023-06-04,11:15:00,,3,建议增加外语讲解服务。,2025-05-22 16:58:50
2229,8,197,2024-09-28,15:30:00,,,,2025-05-22 16:58:50
2230,3,475,2025-03-13,15:30:00,,3,,2025-05-22 16:58:50
2231,3,856,2024-04-14,09:15:00,,,建议增加外语讲解服务。,2025-05-22 16:58:50
2232,9,657,2025-02-26,09:45:00,,4,,2025-05-22 16:58:50
2233,9,316,2024-05-31,16:45:00,,4,,2025-05-22 16:58:50
2234,6,548,2024-11-02,16:45:00,,3,停车不太方便。,2025-05-22 16:58:50
2235,11,414,2024-07-03,13:45:00,,,希望能增加互动性的展品。,2025-05-22 16:58:50
2236,9,637,2023-08-26,15:45:00,,4,,2025-05-22 16:58:50
2237,6,443,2025-02-10,09:30:00,,4,很适合带孩子来参观学习。,2025-05-22 16:58:50
2238,8,530,2025-03-20,15:00:00,,,,2025-05-22 16:58:50
2239,6,435,2024-07-01,16:15:00,,5,展览内容非常丰富，很有教育意义。,2025-05-22 16:58:50
2240,9,498,2024-10-15,10:15:00,,5,,2025-05-22 16:58:50
2241,5,970,2024-08-24,12:45:00,,,,2025-05-22 16:58:50
2242,2,647,2023-09-26,10:00:00,,4,展览内容非常丰富，很有教育意义。,2025-05-22 16:58:50
2243,6,976,2025-01-13,11:30:00,,3,,2025-05-22 16:58:50
2244,7,476,2024-12-15,11:45:00,,,,2025-05-22 16:58:50
2245,2,967,2023-08-12,11:45:00,,4,,2025-05-22 16:58:50
2246,3,895,2024-11-06,15:45:00,,,,2025-05-22 16:58:50
2247,3,288,2025-04-20,13:30:00,,,,2025-05-22 16:58:50
2248,9,619,2025-03-25,12:00:00,,,停车不太方便。,2025-05-22 16:58:50
2249,11,8,2024-02-14,15:30:00,,,,2025-05-22 16:58:50
2250,4,774,2024-03-20,11:00:00,,,,2025-05-22 16:58:50
2251,8,35,2023-12-25,15:30:00,,3,,2025-05-22 16:58:50
2252,8,203,2025-05-22,13:30:00,,3,,2025-05-22 16:58:50
2253,7,785,2023-09-05,13:30:00,,3,,2025-05-22 16:58:50
2254,6,823,2023-08-15,14:30:00,,4,,2025-05-22 16:58:50
2255,5,964,2023-07-10,16:45:00,,,,2025-05-22 16:58:50
2256,9,794,2024-06-03,11:00:00,,,,2025-05-22 16:58:50
2257,7,234,2025-05-11,14:00:00,,,部分展区很精彩，部分展区一般。,2025-05-22 16:58:50
2258,7,921,2024-07-28,13:00:00,,,,2025-05-22 16:58:50
2259,7,926,2024-07-15,12:15:00,,5,,2025-05-22 16:58:50
2260,7,592,2024-09-06,11:45:00,,3,,2025-05-22 16:58:50
2261,11,511,2023-08-28,11:00:00,,,,2025-05-22 16:58:50
2262,4,683,2023-12-03,16:15:00,,5,,2025-05-22 16:58:50
2263,10,354,2024-03-03,13:00:00,,3,,2025-05-22 16:58:50
2264,9,884,2024-08-31,15:45:00,,,,2025-05-22 16:58:50
2265,4,446,2025-05-20,09:45:00,,,停车不太方便。,2025-05-22 16:58:50
2266,6,78,2025-05-13,16:15:00,,4,,2025-05-22 16:58:50
2267,2,637,2025-05-18,14:00:00,,4,,2025-05-22 16:58:50
2268,1,244,2023-09-08,13:00:00,,,希望能增加互动性的展品。,2025-05-22 16:58:50
2269,4,406,2024-06-20,15:45:00,,5,,2025-05-22 16:58:50
2270,9,39,2024-03-30,15:15:00,,,,2025-05-22 16:58:50
2271,9,774,2023-12-12,15:30:00,,,,2025-05-22 16:58:50
2272,1,935,2024-06-13,15:30:00,,,,2025-05-22 16:58:50
2273,1,725,2024-10-17,12:00:00,,,,2025-05-22 16:58:50
2274,10,6,2023-09-16,12:30:00,,5,,2025-05-22 16:58:50
2275,1,884,2024-05-30,12:15:00,,3,,2025-05-22 16:58:50
2276,7,301,2025-02-03,14:15:00,,5,很适合带孩子来参观学习。,2025-05-22 16:58:50
2277,9,851,2025-03-21,12:15:00,,,,2025-05-22 16:58:50
2278,10,290,2024-01-12,09:15:00,,4,,2025-05-22 16:58:50
2279,6,66,2025-01-12,11:15:00,,4,,2025-05-22 16:58:50
2280,9,675,2024-03-10,15:15:00,,3,,2025-05-22 16:58:50
2281,7,825,2024-10-23,09:00:00,,,,2025-05-22 16:58:50
2282,6,506,2023-07-08,13:15:00,,,,2025-05-22 16:58:50
2283,1,670,2024-06-05,15:00:00,,,,2025-05-22 16:58:50
2284,3,929,2023-11-08,10:15:00,,5,,2025-05-22 16:58:50
2285,2,84,2023-06-21,09:30:00,,5,,2025-05-22 16:58:50
2286,11,121,2024-10-21,11:15:00,,3,,2025-05-22 16:58:50
2287,3,462,2023-07-08,09:45:00,,5,,2025-05-22 16:58:50
2288,9,989,2023-12-20,09:00:00,,3,,2025-05-22 16:58:50
2289,1,372,2024-09-13,09:45:00,,,整体还不错，但有提升空间。,2025-05-22 16:58:50
2290,8,587,2024-04-08,14:30:00,,,,2025-05-22 16:58:50
2291,8,174,2024-12-23,15:45:00,,4,,2025-05-22 16:58:50
2292,1,365,2024-09-07,15:15:00,,4,,2025-05-22 16:58:50
2293,7,485,2024-08-26,09:15:00,,3,,2025-05-22 16:58:50
2294,6,961,2025-02-12,10:30:00,,,,2025-05-22 16:58:50
2295,7,947,2024-12-11,11:00:00,,,,2025-05-22 16:58:50
2296,1,247,2024-05-18,14:45:00,,5,,2025-05-22 16:58:50
2297,8,143,2024-06-26,15:00:00,,3,建议增加外语讲解服务。,2025-05-22 16:58:50
2298,9,521,2023-08-31,12:00:00,,5,,2025-05-22 16:58:50
2299,11,427,2024-09-30,10:45:00,,,,2025-05-22 16:58:50
2300,1,884,2025-05-08,10:30:00,,4,,2025-05-22 16:58:50
2301,4,452,2025-03-02,10:15:00,,,,2025-05-22 16:58:50
2302,2,279,2024-11-07,11:15:00,,,,2025-05-22 16:58:50
2303,4,578,2024-09-14,11:15:00,,,,2025-05-22 16:58:50
2304,5,240,2024-03-16,10:15:00,,,,2025-05-22 16:58:50
2305,7,64,2025-04-28,13:00:00,,3,,2025-05-22 16:58:50
2306,1,654,2023-11-23,15:00:00,,,,2025-05-22 16:58:50
2307,5,502,2025-05-09,13:00:00,,4,,2025-05-22 16:58:50
2308,4,99,2025-03-03,10:45:00,,3,,2025-05-22 16:58:50
2309,1,209,2023-09-23,15:00:00,,4,,2025-05-22 16:58:50
2310,8,581,2024-12-03,16:15:00,,4,,2025-05-22 16:58:50
2311,7,340,2024-11-26,10:00:00,,4,,2025-05-22 16:58:50
2312,4,797,2024-06-16,15:30:00,,,,2025-05-22 16:58:50
2313,11,351,2024-10-18,12:30:00,,4,,2025-05-22 16:58:50
2314,11,130,2024-11-03,14:15:00,,5,,2025-05-22 16:58:50
2315,9,537,2024-03-06,15:30:00,,,,2025-05-22 16:58:50
2316,9,301,2023-06-22,14:00:00,,3,整体还不错，但有提升空间。,2025-05-22 16:58:50
2317,8,468,2023-08-22,13:00:00,,,,2025-05-22 16:58:50
2318,7,530,2023-12-13,14:30:00,,5,,2025-05-22 16:58:50
2319,7,913,2024-03-02,14:45:00,,5,,2025-05-22 16:58:50
2320,7,820,2025-04-11,14:30:00,,4,很适合带孩子来参观学习。,2025-05-22 16:58:50
2321,6,179,2025-01-30,10:45:00,,,,2025-05-22 16:58:50
2322,10,138,2023-06-09,14:00:00,,,停车不太方便。,2025-05-22 16:58:50
2323,3,514,2023-06-19,09:45:00,,3,,2025-05-22 16:58:50
2324,2,639,2024-06-02,09:30:00,,4,,2025-05-22 16:58:50
2325,9,123,2024-01-26,12:00:00,,4,展览内容非常丰富，很有教育意义。,2025-05-22 16:58:50
2326,11,314,2025-01-04,15:45:00,,4,展览内容非常丰富，很有教育意义。,2025-05-22 16:58:50
2327,7,118,2024-05-27,15:15:00,,4,,2025-05-22 16:58:50
2328,8,593,2024-06-12,13:15:00,,,,2025-05-22 16:58:50
2329,7,445,2024-10-18,14:45:00,,3,,2025-05-22 16:58:50
2330,6,443,2023-05-29,12:30:00,,,,2025-05-22 16:58:50
2331,11,248,2024-06-04,10:45:00,,,,2025-05-22 16:58:50
2332,6,463,2023-10-12,14:15:00,,4,讲解员专业知识丰富，讲解生动。,2025-05-22 16:58:50
2333,4,639,2025-03-31,16:45:00,,5,展览内容非常丰富，很有教育意义。,2025-05-22 16:58:50
2334,7,56,2025-03-21,11:30:00,,4,,2025-05-22 16:58:50
2335,5,722,2024-03-01,13:45:00,,4,,2025-05-22 16:58:50
2336,3,995,2023-10-18,14:45:00,,5,讲解员专业知识丰富，讲解生动。,2025-05-22 16:58:50
2337,5,231,2025-03-16,16:00:00,,5,,2025-05-22 16:58:50
2338,9,817,2024-10-24,16:15:00,,,,2025-05-22 16:58:50
2339,7,322,2024-10-16,12:45:00,,5,,2025-05-22 16:58:50
2340,7,197,2024-03-30,14:00:00,,3,部分展区很精彩，部分展区一般。,2025-05-22 16:58:50
2341,1,234,2024-08-07,15:15:00,,3,,2025-05-22 16:58:50
2342,4,298,2024-07-10,10:15:00,,4,,2025-05-22 16:58:50
2343,6,649,2023-12-02,11:30:00,,,,2025-05-22 16:58:50
2344,10,272,2024-10-14,10:45:00,,4,,2025-05-22 16:58:50
2345,3,319,2024-05-24,13:00:00,,,整体还不错，但有提升空间。,2025-05-22 16:58:50
2346,6,400,2025-03-28,11:15:00,,3,,2025-05-22 16:58:50
2347,3,751,2025-05-14,14:30:00,,5,,2025-05-22 16:58:50
2348,6,945,2025-05-17,11:30:00,,4,,2025-05-22 16:58:50
2349,8,300,2024-07-14,14:15:00,,3,,2025-05-22 16:58:50
2350,2,325,2023-12-12,13:30:00,,,,2025-05-22 16:58:50
2351,3,753,2023-09-16,09:45:00,,4,展览内容非常丰富，很有教育意义。,2025-05-22 16:58:50
2352,8,550,2023-11-23,09:45:00,,3,,2025-05-22 16:58:50
2353,7,75,2023-11-05,10:30:00,,3,,2025-05-22 16:58:50
2354,1,97,2023-12-26,10:00:00,,5,,2025-05-22 16:58:50
2355,4,423,2024-03-07,12:00:00,,,,2025-05-22 16:58:50
2356,1,306,2023-12-15,09:30:00,,5,很适合带孩子来参观学习。,2025-05-22 16:58:50
2357,2,291,2024-11-28,15:30:00,,3,希望能增加互动性的展品。,2025-05-22 16:58:50
2358,8,885,2023-07-24,15:30:00,,,,2025-05-22 16:58:50
2359,7,171,2024-08-31,15:15:00,,,,2025-05-22 16:58:50
2360,2,310,2024-08-11,16:15:00,,4,,2025-05-22 16:58:50
2361,4,639,2023-07-14,15:45:00,,3,,2025-05-22 16:58:50
2362,9,970,2024-10-21,13:45:00,,4,很适合带孩子来参观学习。,2025-05-22 16:58:50
2363,1,537,2025-01-24,13:00:00,,,,2025-05-22 16:58:50
2364,5,802,2024-10-11,14:15:00,,,建议增加外语讲解服务。,2025-05-22 16:58:50
2365,2,961,2023-06-29,10:00:00,,,,2025-05-22 16:58:50
2366,4,952,2024-11-30,10:30:00,,,,2025-05-22 16:58:50
2367,4,747,2023-12-19,15:30:00,,,,2025-05-22 16:58:50
2368,3,5,2024-11-26,13:00:00,,5,,2025-05-22 16:58:50
2369,11,867,2024-10-16,10:30:00,,3,,2025-05-22 16:58:50
2370,6,996,2024-09-17,16:15:00,,,停车不太方便。,2025-05-22 16:58:50
2371,11,300,2023-11-05,15:30:00,,4,活动组织得很好，环境舒适。,2025-05-22 16:58:50
2372,1,699,2023-06-26,10:30:00,,,,2025-05-22 16:58:50
2373,5,849,2025-03-25,09:15:00,,,,2025-05-22 16:58:50
2374,9,988,2023-12-11,16:45:00,,4,,2025-05-22 16:58:50
2375,9,920,2023-06-18,13:00:00,,3,,2025-05-22 16:58:50
2376,8,357,2024-11-11,13:00:00,,4,,2025-05-22 16:58:50
2377,1,938,2023-06-01,11:30:00,,3,,2025-05-22 16:58:50
2378,4,909,2024-10-10,10:45:00,,,,2025-05-22 16:58:50
2379,4,755,2023-10-28,16:15:00,,,希望能增加互动性的展品。,2025-05-22 16:58:50
2380,2,472,2025-03-19,11:15:00,,4,讲解员专业知识丰富，讲解生动。,2025-05-22 16:58:50
2381,2,103,2025-01-18,16:00:00,,,,2025-05-22 16:58:50
2382,1,570,2025-04-10,16:15:00,,,整体还不错，但有提升空间。,2025-05-22 16:58:50
2383,4,542,2024-02-19,12:15:00,,,希望能增加互动性的展品。,2025-05-22 16:58:50
2384,7,965,2025-05-04,16:00:00,,,,2025-05-22 16:58:50
2385,10,665,2024-07-12,16:15:00,,5,,2025-05-22 16:58:50
2386,1,724,2023-12-13,16:15:00,,3,,2025-05-22 16:58:50
2387,8,347,2024-06-24,10:00:00,,3,,2025-05-22 16:58:50
2388,6,602,2025-04-14,12:15:00,,,,2025-05-22 16:58:50
2389,7,492,2025-02-28,12:30:00,,3,,2025-05-22 16:58:50
2390,2,382,2023-06-14,10:30:00,,,,2025-05-22 16:58:50
2391,9,424,2024-04-17,14:30:00,,5,活动组织得很好，环境舒适。,2025-05-22 16:58:50
2392,3,599,2024-07-23,14:45:00,,4,,2025-05-22 16:58:50
2393,7,584,2024-11-06,15:45:00,,3,建议增加外语讲解服务。,2025-05-22 16:58:50
2394,8,734,2023-09-19,15:45:00,,5,,2025-05-22 16:58:50
2395,8,33,2024-11-11,10:15:00,,4,,2025-05-22 16:58:50
2396,8,58,2024-12-26,14:00:00,,,,2025-05-22 16:58:50
2397,6,448,2024-09-21,16:00:00,,,,2025-05-22 16:58:50
2398,8,509,2024-12-04,11:30:00,,,,2025-05-22 16:58:50
2399,9,650,2024-12-19,14:45:00,,4,讲解员专业知识丰富，讲解生动。,2025-05-22 16:58:50
2400,8,366,2024-12-11,10:30:00,,5,,2025-05-22 16:58:50
2401,3,218,2023-05-30,15:00:00,,4,,2025-05-22 16:58:50
2402,8,752,2025-05-12,14:30:00,,3,,2025-05-22 16:58:50
2403,5,89,2025-05-12,11:30:00,,3,,2025-05-22 16:58:50
2404,7,788,2024-06-09,09:45:00,,5,,2025-05-22 16:58:50
2405,6,665,2025-03-01,16:30:00,,3,,2025-05-22 16:58:50
2406,9,169,2023-06-24,13:15:00,,,,2025-05-22 16:58:50
2407,2,44,2024-01-02,12:45:00,,5,,2025-05-22 16:58:50
2408,11,198,2024-03-13,12:45:00,,,,2025-05-22 16:58:50
2409,2,438,2023-10-04,15:15:00,,,,2025-05-22 16:58:50
2410,10,336,2023-08-11,12:45:00,,,,2025-05-22 16:58:50
2411,3,618,2025-03-09,09:15:00,,,希望能增加互动性的展品。,2025-05-22 16:58:50
2412,2,860,2024-04-28,16:45:00,,,建议增加外语讲解服务。,2025-05-22 16:58:50
2413,6,456,2024-04-25,11:00:00,,4,,2025-05-22 16:58:50
2414,5,397,2024-07-19,09:00:00,,5,,2025-05-22 16:58:50
2415,5,900,2023-07-11,11:00:00,,,,2025-05-22 16:58:50
2416,2,267,2024-08-12,13:00:00,,5,,2025-05-22 16:58:50
2417,4,833,2024-07-01,09:00:00,,3,,2025-05-22 16:58:50
2418,2,661,2024-05-01,13:45:00,,5,,2025-05-22 16:58:50
2419,3,319,2024-06-30,15:30:00,,,,2025-05-22 16:58:50
2420,2,262,2025-03-10,13:15:00,,,建议增加外语讲解服务。,2025-05-22 16:58:50
2421,7,519,2023-07-22,13:30:00,,5,,2025-05-22 16:58:50
2422,2,134,2024-08-24,16:15:00,,4,,2025-05-22 16:58:50
2423,7,847,2024-09-04,10:30:00,,,整体还不错，但有提升空间。,2025-05-22 16:58:50
2424,5,622,2024-05-28,14:30:00,,4,,2025-05-22 16:58:50
2425,7,91,2023-08-11,12:45:00,,5,,2025-05-22 16:58:50
2426,7,941,2025-02-19,09:45:00,,,,2025-05-22 16:58:50
2427,7,143,2024-02-28,10:30:00,,,,2025-05-22 16:58:50
2428,5,561,2023-06-17,16:30:00,,,建议增加外语讲解服务。,2025-05-22 16:58:50
2429,6,974,2024-06-27,16:30:00,,3,,2025-05-22 16:58:50
2430,4,638,2023-11-05,15:00:00,,,建议增加外语讲解服务。,2025-05-22 16:58:50
2431,10,122,2023-07-26,09:00:00,,,,2025-05-22 16:58:50
2432,7,100,2024-06-30,10:30:00,,3,整体还不错，但有提升空间。,2025-05-22 16:58:50
2433,6,870,2023-11-27,16:45:00,,4,交通便利，设施完善。,2025-05-22 16:58:50
2434,1,223,2025-04-19,15:30:00,,,,2025-05-22 16:58:50
2435,4,255,2024-09-12,10:30:00,,4,交通便利，设施完善。,2025-05-22 16:58:50
2436,3,899,2024-05-23,13:00:00,,,,2025-05-22 16:58:50
2437,2,961,2024-08-08,10:30:00,,,,2025-05-22 16:58:50
2438,5,749,2024-01-03,10:45:00,,3,,2025-05-22 16:58:50
2439,4,54,2023-05-29,16:00:00,,,希望能增加互动性的展品。,2025-05-22 16:58:50
2440,9,942,2025-02-14,12:15:00,,3,,2025-05-22 16:58:50
2441,2,375,2025-02-17,13:30:00,,5,,2025-05-22 16:58:50
2442,9,934,2024-11-23,16:30:00,,,建议增加外语讲解服务。,2025-05-22 16:58:50
2443,1,177,2025-04-18,14:45:00,,,建议增加外语讲解服务。,2025-05-22 16:58:50
2444,3,77,2024-06-04,10:15:00,,4,,2025-05-22 16:58:50
2445,3,482,2023-08-12,13:15:00,,4,,2025-05-22 16:58:50
2446,5,194,2024-08-07,14:30:00,,4,,2025-05-22 16:58:50
2447,10,872,2024-10-06,15:45:00,,,,2025-05-22 16:58:50
2448,8,82,2025-02-02,09:30:00,,,,2025-05-22 16:58:50
2449,8,370,2024-07-06,13:15:00,,4,,2025-05-22 16:58:50
2450,7,717,2024-09-12,14:00:00,,5,,2025-05-22 16:58:50
2451,8,843,2024-12-26,11:00:00,,,,2025-05-22 16:58:50
2452,7,108,2025-05-04,14:15:00,,,希望能增加互动性的展品。,2025-05-22 16:58:50
2453,6,52,2024-11-16,13:30:00,,,,2025-05-22 16:58:50
2454,3,512,2024-05-07,12:15:00,,,,2025-05-22 16:58:50
2455,3,822,2025-02-27,09:15:00,,4,讲解员专业知识丰富，讲解生动。,2025-05-22 16:58:50
2456,8,47,2024-10-14,12:15:00,,,,2025-05-22 16:58:50
2457,2,208,2025-05-08,16:00:00,,5,,2025-05-22 16:58:50
2458,2,820,2024-10-01,14:45:00,,3,,2025-05-22 16:58:50
2459,4,463,2024-08-10,09:30:00,,,希望能增加互动性的展品。,2025-05-22 16:58:50
2460,3,256,2023-08-05,16:30:00,,5,,2025-05-22 16:58:50
2461,5,991,2025-01-01,10:00:00,,,,2025-05-22 16:58:50
2462,7,22,2023-06-05,13:15:00,,,,2025-05-22 16:58:50
2463,9,561,2025-03-06,14:30:00,,,,2025-05-22 16:58:50
2464,10,565,2024-10-20,13:45:00,,5,,2025-05-22 16:58:50
2465,8,420,2023-08-18,13:00:00,,4,,2025-05-22 16:58:50
2466,3,630,2024-05-08,12:45:00,,4,讲解员专业知识丰富，讲解生动。,2025-05-22 16:58:50
2467,8,970,2024-06-29,11:30:00,,3,,2025-05-22 16:58:50
2468,7,601,2024-08-02,16:00:00,,5,很适合带孩子来参观学习。,2025-05-22 16:58:50
2469,3,868,2025-05-07,09:45:00,,,,2025-05-22 16:58:50
2470,9,372,2024-07-20,09:45:00,,,,2025-05-22 16:58:50
2471,5,949,2024-09-13,14:45:00,,,,2025-05-22 16:58:50
2472,9,85,2023-10-28,15:45:00,,5,,2025-05-22 16:58:50
2473,6,368,2024-08-26,14:45:00,,,,2025-05-22 16:58:50
2474,10,972,2024-06-09,09:15:00,,3,,2025-05-22 16:58:50
2475,7,838,2024-12-07,10:15:00,,,,2025-05-22 16:58:50
2476,6,400,2023-06-24,15:30:00,,,停车不太方便。,2025-05-22 16:58:50
2477,8,110,2024-07-05,16:00:00,,5,,2025-05-22 16:58:50
2478,11,307,2025-01-05,12:15:00,,3,,2025-05-22 16:58:50
2479,8,918,2024-09-13,12:30:00,,3,停车不太方便。,2025-05-22 16:58:50
2480,11,368,2025-02-04,16:00:00,,,整体还不错，但有提升空间。,2025-05-22 16:58:50
2481,3,386,2024-05-28,15:00:00,,3,,2025-05-22 16:58:50
2482,7,674,2024-06-02,10:30:00,,5,,2025-05-22 16:58:50
2483,10,673,2025-02-06,09:15:00,,,,2025-05-22 16:58:50
2484,5,843,2025-03-02,16:30:00,,4,展览内容非常丰富，很有教育意义。,2025-05-22 16:58:50
2485,2,718,2024-01-21,12:45:00,,5,,2025-05-22 16:58:50
2486,7,404,2025-01-03,16:15:00,,,建议增加外语讲解服务。,2025-05-22 16:58:50
2487,6,1000,2024-11-04,12:45:00,,,,2025-05-22 16:58:50
2488,2,69,2023-07-07,13:00:00,,4,,2025-05-22 16:58:50
2489,8,177,2024-12-01,11:00:00,,3,,2025-05-22 16:58:50
2490,1,171,2024-08-21,14:00:00,,3,,2025-05-22 16:58:50
2491,10,999,2023-09-22,15:00:00,,3,,2025-05-22 16:58:50
2492,4,387,2023-06-09,11:45:00,,,,2025-05-22 16:58:50
2493,3,304,2024-12-08,09:00:00,,,,2025-05-22 16:58:50
2494,10,30,2025-01-05,16:45:00,,,,2025-05-22 16:58:50
2495,1,622,2024-10-24,10:30:00,,,,2025-05-22 16:58:50
2496,2,456,2023-09-30,12:30:00,,4,,2025-05-22 16:58:50
2497,2,787,2024-11-20,12:30:00,,5,,2025-05-22 16:58:50
2498,7,324,2024-06-15,13:15:00,,4,,2025-05-22 16:58:50
2499,3,853,2024-04-22,14:00:00,,5,,2025-05-22 16:58:50
2500,6,871,2024-03-12,16:45:00,,,,2025-05-22 16:58:50
2501,2,111,2024-10-07,11:30:00,,,,2025-05-22 16:58:50
2502,8,287,2025-03-31,14:30:00,,,,2025-05-22 16:58:50
2503,4,491,2024-04-01,12:30:00,,3,,2025-05-22 16:58:50
2504,3,554,2024-09-27,13:00:00,,4,,2025-05-22 16:58:50
2505,9,50,2024-08-28,16:00:00,23,,,2025-05-22 16:58:50
2506,3,595,2024-05-08,16:45:00,,5,,2025-05-22 16:58:50
2507,6,309,2025-01-09,16:45:00,,5,,2025-05-22 16:58:50
2508,5,184,2024-03-03,09:30:00,,3,,2025-05-22 16:58:50
2509,5,560,2024-08-28,13:00:00,,3,,2025-05-22 16:58:50
2510,8,666,2023-06-03,13:30:00,,4,,2025-05-22 16:58:50
2511,5,569,2024-08-23,15:30:00,,4,,2025-05-22 16:58:50
2512,3,549,2024-09-15,13:00:00,,5,,2025-05-22 16:58:50
2513,10,543,2025-04-09,16:00:00,,5,,2025-05-22 16:58:50
2514,3,415,2024-10-19,11:00:00,,5,,2025-05-22 16:58:50
2515,9,146,2024-11-12,11:15:00,,4,活动组织得很好，环境舒适。,2025-05-22 16:58:50
2516,5,666,2024-03-31,11:00:00,,,,2025-05-22 16:58:50
2517,3,443,2025-02-11,16:30:00,,,,2025-05-22 16:58:50
2518,6,234,2024-02-22,16:15:00,,4,,2025-05-22 16:58:50
2519,7,126,2023-05-28,10:15:00,,3,部分展区很精彩，部分展区一般。,2025-05-22 16:58:50
2520,3,628,2024-12-13,14:00:00,,,建议增加外语讲解服务。,2025-05-22 16:58:50
2521,4,264,2025-05-22,13:30:00,,,希望能增加互动性的展品。,2025-05-22 16:58:50
2522,2,200,2024-05-16,16:45:00,,4,,2025-05-22 16:58:50
2523,5,589,2024-06-27,14:30:00,,4,,2025-05-22 16:58:50
2524,4,533,2025-03-14,11:45:00,,,整体还不错，但有提升空间。,2025-05-22 16:58:50
2525,2,496,2024-10-26,10:45:00,,4,,2025-05-22 16:58:50
2526,8,926,2025-03-13,16:00:00,,4,讲解员专业知识丰富，讲解生动。,2025-05-22 16:58:50
2527,3,805,2023-09-21,12:00:00,,3,整体还不错，但有提升空间。,2025-05-22 16:58:50
2528,7,653,2024-06-03,15:00:00,,5,,2025-05-22 16:58:50
2529,3,533,2023-08-25,13:30:00,,3,整体还不错，但有提升空间。,2025-05-22 16:58:50
2530,5,31,2024-08-15,09:15:00,,3,,2025-05-22 16:58:50
2531,9,423,2023-08-10,10:45:00,,,,2025-05-22 16:58:50
2532,1,366,2024-06-06,10:15:00,,4,,2025-05-22 16:58:50
2533,9,655,2024-12-17,10:15:00,,3,,2025-05-22 16:58:50
2534,6,53,2024-08-20,16:15:00,,3,,2025-05-22 16:58:50
2535,9,486,2024-10-16,09:30:00,,4,,2025-05-22 16:58:50
2536,3,21,2024-06-23,10:30:00,,4,,2025-05-22 16:58:50
2537,9,883,2025-05-04,16:45:00,,,,2025-05-22 16:58:50
2538,4,106,2024-08-26,13:00:00,,4,,2025-05-22 16:58:50
2539,5,690,2023-07-26,10:45:00,,3,,2025-05-22 16:58:50
2540,5,316,2025-04-12,12:45:00,,4,,2025-05-22 16:58:50
2541,6,372,2025-02-16,16:30:00,,4,活动组织得很好，环境舒适。,2025-05-22 16:58:50
2542,6,31,2025-02-19,11:30:00,,,,2025-05-22 16:58:50
2543,1,259,2024-04-30,11:00:00,,,,2025-05-22 16:58:50
2544,1,40,2023-12-12,16:00:00,,,部分展区很精彩，部分展区一般。,2025-05-22 16:58:50
2545,10,970,2025-02-15,12:45:00,,,,2025-05-22 16:58:50
2546,4,282,2024-12-04,13:15:00,,4,,2025-05-22 16:58:50
2547,9,9,2025-02-07,15:00:00,,,建议增加外语讲解服务。,2025-05-22 16:58:50
2548,7,306,2023-10-02,15:30:00,,,停车不太方便。,2025-05-22 16:58:50
2549,7,171,2024-11-04,10:00:00,,,,2025-05-22 16:58:50
2550,5,584,2025-01-19,11:45:00,,4,,2025-05-22 16:58:50
2551,9,689,2025-03-31,16:15:00,,3,建议增加外语讲解服务。,2025-05-22 16:58:50
2552,2,64,2024-02-11,16:45:00,,,,2025-05-22 16:58:50
2553,11,744,2024-08-12,15:15:00,,4,,2025-05-22 16:58:50
2554,8,226,2024-12-06,09:15:00,,,,2025-05-22 16:58:50
2555,2,62,2024-08-18,11:45:00,,,,2025-05-22 16:58:50
2556,9,397,2025-02-05,13:30:00,,,停车不太方便。,2025-05-22 16:58:50
2557,3,850,2024-06-18,10:45:00,,4,,2025-05-22 16:58:50
2558,10,172,2024-02-25,09:30:00,,5,,2025-05-22 16:58:50
2559,10,579,2023-07-13,09:15:00,,4,,2025-05-22 16:58:50
2560,6,124,2023-12-14,14:00:00,,5,,2025-05-22 16:58:50
2561,3,745,2025-04-03,16:45:00,,4,,2025-05-22 16:58:50
2562,5,616,2024-01-17,16:15:00,,3,,2025-05-22 16:58:50
2563,7,69,2025-03-13,10:00:00,,4,,2025-05-22 16:58:50
2564,9,239,2024-06-20,09:30:00,23,,,2025-05-22 16:58:50
2565,5,892,2024-11-30,15:30:00,,,,2025-05-22 16:58:50
2566,8,491,2023-12-08,10:00:00,,3,建议增加外语讲解服务。,2025-05-22 16:58:50
2567,6,183,2024-07-02,11:00:00,,4,,2025-05-22 16:58:50
2568,3,226,2023-11-13,12:45:00,,,部分展区很精彩，部分展区一般。,2025-05-22 16:58:50
2569,4,431,2024-06-27,13:45:00,,5,,2025-05-22 16:58:50
2570,6,531,2024-10-05,09:45:00,,4,,2025-05-22 16:58:50
2571,5,692,2025-02-07,12:30:00,,5,,2025-05-22 16:58:50
2572,5,107,2024-08-21,16:00:00,,4,,2025-05-22 16:58:50
2573,7,741,2025-03-06,10:45:00,,,,2025-05-22 16:58:50
2574,8,514,2024-11-03,12:30:00,,4,,2025-05-22 16:58:50
2575,5,539,2024-11-01,13:45:00,,5,,2025-05-22 16:58:50
2576,2,640,2025-01-19,13:00:00,,,,2025-05-22 16:58:50
2577,4,162,2024-04-04,14:30:00,,4,,2025-05-22 16:58:50
2578,9,846,2023-10-18,13:30:00,,5,,2025-05-22 16:58:50
2579,7,542,2023-08-04,15:00:00,,5,,2025-05-22 16:58:50
2580,5,306,2025-01-02,13:30:00,,5,,2025-05-22 16:58:50
2581,4,777,2025-01-13,11:15:00,49,,希望能增加互动性的展品。,2025-05-22 16:58:50
2582,4,982,2024-08-26,14:30:00,,3,,2025-05-22 16:58:50
2583,6,725,2025-04-30,10:30:00,,,,2025-05-22 16:58:50
2584,3,821,2024-01-06,13:45:00,,3,,2025-05-22 16:58:50
2585,4,558,2025-01-01,12:00:00,49,,希望能增加互动性的展品。,2025-05-22 16:58:50
2586,5,253,2024-09-02,14:00:00,,,希望能增加互动性的展品。,2025-05-22 16:58:50
2587,8,881,2024-11-17,10:15:00,,3,,2025-05-22 16:58:50
2588,3,816,2024-03-01,13:00:00,,,,2025-05-22 16:58:50
2589,9,821,2024-01-31,14:00:00,,,,2025-05-22 16:58:50
2590,9,391,2024-12-31,12:30:00,,,,2025-05-22 16:58:50
2591,9,741,2024-07-01,13:45:00,23,4,交通便利，设施完善。,2025-05-22 16:58:50
2592,1,545,2025-01-04,09:00:00,,4,,2025-05-22 16:58:50
2593,10,851,2024-12-16,10:00:00,,5,,2025-05-22 16:58:50
2594,2,324,2024-09-12,16:45:00,,5,,2025-05-22 16:58:50
2595,2,717,2024-08-19,16:15:00,,,,2025-05-22 16:58:50
2596,9,468,2024-11-10,13:45:00,,4,展览内容非常丰富，很有教育意义。,2025-05-22 16:58:50
2597,9,871,2024-06-26,11:00:00,,5,交通便利，设施完善。,2025-05-22 16:58:50
2598,7,68,2024-06-19,16:45:00,,,整体还不错，但有提升空间。,2025-05-22 16:58:50
2599,6,715,2024-02-19,12:45:00,,5,,2025-05-22 16:58:50
2600,1,247,2024-03-24,15:45:00,,5,,2025-05-22 16:58:50
2601,6,50,2024-01-02,09:15:00,,3,,2025-05-22 16:58:50
2602,8,70,2024-06-21,13:00:00,,3,,2025-05-22 16:58:50
2603,2,375,2024-03-11,13:45:00,,4,,2025-05-22 16:58:50
2604,5,400,2024-12-10,09:30:00,,3,,2025-05-22 16:58:50
2605,2,683,2024-09-21,14:30:00,,,,2025-05-22 16:58:50
2606,1,991,2024-10-21,13:00:00,,,,2025-05-22 16:58:50
2607,8,150,2024-10-17,14:15:00,,,希望能增加互动性的展品。,2025-05-22 16:58:50
2608,6,732,2024-02-11,16:30:00,,,,2025-05-22 16:58:50
2609,2,217,2025-01-03,09:45:00,,3,,2025-05-22 16:58:50
2610,1,435,2024-10-20,09:45:00,,5,,2025-05-22 16:58:50
2611,4,678,2024-02-12,13:30:00,,3,部分展区很精彩，部分展区一般。,2025-05-22 16:58:50
2612,9,242,2024-12-08,11:00:00,,,,2025-05-22 16:58:50
2613,7,868,2024-02-09,16:15:00,,,,2025-05-22 16:58:50
2614,4,313,2025-01-01,15:30:00,49,,,2025-05-22 16:58:50
2615,1,344,2024-09-15,09:45:00,,,,2025-05-22 16:58:50
2616,4,796,2023-12-10,13:15:00,,,,2025-05-22 16:58:50
2617,1,421,2023-11-26,14:15:00,,5,展览内容非常丰富，很有教育意义。,2025-05-22 16:58:50
2618,9,826,2025-02-24,12:30:00,,5,活动组织得很好，环境舒适。,2025-05-22 16:58:50
2619,4,372,2024-09-11,12:15:00,,,,2025-05-22 16:58:50
2620,8,279,2025-02-28,11:30:00,,3,,2025-05-22 16:58:50
2621,9,715,2025-04-26,13:00:00,,3,,2025-05-22 16:58:50
2622,1,351,2025-05-19,15:15:00,50,5,,2025-05-22 16:58:50
2623,3,612,2024-12-30,11:45:00,,5,活动组织得很好，环境舒适。,2025-05-22 16:58:50
2624,9,930,2024-11-02,09:00:00,,,,2025-05-22 16:58:50
2625,1,621,2025-04-28,13:45:00,,,部分展区很精彩，部分展区一般。,2025-05-22 16:58:50
2626,7,681,2024-06-22,09:45:00,,5,,2025-05-22 16:58:50
2627,6,221,2025-03-12,10:00:00,,5,活动组织得很好，环境舒适。,2025-05-22 16:58:50
2628,7,495,2024-08-21,10:00:00,,,希望能增加互动性的展品。,2025-05-22 16:58:50
2629,7,72,2025-05-03,15:30:00,,,建议增加外语讲解服务。,2025-05-22 16:58:50
2630,4,457,2023-09-26,11:15:00,,,整体还不错，但有提升空间。,2025-05-22 16:58:50
2631,1,408,2024-09-07,16:30:00,,,,2025-05-22 16:58:50
2632,5,416,2025-01-07,14:30:00,,4,活动组织得很好，环境舒适。,2025-05-22 16:58:50
2633,9,806,2024-05-11,15:30:00,,3,建议增加外语讲解服务。,2025-05-22 16:58:50
2634,1,432,2024-03-12,10:15:00,,,,2025-05-22 16:58:50
2635,9,36,2024-09-28,10:45:00,,3,,2025-05-22 16:58:50
2636,11,482,2025-04-18,16:30:00,,5,,2025-05-22 16:58:50
2637,9,429,2024-11-09,15:45:00,,4,,2025-05-22 16:58:50
2638,4,919,2024-12-29,09:15:00,,3,,2025-05-22 16:58:50
2639,1,347,2024-11-20,10:30:00,,5,,2025-05-22 16:58:50
2640,9,814,2025-04-26,10:00:00,,,,2025-05-22 16:58:50
2641,7,924,2025-04-02,12:15:00,,5,,2025-05-22 16:58:50
2642,10,492,2025-05-09,16:30:00,,,希望能增加互动性的展品。,2025-05-22 16:58:50
2643,4,938,2024-02-05,10:45:00,,3,,2025-05-22 16:58:50
2644,3,856,2025-02-05,11:45:00,,5,,2025-05-22 16:58:50
2645,4,79,2025-05-17,12:45:00,,,,2025-05-22 16:58:50
2646,7,798,2025-03-31,13:00:00,3,,希望能增加互动性的展品。,2025-05-22 16:58:50
2647,8,660,2025-02-22,13:45:00,,5,,2025-05-22 16:58:50
2648,7,952,2025-01-16,13:45:00,,4,,2025-05-22 16:58:50
2649,6,287,2023-12-11,12:00:00,,,,2025-05-22 16:58:50
2650,1,920,2023-07-11,12:00:00,,,建议增加外语讲解服务。,2025-05-22 16:58:50
2651,11,418,2025-01-05,09:45:00,,5,,2025-05-22 16:58:50
2652,4,872,2025-05-13,09:30:00,,4,,2025-05-22 16:58:50
2653,7,110,2024-07-11,09:45:00,,,整体还不错，但有提升空间。,2025-05-22 16:58:50
2654,7,947,2024-12-01,12:00:00,,,,2025-05-22 16:58:50
2655,2,368,2024-11-24,09:45:00,,3,,2025-05-22 16:58:50
2656,7,993,2023-10-22,16:30:00,,5,,2025-05-22 16:58:50
2657,7,490,2025-04-02,11:00:00,,5,,2025-05-22 16:58:50
2658,3,403,2024-01-25,11:45:00,,5,活动组织得很好，环境舒适。,2025-05-22 16:58:50
2659,9,455,2024-08-01,10:30:00,23,5,讲解员专业知识丰富，讲解生动。,2025-05-22 16:58:50
2660,2,772,2024-05-06,15:15:00,,,,2025-05-22 16:58:50
2661,10,989,2024-01-08,13:15:00,,3,建议增加外语讲解服务。,2025-05-22 16:58:50
2662,3,316,2024-07-21,11:00:00,,3,,2025-05-22 16:58:50
2663,11,304,2025-04-12,11:30:00,,5,,2025-05-22 16:58:50
2664,9,364,2025-02-21,16:00:00,,4,,2025-05-22 16:58:50
2665,7,525,2023-08-09,10:30:00,,,,2025-05-22 16:58:50
2666,5,853,2023-12-19,10:45:00,,4,,2025-05-22 16:58:50
2667,2,548,2023-08-31,09:45:00,,,,2025-05-22 16:58:50
2668,11,423,2024-03-22,09:00:00,,,,2025-05-22 16:58:50
2669,9,93,2024-03-28,09:30:00,,,,2025-05-22 16:58:50
2670,8,996,2024-04-23,15:30:00,,3,,2025-05-22 16:58:50
2671,9,830,2024-08-02,16:15:00,23,4,,2025-05-22 16:58:50
2672,6,484,2024-06-10,13:30:00,,,,2025-05-22 16:58:50
2673,3,449,2024-07-10,13:30:00,,,停车不太方便。,2025-05-22 16:58:50
2674,7,159,2024-06-01,12:15:00,,,,2025-05-22 16:58:50
2675,1,496,2024-07-28,11:00:00,,,,2025-05-22 16:58:50
2676,7,397,2023-10-26,10:15:00,,5,讲解员专业知识丰富，讲解生动。,2025-05-22 16:58:50
2677,5,601,2024-09-29,12:30:00,,,,2025-05-22 16:58:50
2678,4,675,2024-12-23,12:45:00,,3,,2025-05-22 16:58:50
2679,3,945,2024-07-17,11:15:00,,,部分展区很精彩，部分展区一般。,2025-05-22 16:58:50
2680,3,397,2024-06-08,11:45:00,32,5,展览内容非常丰富，很有教育意义。,2025-05-22 16:58:50
2681,3,497,2024-12-16,15:45:00,,5,,2025-05-22 16:58:50
2682,7,683,2024-06-01,14:30:00,,,,2025-05-22 16:58:50
2683,8,751,2025-03-11,09:30:00,,,,2025-05-22 16:58:50
2684,10,404,2024-05-30,13:45:00,,,,2025-05-22 16:58:50
2685,10,629,2024-07-21,10:00:00,,4,,2025-05-22 16:58:50
2686,7,377,2024-06-16,14:30:00,,,,2025-05-22 16:58:50
2687,6,553,2024-06-04,15:15:00,,3,,2025-05-22 16:58:50
2688,5,216,2024-02-18,14:00:00,,5,,2025-05-22 16:58:50
2689,8,653,2023-07-15,09:30:00,,3,停车不太方便。,2025-05-22 16:58:50
2690,1,356,2023-12-16,15:00:00,,3,希望能增加互动性的展品。,2025-05-22 16:58:50
2691,9,230,2024-08-30,09:15:00,23,3,,2025-05-22 16:58:50
2692,10,705,2025-01-23,09:00:00,,3,,2025-05-22 16:58:50
2693,10,708,2025-05-10,10:00:00,,4,,2025-05-22 16:58:50
2694,2,725,2025-03-09,13:30:00,,4,,2025-05-22 16:58:50
2695,4,103,2025-02-24,13:00:00,49,,希望能增加互动性的展品。,2025-05-22 16:58:50
2696,7,363,2025-02-11,13:00:00,,,,2025-05-22 16:58:50
2697,9,424,2023-08-09,13:00:00,,,,2025-05-22 16:58:50
2698,6,288,2025-02-22,10:15:00,,3,,2025-05-22 16:58:50
2699,1,793,2024-04-12,15:00:00,,,,2025-05-22 16:58:50
2700,1,840,2025-02-02,14:00:00,,,,2025-05-22 16:58:50
2701,2,546,2023-06-18,16:30:00,,3,,2025-05-22 16:58:50
2702,7,123,2025-01-28,10:30:00,,5,,2025-05-22 16:58:50
2703,6,810,2024-09-07,16:45:00,,5,讲解员专业知识丰富，讲解生动。,2025-05-22 16:58:50
2704,7,452,2024-06-25,11:15:00,,,希望能增加互动性的展品。,2025-05-22 16:58:50
2705,11,317,2024-02-15,14:00:00,,5,展览内容非常丰富，很有教育意义。,2025-05-22 16:58:50
2706,11,8,2023-08-02,10:00:00,,,,2025-05-22 16:58:50
2707,5,866,2024-10-10,13:45:00,,4,讲解员专业知识丰富，讲解生动。,2025-05-22 16:58:50
2708,7,585,2025-04-11,15:45:00,,,,2025-05-22 16:58:50
2709,8,380,2023-11-22,10:45:00,,,,2025-05-22 16:58:50
2710,1,716,2024-08-06,16:45:00,,4,,2025-05-22 16:58:50
2711,9,476,2024-12-27,16:45:00,,,,2025-05-22 16:58:50
2712,3,606,2024-04-15,13:30:00,,4,,2025-05-22 16:58:50
2713,7,208,2024-01-17,11:45:00,,3,,2025-05-22 16:58:50
2714,7,283,2024-11-11,14:30:00,,3,,2025-05-22 16:58:50
2715,11,588,2024-10-09,15:45:00,,5,,2025-05-22 16:58:50
2716,3,670,2025-04-15,12:15:00,,3,,2025-05-22 16:58:50
2717,9,792,2024-09-19,10:30:00,,4,,2025-05-22 16:58:50
2718,3,670,2025-02-06,15:30:00,,5,,2025-05-22 16:58:50
2719,9,799,2023-11-21,09:00:00,,,,2025-05-22 16:58:50
2720,9,144,2025-01-18,15:00:00,,4,,2025-05-22 16:58:50
2721,1,658,2024-06-04,13:45:00,,5,,2025-05-22 16:58:50
2722,1,122,2024-04-09,10:30:00,,,,2025-05-22 16:58:50
2723,2,565,2025-01-01,11:00:00,,3,,2025-05-22 16:58:50
2724,7,559,2024-07-24,13:45:00,,,,2025-05-22 16:58:50
2725,4,667,2024-04-27,11:00:00,,3,,2025-05-22 16:58:50
2726,5,604,2023-08-23,12:45:00,,3,整体还不错，但有提升空间。,2025-05-22 16:58:50
2727,4,372,2024-10-03,14:00:00,,3,停车不太方便。,2025-05-22 16:58:50
2728,1,711,2023-07-10,09:15:00,,4,交通便利，设施完善。,2025-05-22 16:58:50
2729,9,254,2024-09-18,14:30:00,23,,,2025-05-22 16:58:50
2730,8,884,2025-03-28,09:00:00,,5,,2025-05-22 16:58:50
2731,11,831,2024-04-11,11:30:00,,5,,2025-05-22 16:58:50
2732,9,404,2025-03-11,12:00:00,,3,,2025-05-22 16:58:50
2733,3,56,2024-12-20,09:15:00,,5,,2025-05-22 16:58:50
2734,11,919,2024-12-15,10:30:00,,4,交通便利，设施完善。,2025-05-22 16:58:50
2735,8,304,2025-01-22,12:15:00,,3,,2025-05-22 16:58:50
2736,3,905,2025-04-17,16:45:00,,5,,2025-05-22 16:58:50
2737,9,653,2025-04-21,13:45:00,,,,2025-05-22 16:58:50
2738,7,922,2025-03-04,10:30:00,,4,,2025-05-22 16:58:50
2739,3,120,2024-11-13,09:00:00,,5,讲解员专业知识丰富，讲解生动。,2025-05-22 16:58:50
2740,6,956,2024-11-03,09:45:00,,5,,2025-05-22 16:58:50
2741,8,705,2024-08-13,15:15:00,,5,,2025-05-22 16:58:50
2742,7,712,2025-03-10,12:15:00,,5,,2025-05-22 16:58:50
2743,8,646,2023-06-26,16:45:00,,3,部分展区很精彩，部分展区一般。,2025-05-22 16:58:50
2744,6,927,2024-04-08,15:45:00,,,建议增加外语讲解服务。,2025-05-22 16:58:50
2745,8,608,2025-01-17,11:00:00,,3,部分展区很精彩，部分展区一般。,2025-05-22 16:58:50
2746,4,230,2024-12-04,09:30:00,,,部分展区很精彩，部分展区一般。,2025-05-22 16:58:50
2747,5,715,2025-02-16,14:15:00,,,,2025-05-22 16:58:50
2748,11,567,2024-10-06,15:30:00,,,,2025-05-22 16:58:50
2749,7,982,2024-11-27,09:15:00,,4,,2025-05-22 16:58:50
2750,11,220,2023-08-03,10:45:00,,3,,2025-05-22 16:58:50
2751,9,180,2024-01-01,12:30:00,,,,2025-05-22 16:58:50
2752,1,901,2023-10-30,16:15:00,,,,2025-05-22 16:58:50
2753,10,648,2024-02-24,12:00:00,,,,2025-05-22 16:58:50
2754,5,132,2025-01-29,13:30:00,,5,,2025-05-22 16:58:50
2755,6,354,2024-08-26,14:45:00,,5,,2025-05-22 16:58:50
2756,1,961,2024-11-11,16:30:00,,3,部分展区很精彩，部分展区一般。,2025-05-22 16:58:50
2757,3,138,2024-12-10,10:15:00,,3,整体还不错，但有提升空间。,2025-05-22 16:58:50
2758,6,730,2024-09-16,10:15:00,,5,,2025-05-22 16:58:50
2759,5,462,2023-06-04,10:30:00,,3,,2025-05-22 16:58:50
2760,7,860,2024-12-18,16:30:00,,,,2025-05-22 16:58:50
2761,1,468,2024-12-19,14:00:00,,,,2025-05-22 16:58:50
2762,1,123,2023-12-20,14:00:00,,,整体还不错，但有提升空间。,2025-05-22 16:58:50
2763,1,809,2023-11-22,12:15:00,,,,2025-05-22 16:58:50
2764,6,260,2024-10-22,14:00:00,,,,2025-05-22 16:58:50
2765,8,586,2024-09-10,14:15:00,,,,2025-05-22 16:58:50
2766,1,405,2025-04-02,11:45:00,,,,2025-05-22 16:58:50
2767,6,142,2024-07-29,12:15:00,29,3,,2025-05-22 16:58:50
2768,8,968,2025-02-13,10:30:00,,,整体还不错，但有提升空间。,2025-05-22 16:58:50
2769,7,684,2024-12-31,11:00:00,,4,活动组织得很好，环境舒适。,2025-05-22 16:58:50
2770,8,511,2025-01-19,15:30:00,,3,,2025-05-22 16:58:50
2771,1,234,2024-09-20,16:15:00,,,,2025-05-22 16:58:50
2772,8,66,2024-08-24,09:15:00,39,,,2025-05-22 16:58:50
2773,8,237,2025-05-02,13:45:00,,,,2025-05-22 16:58:50
2774,11,706,2025-04-28,09:30:00,,4,,2025-05-22 16:58:50
2775,9,165,2025-05-13,16:15:00,,5,,2025-05-22 16:58:50
2776,3,458,2024-03-11,12:45:00,,5,,2025-05-22 16:58:50
2777,4,222,2025-01-28,16:15:00,49,3,,2025-05-22 16:58:50
2778,9,540,2024-09-11,09:15:00,,5,,2025-05-22 16:58:50
2779,2,27,2024-09-26,16:30:00,,5,,2025-05-22 16:58:50
2780,6,176,2023-08-19,10:15:00,,5,,2025-05-22 16:58:50
2781,7,42,2025-05-11,10:30:00,,4,,2025-05-22 16:58:50
2782,5,665,2024-12-24,15:15:00,,4,,2025-05-22 16:58:50
2783,5,696,2024-07-31,14:15:00,,,,2025-05-22 16:58:50
2784,7,185,2024-02-08,10:45:00,,5,,2025-05-22 16:58:50
2785,3,618,2024-11-06,11:45:00,,,停车不太方便。,2025-05-22 16:58:50
2786,2,591,2025-01-26,12:45:00,,3,希望能增加互动性的展品。,2025-05-22 16:58:50
2787,10,428,2025-05-03,10:30:00,,5,,2025-05-22 16:58:50
2788,6,329,2025-04-24,11:00:00,,,,2025-05-22 16:58:50
2789,9,34,2024-01-09,12:45:00,,3,建议增加外语讲解服务。,2025-05-22 16:58:50
2790,10,277,2024-11-02,11:00:00,,3,,2025-05-22 16:58:50
2791,4,332,2024-08-25,16:45:00,,,,2025-05-22 16:58:50
2792,8,246,2024-06-17,16:45:00,,,,2025-05-22 16:58:50
2793,9,182,2024-08-21,14:30:00,23,,希望能增加互动性的展品。,2025-05-22 16:58:50
2794,9,166,2025-01-25,15:30:00,,4,,2025-05-22 16:58:50
2795,4,84,2024-05-28,14:30:00,,,,2025-05-22 16:58:50
2796,9,24,2024-12-08,12:30:00,,4,活动组织得很好，环境舒适。,2025-05-22 16:58:50
2797,2,843,2025-03-14,12:30:00,,3,,2025-05-22 16:58:50
2798,6,406,2024-11-07,14:30:00,,,,2025-05-22 16:58:50
2799,9,691,2024-07-25,13:30:00,,5,,2025-05-22 16:58:50
2800,5,243,2025-01-19,14:45:00,,5,,2025-05-22 16:58:50
2801,1,567,2025-02-03,12:15:00,,3,部分展区很精彩，部分展区一般。,2025-05-22 16:58:50
2802,6,1,2024-07-20,15:15:00,29,,,2025-05-22 16:58:50
2803,3,352,2024-02-21,12:15:00,,,,2025-05-22 16:58:50
2804,3,270,2023-11-18,12:30:00,,5,,2025-05-22 16:58:50
2805,9,647,2025-02-11,15:15:00,,,,2025-05-22 16:58:50
2806,1,231,2025-04-26,15:15:00,,,,2025-05-22 16:58:50
2807,2,162,2024-12-08,16:00:00,,5,,2025-05-22 16:58:50
2808,7,532,2024-02-05,16:15:00,,4,,2025-05-22 16:58:50
2809,8,401,2023-08-16,13:00:00,,4,,2025-05-22 16:58:50
2810,3,816,2024-02-06,13:15:00,,5,,2025-05-22 16:58:50
2811,2,116,2025-05-11,12:15:00,,4,,2025-05-22 16:58:50
2812,6,161,2023-05-25,15:15:00,,3,,2025-05-22 16:58:50
2813,5,31,2023-10-12,12:15:00,,,,2025-05-22 16:58:50
2814,10,456,2025-05-01,10:30:00,,3,,2025-05-22 16:58:50
2815,9,382,2025-01-09,11:45:00,,4,,2025-05-22 16:58:50
2816,6,479,2025-02-13,09:15:00,,4,,2025-05-22 16:58:50
2817,2,687,2024-05-06,10:00:00,,4,交通便利，设施完善。,2025-05-22 16:58:50
2818,9,986,2024-05-11,15:15:00,,,,2025-05-22 16:58:50
2819,7,742,2024-08-29,10:15:00,,,,2025-05-22 16:58:50
2820,2,187,2025-04-29,13:15:00,,,,2025-05-22 16:58:50
2821,1,589,2024-04-06,12:45:00,,,,2025-05-22 16:58:50
2822,6,139,2025-04-11,16:30:00,,,,2025-05-22 16:58:50
2823,3,935,2024-09-03,16:30:00,,5,,2025-05-22 16:58:50
2824,11,667,2024-06-06,16:00:00,,4,,2025-05-22 16:58:50
2825,3,698,2023-09-30,15:30:00,,4,,2025-05-22 16:58:50
2826,11,555,2024-07-11,11:15:00,,3,,2025-05-22 16:58:50
2827,6,676,2025-03-15,11:30:00,,5,,2025-05-22 16:58:50
2828,9,510,2025-03-14,15:15:00,,4,,2025-05-22 16:58:50
2829,11,912,2024-12-18,16:30:00,,5,,2025-05-22 16:58:50
2830,2,758,2024-06-24,09:15:00,,4,,2025-05-22 16:58:50
2831,10,364,2025-04-15,10:30:00,,,,2025-05-22 16:58:50
2832,5,495,2024-02-24,11:15:00,,,,2025-05-22 16:58:50
2833,5,846,2024-12-01,15:30:00,,3,,2025-05-22 16:58:50
2834,8,466,2025-01-20,13:30:00,,3,,2025-05-22 16:58:50
2835,9,405,2023-10-07,09:45:00,,5,,2025-05-22 16:58:50
2836,8,572,2025-04-07,09:00:00,,,,2025-05-22 16:58:50
2837,4,324,2024-07-18,12:45:00,,5,展览内容非常丰富，很有教育意义。,2025-05-22 16:58:50
2838,7,263,2024-08-25,10:00:00,,3,,2025-05-22 16:58:50
2839,2,652,2025-01-21,11:00:00,,4,,2025-05-22 16:58:50
2840,4,518,2023-08-02,11:45:00,,,整体还不错，但有提升空间。,2025-05-22 16:58:50
2841,8,940,2024-03-06,13:45:00,,3,,2025-05-22 16:58:50
2842,4,833,2023-06-25,13:30:00,,,,2025-05-22 16:58:50
2843,3,771,2023-05-29,12:00:00,,3,,2025-05-22 16:58:50
2844,7,695,2024-07-17,10:15:00,,,,2025-05-22 16:58:50
2845,5,662,2024-06-27,13:15:00,,,,2025-05-22 16:58:50
2846,5,570,2024-11-06,15:30:00,,4,,2025-05-22 16:58:50
2847,2,778,2023-05-29,13:15:00,,,,2025-05-22 16:58:50
2848,1,324,2025-04-19,14:00:00,,3,,2025-05-22 16:58:50
2849,4,132,2025-03-08,12:45:00,,,,2025-05-22 16:58:50
2850,9,884,2023-09-28,13:15:00,,3,希望能增加互动性的展品。,2025-05-22 16:58:50
2851,2,167,2025-03-21,10:30:00,,3,,2025-05-22 16:58:50
2852,6,507,2023-09-07,16:45:00,,,,2025-05-22 16:58:50
2853,11,514,2024-07-09,13:15:00,,,,2025-05-22 16:58:50
2854,7,314,2024-06-02,11:45:00,,5,,2025-05-22 16:58:50
2855,2,195,2024-12-08,15:15:00,,,,2025-05-22 16:58:50
2856,4,345,2023-06-20,13:00:00,,5,,2025-05-22 16:58:50
2857,4,702,2025-02-11,11:45:00,,5,,2025-05-22 16:58:50
2858,1,714,2024-02-15,09:00:00,,5,,2025-05-22 16:58:50
2859,1,452,2024-09-01,13:45:00,,,,2025-05-22 16:58:50
2860,4,366,2024-07-07,11:15:00,,4,很适合带孩子来参观学习。,2025-05-22 16:58:50
2861,2,711,2024-11-25,12:45:00,,3,,2025-05-22 16:58:50
2862,7,342,2025-01-25,14:00:00,,,建议增加外语讲解服务。,2025-05-22 16:58:50
2863,1,471,2025-01-24,13:15:00,,,,2025-05-22 16:58:50
2864,3,503,2023-07-25,12:15:00,,5,,2025-05-22 16:58:50
2865,4,131,2023-10-06,09:00:00,,,,2025-05-22 16:58:50
2866,11,685,2024-07-29,15:45:00,,3,,2025-05-22 16:58:50
2867,2,646,2025-01-16,09:15:00,,3,整体还不错，但有提升空间。,2025-05-22 16:58:50
2868,7,683,2024-07-02,14:00:00,,4,,2025-05-22 16:58:50
2869,1,616,2024-08-03,10:00:00,,4,,2025-05-22 16:58:50
2870,2,204,2024-10-31,10:45:00,,,,2025-05-22 16:58:50
2871,5,309,2024-10-09,10:45:00,,5,,2025-05-22 16:58:50
2872,5,265,2025-03-28,12:15:00,,5,,2025-05-22 16:58:50
2873,9,764,2025-04-23,11:15:00,,,,2025-05-22 16:58:50
2874,3,494,2025-03-08,11:15:00,,5,,2025-05-22 16:58:50
2875,10,895,2023-12-06,11:45:00,,5,,2025-05-22 16:58:50
2876,1,206,2024-09-14,09:00:00,,4,,2025-05-22 16:58:50
2877,7,9,2023-12-31,13:15:00,,3,,2025-05-22 16:58:50
2878,11,989,2024-09-11,14:00:00,,4,展览内容非常丰富，很有教育意义。,2025-05-22 16:58:50
2879,2,206,2024-08-14,09:45:00,,,,2025-05-22 16:58:50
2880,6,260,2025-02-18,15:00:00,,5,讲解员专业知识丰富，讲解生动。,2025-05-22 16:58:50
2881,1,78,2024-06-25,13:00:00,,,,2025-05-22 16:58:50
2882,9,236,2025-04-23,16:45:00,,4,,2025-05-22 16:58:50
2883,9,545,2024-08-02,16:00:00,23,,,2025-05-22 16:58:50
2884,2,598,2023-10-16,10:45:00,,,,2025-05-22 16:58:50
2885,9,420,2024-09-10,16:30:00,,4,,2025-05-22 16:58:50
2886,8,393,2024-12-31,16:45:00,,3,,2025-05-22 16:58:50
2887,8,495,2025-02-05,15:30:00,,5,,2025-05-22 16:58:50
2888,9,22,2024-11-15,14:30:00,,4,,2025-05-22 16:58:50
2889,3,903,2024-01-13,13:15:00,,,希望能增加互动性的展品。,2025-05-22 16:58:50
2890,2,515,2025-03-05,15:45:00,,4,,2025-05-22 16:58:50
2891,1,370,2024-02-23,12:00:00,,4,,2025-05-22 16:58:50
2892,1,619,2024-06-13,16:15:00,,4,,2025-05-22 16:58:50
2893,7,320,2023-11-27,11:45:00,,5,,2025-05-22 16:58:50
2894,3,493,2023-07-12,10:15:00,,3,,2025-05-22 16:58:50
2895,11,46,2023-12-26,14:15:00,,,,2025-05-22 16:58:50
2896,2,447,2023-07-24,12:45:00,,5,,2025-05-22 16:58:50
2897,4,153,2024-05-17,09:30:00,,4,,2025-05-22 16:58:50
2898,3,111,2024-08-13,16:00:00,,,,2025-05-22 16:58:50
2899,8,939,2024-01-12,11:15:00,,5,,2025-05-22 16:58:50
2900,5,237,2024-08-11,13:30:00,,4,,2025-05-22 16:58:50
2901,8,765,2024-08-17,12:45:00,,,,2025-05-22 16:58:50
2902,8,609,2025-02-16,12:30:00,,,,2025-05-22 16:58:50
2903,9,261,2024-12-11,13:15:00,,,停车不太方便。,2025-05-22 16:58:50
2904,5,424,2025-04-02,10:15:00,,4,,2025-05-22 16:58:50
2905,6,854,2025-03-08,13:00:00,,4,,2025-05-22 16:58:50
2906,7,244,2023-06-27,11:00:00,,,,2025-05-22 16:58:50
2907,4,456,2025-02-11,11:30:00,,3,部分展区很精彩，部分展区一般。,2025-05-22 16:58:50
2908,4,779,2025-01-27,13:15:00,,4,,2025-05-22 16:58:50
2909,7,729,2023-12-04,11:00:00,,,,2025-05-22 16:58:50
2910,5,258,2023-07-08,15:30:00,,,部分展区很精彩，部分展区一般。,2025-05-22 16:58:50
2911,11,41,2025-05-14,15:00:00,,,希望能增加互动性的展品。,2025-05-22 16:58:50
2912,3,628,2025-03-20,14:00:00,,3,,2025-05-22 16:58:50
2913,10,180,2024-12-20,11:00:00,,3,,2025-05-22 16:58:50
2914,1,825,2023-07-12,10:15:00,,,,2025-05-22 16:58:50
2915,4,403,2023-09-13,15:30:00,,4,,2025-05-22 16:58:50
2916,5,729,2024-04-19,12:30:00,,4,,2025-05-22 16:58:50
2917,3,984,2024-09-19,15:00:00,,3,,2025-05-22 16:58:50
2918,3,819,2025-03-24,13:00:00,,3,,2025-05-22 16:58:50
2919,7,20,2024-09-07,10:45:00,,,,2025-05-22 16:58:50
2920,7,984,2023-09-08,11:00:00,,4,,2025-05-22 16:58:50
2921,7,316,2024-08-11,14:45:00,,,,2025-05-22 16:58:50
2922,6,333,2023-07-11,14:15:00,,,,2025-05-22 16:58:50
2923,9,686,2025-03-20,13:30:00,,3,,2025-05-22 16:58:50
2924,5,189,2024-06-09,15:00:00,,,,2025-05-22 16:58:50
2925,6,897,2023-08-07,12:30:00,,,整体还不错，但有提升空间。,2025-05-22 16:58:50
2926,9,158,2024-10-11,12:45:00,,,停车不太方便。,2025-05-22 16:58:50
2927,5,237,2023-11-13,16:30:00,,5,,2025-05-22 16:58:50
2928,4,10,2024-11-16,10:45:00,,4,,2025-05-22 16:58:50
2929,5,821,2023-07-27,12:15:00,,3,,2025-05-22 16:58:50
2930,3,890,2024-07-01,13:30:00,,5,,2025-05-22 16:58:50
2931,11,776,2024-02-06,10:30:00,,,,2025-05-22 16:58:50
2932,1,957,2024-05-22,11:45:00,,3,,2025-05-22 16:58:50
2933,1,852,2024-10-16,13:30:00,,,,2025-05-22 16:58:50
2934,3,944,2024-05-10,12:15:00,,5,展览内容非常丰富，很有教育意义。,2025-05-22 16:58:50
2935,3,662,2023-11-20,11:30:00,,,整体还不错，但有提升空间。,2025-05-22 16:58:50
2936,8,904,2024-09-24,12:00:00,37,,,2025-05-22 16:58:50
2937,2,647,2024-08-04,15:15:00,,4,,2025-05-22 16:58:50
2938,2,3,2024-06-30,15:00:00,,,建议增加外语讲解服务。,2025-05-22 16:58:50
2939,3,839,2025-05-03,10:30:00,,3,,2025-05-22 16:58:50
2940,4,633,2024-04-13,10:45:00,,,,2025-05-22 16:58:50
2941,2,861,2025-01-30,14:15:00,,3,整体还不错，但有提升空间。,2025-05-22 16:58:50
2942,1,419,2024-12-01,14:45:00,,,,2025-05-22 16:58:50
2943,10,484,2024-02-18,12:00:00,,,,2025-05-22 16:58:50
2944,9,582,2024-09-27,13:15:00,,5,,2025-05-22 16:58:50
2945,2,511,2024-12-29,16:30:00,43,3,,2025-05-22 16:58:50
2946,8,171,2024-01-22,12:30:00,,,,2025-05-22 16:58:50
2947,1,526,2025-02-11,15:45:00,,5,,2025-05-22 16:58:50
2948,9,431,2024-06-01,12:45:00,,,,2025-05-22 16:58:50
2949,4,628,2024-09-01,11:15:00,,3,建议增加外语讲解服务。,2025-05-22 16:58:50
2950,4,961,2025-04-20,10:30:00,,5,,2025-05-22 16:58:50
2951,1,62,2024-07-21,10:30:00,,3,,2025-05-22 16:58:50
2952,5,833,2025-03-20,10:30:00,,,,2025-05-22 16:58:50
2953,1,689,2024-02-06,16:00:00,,,整体还不错，但有提升空间。,2025-05-22 16:58:50
2954,2,600,2024-06-07,10:15:00,,5,活动组织得很好，环境舒适。,2025-05-22 16:58:50
2955,8,367,2023-11-27,09:00:00,,,,2025-05-22 16:58:50
2956,8,531,2024-12-02,15:45:00,,,停车不太方便。,2025-05-22 16:58:50
2957,3,1001,2025-01-06,14:15:00,,,建议增加外语讲解服务。,2025-05-22 16:58:50
2958,5,548,2024-10-19,14:45:00,,4,,2025-05-22 16:58:50
2959,10,516,2024-08-19,16:15:00,,4,,2025-05-22 16:58:50
2960,7,127,2023-12-13,12:15:00,,,,2025-05-22 16:58:50
2961,8,749,2025-04-24,16:00:00,,3,,2025-05-22 16:58:50
2962,5,441,2025-03-09,14:45:00,,,整体还不错，但有提升空间。,2025-05-22 16:58:50
2963,3,327,2025-02-08,16:45:00,,5,,2025-05-22 16:58:50
2964,11,781,2023-09-27,13:45:00,,4,,2025-05-22 16:58:50
2965,3,309,2024-03-23,10:00:00,,4,很适合带孩子来参观学习。,2025-05-22 16:58:50
2966,9,152,2024-04-30,15:30:00,,,,2025-05-22 16:58:50
2967,10,928,2023-09-03,15:30:00,,,整体还不错，但有提升空间。,2025-05-22 16:58:50
2968,6,740,2024-03-28,11:45:00,,,,2025-05-22 16:58:50
2969,1,601,2025-05-04,10:45:00,,,停车不太方便。,2025-05-22 16:58:50
2970,6,323,2024-07-24,14:00:00,29,5,,2025-05-22 16:58:50
2971,10,977,2024-07-27,11:30:00,,3,,2025-05-22 16:58:50
2972,2,940,2025-04-06,09:00:00,,,,2025-05-22 16:58:50
2973,6,14,2023-08-06,10:15:00,,,,2025-05-22 16:58:50
2974,4,129,2024-10-18,15:15:00,,,,2025-05-22 16:58:50
2975,6,455,2024-10-11,12:15:00,,,,2025-05-22 16:58:50
2976,5,952,2023-07-11,16:00:00,,4,,2025-05-22 16:58:50
2977,11,646,2023-12-14,16:30:00,,,整体还不错，但有提升空间。,2025-05-22 16:58:50
2978,10,82,2023-08-15,13:30:00,,,,2025-05-22 16:58:50
2979,7,737,2023-09-20,16:30:00,,,建议增加外语讲解服务。,2025-05-22 16:58:50
2980,3,562,2024-07-22,11:15:00,,3,部分展区很精彩，部分展区一般。,2025-05-22 16:58:50
2981,11,868,2025-04-22,09:30:00,,,,2025-05-22 16:58:50
2982,5,400,2024-02-15,12:15:00,,4,,2025-05-22 16:58:50
2983,8,52,2023-12-26,14:30:00,,5,,2025-05-22 16:58:50
2984,1,829,2025-01-26,16:30:00,,4,,2025-05-22 16:58:50
2985,3,713,2024-08-23,11:30:00,,5,,2025-05-22 16:58:50
2986,7,374,2024-12-07,12:15:00,,3,,2025-05-22 16:58:50
2987,1,714,2024-07-15,12:45:00,,,,2025-05-22 16:58:50
2988,10,384,2024-11-04,13:00:00,,,,2025-05-22 16:58:50
2989,5,209,2025-03-11,12:00:00,,,,2025-05-22 16:58:50
2990,1,682,2025-02-23,13:30:00,,,,2025-05-22 16:58:50
2991,8,475,2024-10-14,13:45:00,,4,,2025-05-22 16:58:50
2992,1,694,2024-07-25,12:00:00,,,,2025-05-22 16:58:50
2993,5,969,2024-07-10,16:00:00,,4,,2025-05-22 16:58:50
2994,11,958,2025-02-23,11:30:00,,,,2025-05-22 16:58:50
2995,3,218,2024-08-16,10:30:00,,,,2025-05-22 16:58:50
2996,9,59,2023-07-30,12:45:00,,5,,2025-05-22 16:58:50
2997,2,698,2024-12-16,15:45:00,,,,2025-05-22 16:58:50
2998,8,703,2025-04-24,14:15:00,,,,2025-05-22 16:58:50
2999,9,530,2024-01-02,09:00:00,,,,2025-05-22 16:58:50
3000,6,936,2024-11-20,11:45:00,,4,,2025-05-22 16:58:50
3001,5,396,2025-04-28,16:45:00,,5,,2025-05-22 16:58:50
3002,10,179,2024-07-20,15:00:00,,5,,2025-05-22 16:58:50
3003,7,379,2023-06-13,10:30:00,,,,2025-05-22 16:58:50
3004,8,819,2023-07-12,16:45:00,,3,希望能增加互动性的展品。,2025-05-22 16:58:50
3005,5,280,2023-06-08,14:30:00,,4,,2025-05-22 16:58:50
3006,1,199,2023-06-24,14:15:00,,4,,2025-05-22 16:58:50
3007,2,329,2025-03-08,15:15:00,,,,2025-05-22 16:58:50
3008,9,82,2024-07-11,09:45:00,,3,,2025-05-22 16:58:50
3009,7,756,2024-12-02,09:15:00,,5,,2025-05-22 16:58:50
3010,3,205,2023-11-08,16:15:00,,,,2025-05-22 16:58:50
3011,1,617,2024-09-05,10:15:00,,3,整体还不错，但有提升空间。,2025-05-22 16:58:50
3012,5,480,2024-07-05,16:45:00,,,,2025-05-22 16:58:50
3013,8,300,2024-08-05,13:00:00,,4,,2025-05-22 16:58:50
3014,6,999,2023-05-25,16:00:00,,,,2025-05-22 16:58:50
3015,8,662,2023-12-03,16:45:00,,3,,2025-05-22 16:58:50
3016,11,898,2025-03-16,09:00:00,,4,,2025-05-22 16:58:50
3017,11,397,2024-04-08,13:15:00,,,,2025-05-22 16:58:50
3018,6,466,2023-06-07,12:30:00,,3,,2025-05-22 16:58:50
3019,1,133,2024-09-26,14:45:00,,3,,2025-05-22 16:58:50
3020,2,712,2023-11-11,14:45:00,,4,,2025-05-22 16:58:50
3021,4,152,2023-07-24,09:45:00,,4,讲解员专业知识丰富，讲解生动。,2025-05-22 16:58:50
3022,1,135,2023-09-08,14:15:00,,4,,2025-05-22 16:58:50
3023,10,706,2023-09-10,16:15:00,,,,2025-05-22 16:58:50
3024,11,228,2025-02-17,11:15:00,,5,,2025-05-22 16:58:50
3025,4,986,2023-05-26,10:30:00,,,,2025-05-22 16:58:50
3026,7,332,2025-04-25,11:45:00,,,部分展区很精彩，部分展区一般。,2025-05-22 16:58:50
3027,5,240,2024-01-29,15:30:00,,,,2025-05-22 16:58:50
3028,5,455,2025-04-17,09:45:00,,4,,2025-05-22 16:58:50
3029,9,980,2024-03-16,14:00:00,,4,,2025-05-22 16:58:50
3030,8,883,2024-02-04,10:00:00,,4,,2025-05-22 16:58:50
3031,4,598,2024-07-22,15:15:00,,,,2025-05-22 16:58:50
3032,4,793,2024-04-23,15:45:00,,4,,2025-05-22 16:58:50
3033,2,722,2025-05-22,16:00:00,,4,,2025-05-22 16:58:50
3034,7,259,2025-01-24,09:45:00,,4,,2025-05-22 16:58:50
3035,5,411,2024-06-13,15:15:00,,,,2025-05-22 16:58:50
3036,1,154,2024-01-20,11:00:00,,5,讲解员专业知识丰富，讲解生动。,2025-05-22 16:58:50
3037,4,590,2025-02-13,16:30:00,,,,2025-05-22 16:58:50
3038,5,791,2023-12-13,09:15:00,,5,,2025-05-22 16:58:50
3039,1,193,2024-09-15,14:30:00,,4,,2025-05-22 16:58:50
3040,3,747,2023-12-27,10:45:00,,,,2025-05-22 16:58:50
3041,2,739,2024-11-04,09:30:00,,4,,2025-05-22 16:58:50
3042,8,266,2024-12-05,14:30:00,,4,,2025-05-22 16:58:50
3043,7,608,2024-07-28,09:45:00,,,停车不太方便。,2025-05-22 16:58:50
3044,9,95,2024-05-04,16:00:00,,,,2025-05-22 16:58:50
3045,4,209,2024-03-18,10:45:00,,3,,2025-05-22 16:58:50
3046,6,688,2025-02-08,15:15:00,,3,,2025-05-22 16:58:50
3047,5,32,2024-03-19,14:00:00,,4,,2025-05-22 16:58:50
3048,5,366,2024-02-02,12:00:00,,,,2025-05-22 16:58:50
3049,5,406,2024-10-03,09:45:00,,,,2025-05-22 16:58:50
3050,1,351,2024-12-27,10:00:00,,4,,2025-05-22 16:58:50
3051,10,370,2023-09-06,11:00:00,,,,2025-05-22 16:58:50
3052,4,490,2025-04-02,16:30:00,,,部分展区很精彩，部分展区一般。,2025-05-22 16:58:50
3053,8,209,2023-11-03,10:00:00,,,整体还不错，但有提升空间。,2025-05-22 16:58:50
3054,7,647,2024-01-14,12:15:00,,5,,2025-05-22 16:58:50
3055,8,421,2025-02-10,14:15:00,,5,,2025-05-22 16:58:50
3056,5,586,2023-07-08,16:00:00,,3,希望能增加互动性的展品。,2025-05-22 16:58:50
3057,2,778,2023-11-18,14:00:00,,,希望能增加互动性的展品。,2025-05-22 16:58:50
3058,10,217,2025-04-11,16:45:00,,3,,2025-05-22 16:58:50
3059,8,938,2024-04-30,14:30:00,,,部分展区很精彩，部分展区一般。,2025-05-22 16:58:50
3060,8,349,2024-11-21,12:45:00,,,,2025-05-22 16:58:50
3061,1,214,2024-10-02,11:45:00,,,,2025-05-22 16:58:50
3062,9,769,2024-05-20,15:45:00,,5,,2025-05-22 16:58:50
3063,6,957,2024-02-29,15:30:00,,,,2025-05-22 16:58:50
3064,6,46,2025-01-05,10:15:00,,4,交通便利，设施完善。,2025-05-22 16:58:50
3065,3,234,2024-03-21,10:00:00,,4,,2025-05-22 16:58:50
3066,11,538,2024-10-17,15:00:00,,,,2025-05-22 16:58:50
3067,2,499,2025-01-02,12:00:00,,,,2025-05-22 16:58:50
3068,7,562,2024-12-02,12:00:00,,3,,2025-05-22 16:58:50
3069,8,287,2024-10-17,13:45:00,39,,,2025-05-22 16:58:50
3070,6,700,2024-09-10,12:15:00,,,,2025-05-22 16:58:50
3071,9,795,2024-09-18,12:30:00,,5,很适合带孩子来参观学习。,2025-05-22 16:58:50
3072,9,161,2024-11-23,15:45:00,,5,,2025-05-22 16:58:50
3073,11,369,2024-04-12,09:15:00,,5,交通便利，设施完善。,2025-05-22 16:58:50
3074,1,899,2024-01-02,16:45:00,,5,,2025-05-22 16:58:50
3075,9,568,2025-03-29,10:00:00,,,,2025-05-22 16:58:50
3076,3,888,2024-09-29,11:00:00,,3,整体还不错，但有提升空间。,2025-05-22 16:58:50
3077,1,153,2023-08-11,11:30:00,,3,停车不太方便。,2025-05-22 16:58:50
3078,1,893,2024-05-01,13:45:00,,,部分展区很精彩，部分展区一般。,2025-05-22 16:58:50
3079,7,966,2023-09-17,16:00:00,,3,,2025-05-22 16:58:50
3080,8,512,2025-04-07,14:15:00,,,希望能增加互动性的展品。,2025-05-22 16:58:50
3081,6,575,2025-02-26,15:15:00,,,,2025-05-22 16:58:50
3082,9,70,2024-09-17,12:30:00,23,5,,2025-05-22 16:58:50
3083,8,106,2025-04-24,11:15:00,,,,2025-05-22 16:58:50
3084,7,687,2023-10-26,13:30:00,,,,2025-05-22 16:58:50
3085,8,216,2025-05-03,16:00:00,,,,2025-05-22 16:58:50
3086,10,653,2023-12-01,14:30:00,,,,2025-05-22 16:58:50
3087,5,984,2024-05-20,15:45:00,,4,展览内容非常丰富，很有教育意义。,2025-05-22 16:58:50
3088,3,759,2023-08-23,13:45:00,,3,,2025-05-22 16:58:50
3089,2,14,2023-06-21,11:00:00,,5,,2025-05-22 16:58:50
3090,4,625,2024-03-02,10:00:00,,5,,2025-05-22 16:58:50
3091,4,649,2025-01-18,13:30:00,,3,,2025-05-22 16:58:50
3092,6,601,2025-03-04,11:45:00,,5,,2025-05-22 16:58:50
3093,3,235,2024-07-25,14:30:00,,5,,2025-05-22 16:58:50
3094,6,533,2025-02-21,15:15:00,,3,,2025-05-22 16:58:50
3095,5,607,2024-06-10,09:45:00,,4,,2025-05-22 16:58:50
3096,7,913,2025-01-19,10:00:00,,,,2025-05-22 16:58:50
3097,5,763,2023-10-22,15:15:00,,,,2025-05-22 16:58:50
3098,5,904,2025-03-14,09:45:00,,,,2025-05-22 16:58:50
3099,2,599,2025-02-28,09:45:00,,3,整体还不错，但有提升空间。,2025-05-22 16:58:50
3100,11,654,2024-05-28,12:15:00,,5,讲解员专业知识丰富，讲解生动。,2025-05-22 16:58:50
3101,4,403,2024-06-07,13:00:00,,3,,2025-05-22 16:58:50
3102,8,634,2023-08-09,13:15:00,,3,,2025-05-22 16:58:50
3103,4,970,2025-03-10,12:45:00,,5,,2025-05-22 16:58:50
3104,9,246,2024-02-27,11:00:00,,,,2025-05-22 16:58:50
3105,7,254,2023-07-19,09:30:00,,5,,2025-05-22 16:58:50
3106,6,813,2024-12-14,10:15:00,,5,,2025-05-22 16:58:50
3107,8,467,2024-08-13,15:00:00,,,,2025-05-22 16:58:50
3108,5,604,2024-01-19,15:30:00,,,部分展区很精彩，部分展区一般。,2025-05-22 16:58:50
3109,7,501,2024-08-27,10:45:00,,5,,2025-05-22 16:58:50
3110,3,11,2024-09-14,15:45:00,,3,停车不太方便。,2025-05-22 16:58:50
3111,10,769,2024-11-22,16:45:00,,4,,2025-05-22 16:58:50
3112,11,587,2024-01-09,11:30:00,,5,,2025-05-22 16:58:50
3113,4,207,2025-03-14,09:15:00,,5,展览内容非常丰富，很有教育意义。,2025-05-22 16:58:50
3114,4,542,2024-08-31,16:30:00,,,,2025-05-22 16:58:50
3115,9,180,2025-05-21,14:00:00,,5,,2025-05-22 16:58:50
3116,3,343,2024-08-02,13:15:00,,,,2025-05-22 16:58:50
3117,4,117,2024-12-18,11:30:00,,,,2025-05-22 16:58:50
3118,6,526,2025-01-10,10:15:00,,,,2025-05-22 16:58:50
3119,4,403,2024-08-01,12:00:00,,4,,2025-05-22 16:58:50
3120,8,820,2025-04-26,15:00:00,,4,,2025-05-22 16:58:50
3121,4,462,2024-12-01,16:30:00,49,,部分展区很精彩，部分展区一般。,2025-05-22 16:58:50
3122,7,761,2025-02-16,11:00:00,,4,活动组织得很好，环境舒适。,2025-05-22 16:58:50
3123,2,444,2024-04-03,09:30:00,,4,,2025-05-22 16:58:50
3124,4,13,2023-12-18,11:15:00,,4,,2025-05-22 16:58:50
3125,4,917,2024-06-11,16:00:00,,5,,2025-05-22 16:58:50
3126,10,517,2024-07-31,13:30:00,,,,2025-05-22 16:58:50
3127,9,364,2024-10-11,13:45:00,,,,2025-05-22 16:58:50
3128,11,361,2023-10-15,15:30:00,,,,2025-05-22 16:58:50
3129,3,821,2025-03-16,09:15:00,,3,,2025-05-22 16:58:50
3130,9,127,2025-02-22,14:00:00,,5,,2025-05-22 16:58:50
3131,10,590,2023-09-05,12:15:00,,4,,2025-05-22 16:58:50
3132,1,43,2023-05-25,10:30:00,,,,2025-05-22 16:58:50
3133,3,866,2024-10-26,09:30:00,,5,,2025-05-22 16:58:50
3134,8,362,2024-07-25,16:15:00,,,整体还不错，但有提升空间。,2025-05-22 16:58:50
3135,3,275,2024-02-10,11:45:00,,4,,2025-05-22 16:58:50
3136,8,20,2024-10-19,10:45:00,,,,2025-05-22 16:58:50
3137,9,52,2023-11-05,16:45:00,,,建议增加外语讲解服务。,2025-05-22 16:58:50
3138,8,850,2024-11-29,14:15:00,,4,,2025-05-22 16:58:50
3139,3,434,2025-04-06,10:15:00,,4,,2025-05-22 16:58:50
3140,3,531,2024-12-29,10:00:00,,,,2025-05-22 16:58:50
3141,1,927,2025-05-15,16:00:00,,,,2025-05-22 16:58:50
3142,3,885,2023-07-09,12:30:00,,3,,2025-05-22 16:58:50
3143,7,372,2024-11-18,14:30:00,,3,,2025-05-22 16:58:50
3144,1,885,2025-03-10,15:00:00,,5,,2025-05-22 16:58:50
3145,2,811,2024-09-09,12:00:00,,4,讲解员专业知识丰富，讲解生动。,2025-05-22 16:58:50
3146,8,357,2024-06-21,10:00:00,,5,,2025-05-22 16:58:50
3147,5,428,2023-06-13,12:30:00,,,,2025-05-22 16:58:50
3148,2,374,2024-06-27,15:15:00,,,,2025-05-22 16:58:50
3149,4,372,2024-07-18,12:45:00,,5,,2025-05-22 16:58:50
3150,6,589,2024-11-04,14:00:00,,5,很适合带孩子来参观学习。,2025-05-22 16:58:50
3151,5,686,2025-05-09,12:30:00,,3,,2025-05-22 16:58:50
3152,8,22,2025-05-03,11:15:00,,4,,2025-05-22 16:58:50
3153,8,996,2025-02-11,11:00:00,,3,,2025-05-22 16:58:50
3154,8,497,2025-02-21,12:30:00,,,,2025-05-22 16:58:50
3155,6,399,2023-12-16,14:30:00,,,停车不太方便。,2025-05-22 16:58:50
3156,4,566,2024-03-09,15:00:00,,3,,2025-05-22 16:58:50
3157,11,174,2024-09-11,13:30:00,,,,2025-05-22 16:58:50
3158,3,503,2025-02-26,13:45:00,,5,,2025-05-22 16:58:50
3159,2,514,2024-10-23,16:45:00,,5,交通便利，设施完善。,2025-05-22 16:58:50
3160,5,93,2025-03-19,16:30:00,,3,整体还不错，但有提升空间。,2025-05-22 16:58:50
3161,6,571,2023-09-27,10:00:00,,,停车不太方便。,2025-05-22 16:58:50
3162,2,854,2024-10-23,16:15:00,,5,,2025-05-22 16:58:50
3163,7,391,2024-07-24,12:15:00,,5,,2025-05-22 16:58:50
3164,9,425,2025-05-16,11:45:00,,3,,2025-05-22 16:58:50
3165,9,948,2024-01-15,09:00:00,,5,,2025-05-22 16:58:50
3166,9,525,2024-07-28,15:15:00,,4,,2025-05-22 16:58:50
3167,3,676,2025-01-11,13:30:00,,3,,2025-05-22 16:58:50
3168,8,488,2025-04-10,10:15:00,,,,2025-05-22 16:58:50
3169,1,138,2025-03-07,12:15:00,,3,希望能增加互动性的展品。,2025-05-22 16:58:50
3170,5,261,2025-05-01,12:45:00,,5,,2025-05-22 16:58:50
3171,6,445,2024-04-23,10:00:00,,3,,2025-05-22 16:58:50
3172,8,557,2024-07-21,13:30:00,,,,2025-05-22 16:58:50
3173,8,943,2025-04-23,13:45:00,,4,,2025-05-22 16:58:50
3174,1,592,2024-10-17,11:00:00,,5,,2025-05-22 16:58:50
3175,11,634,2024-07-24,16:15:00,,3,部分展区很精彩，部分展区一般。,2025-05-22 16:58:50
3176,8,436,2024-07-29,12:30:00,,,,2025-05-22 16:58:50
3177,4,715,2023-12-23,11:30:00,,,,2025-05-22 16:58:50
3178,5,436,2023-08-30,13:15:00,,,,2025-05-22 16:58:50
3179,2,105,2025-05-18,12:15:00,,,,2025-05-22 16:58:50
3180,2,688,2024-09-07,16:00:00,,3,停车不太方便。,2025-05-22 16:58:50
3181,7,992,2024-08-13,10:45:00,,5,交通便利，设施完善。,2025-05-22 16:58:50
3182,1,999,2023-08-01,12:00:00,,3,,2025-05-22 16:58:50
3183,7,796,2025-03-31,10:00:00,,,,2025-05-22 16:58:50
3184,4,218,2025-03-10,14:45:00,,,,2025-05-22 16:58:50
3185,6,190,2023-10-08,09:15:00,,,,2025-05-22 16:58:50
3186,7,482,2023-12-28,16:45:00,,,,2025-05-22 16:58:50
3187,9,805,2025-04-21,09:45:00,,5,,2025-05-22 16:58:50
3188,5,212,2024-12-30,09:45:00,,3,,2025-05-22 16:58:50
3189,4,398,2024-02-23,16:30:00,,,,2025-05-22 16:58:50
3190,5,76,2024-07-05,09:00:00,,,希望能增加互动性的展品。,2025-05-22 16:58:50
3191,7,225,2025-01-12,12:45:00,,,,2025-05-22 16:58:50
3192,5,546,2024-05-17,10:45:00,,5,,2025-05-22 16:58:50
3193,5,250,2024-12-16,15:15:00,,,,2025-05-22 16:58:50
3194,2,189,2024-08-30,15:30:00,,4,,2025-05-22 16:58:50
3195,4,375,2024-05-15,14:30:00,,3,,2025-05-22 16:58:50
3196,7,514,2023-12-13,10:15:00,,3,,2025-05-22 16:58:50
3197,10,367,2024-05-12,11:00:00,,,,2025-05-22 16:58:50
3198,3,94,2024-08-04,09:30:00,,4,,2025-05-22 16:58:50
3199,4,162,2024-05-05,10:45:00,,,,2025-05-22 16:58:50
3200,10,201,2024-06-01,12:00:00,,,,2025-05-22 16:58:50
3201,9,369,2023-07-04,11:00:00,,4,,2025-05-22 16:58:50
3202,8,619,2023-09-20,14:45:00,,,,2025-05-22 16:58:50
3203,10,682,2025-05-08,13:00:00,,5,,2025-05-22 16:58:50
3204,1,642,2023-06-11,09:00:00,,,,2025-05-22 16:58:50
3205,5,404,2024-09-06,09:45:00,,,,2025-05-22 16:58:50
3206,3,727,2024-10-02,09:00:00,,3,,2025-05-22 16:58:50
3207,9,255,2025-03-13,10:15:00,,3,,2025-05-22 16:58:50
3208,9,905,2024-11-15,11:30:00,,,,2025-05-22 16:58:50
3209,11,543,2023-07-28,15:15:00,,4,讲解员专业知识丰富，讲解生动。,2025-05-22 16:58:50
3210,7,585,2025-04-26,13:45:00,3,,整体还不错，但有提升空间。,2025-05-22 16:58:50
3211,8,408,2025-05-22,15:00:00,,5,,2025-05-22 16:58:50
3212,10,49,2023-11-22,16:15:00,,4,,2025-05-22 16:58:50
3213,6,130,2024-04-04,12:30:00,,5,,2025-05-22 16:58:50
3214,6,287,2025-04-07,16:00:00,,5,,2025-05-22 16:58:50
3215,9,868,2025-03-27,09:15:00,,3,停车不太方便。,2025-05-22 16:58:50
3216,5,56,2024-10-04,12:15:00,,,,2025-05-22 16:58:50
3217,11,100,2025-04-15,16:00:00,11,,,2025-05-22 16:58:50
3218,11,461,2024-06-04,11:00:00,,4,,2025-05-22 16:58:50
3219,9,882,2023-05-29,09:00:00,,4,,2025-05-22 16:58:50
3220,8,325,2024-06-21,11:15:00,,3,,2025-05-22 16:58:50
3221,5,567,2025-03-01,12:00:00,,,,2025-05-22 16:58:50
3222,3,361,2024-06-03,11:15:00,,3,,2025-05-22 16:58:50
3223,4,126,2025-03-01,12:45:00,,,整体还不错，但有提升空间。,2025-05-22 16:58:50
3224,3,882,2025-03-30,14:00:00,,,整体还不错，但有提升空间。,2025-05-22 16:58:50
3225,8,283,2025-03-21,14:00:00,,,,2025-05-22 16:58:50
3226,11,823,2023-06-24,15:30:00,,,,2025-05-22 16:58:50
3227,2,240,2025-01-10,16:30:00,,5,展览内容非常丰富，很有教育意义。,2025-05-22 16:58:50
3228,3,837,2025-05-01,13:45:00,,,,2025-05-22 16:58:50
3229,7,888,2023-07-21,09:15:00,,5,,2025-05-22 16:58:50
3230,1,381,2025-01-03,14:30:00,,5,,2025-05-22 16:58:50
3231,7,406,2024-07-06,13:45:00,,3,,2025-05-22 16:58:50
3232,1,924,2024-02-11,10:15:00,,,,2025-05-22 16:58:50
3233,8,416,2024-08-28,12:15:00,,3,整体还不错，但有提升空间。,2025-05-22 16:58:50
3234,8,73,2023-09-26,11:15:00,,5,讲解员专业知识丰富，讲解生动。,2025-05-22 16:58:50
3235,10,745,2024-09-25,14:30:00,,4,,2025-05-22 16:58:50
3236,2,623,2023-11-06,16:00:00,,,,2025-05-22 16:58:50
3237,8,114,2023-06-25,15:45:00,,5,,2025-05-22 16:58:50
3238,4,665,2024-08-19,11:00:00,,4,,2025-05-22 16:58:50
3239,1,193,2025-05-22,16:15:00,,4,,2025-05-22 16:58:50
3240,9,689,2024-11-11,16:45:00,,3,整体还不错，但有提升空间。,2025-05-22 16:58:50
3241,8,586,2023-11-22,10:30:00,,,,2025-05-22 16:58:50
3242,3,13,2023-06-17,15:00:00,,3,,2025-05-22 16:58:50
3243,5,272,2024-09-24,09:45:00,,,,2025-05-22 16:58:50
3244,4,451,2024-12-16,13:45:00,49,,,2025-05-22 16:58:50
3245,2,102,2024-11-30,12:30:00,,3,,2025-05-22 16:58:50
3246,3,252,2025-02-03,14:45:00,,,,2025-05-22 16:58:50
3247,9,811,2024-12-19,13:15:00,,4,交通便利，设施完善。,2025-05-22 16:58:50
3248,4,58,2024-06-28,09:00:00,,3,建议增加外语讲解服务。,2025-05-22 16:58:50
3249,4,571,2024-02-15,14:15:00,,,,2025-05-22 16:58:50
3250,1,411,2024-01-05,11:45:00,,3,,2025-05-22 16:58:50
3251,7,476,2025-03-18,16:15:00,,5,,2025-05-22 16:58:50
3252,6,618,2023-10-31,16:45:00,,4,,2025-05-22 16:58:50
3253,11,809,2024-11-02,16:45:00,,5,,2025-05-22 16:58:50
3254,3,595,2025-05-13,10:45:00,,,,2025-05-22 16:58:50
3255,4,797,2025-02-17,13:15:00,,3,,2025-05-22 16:58:50
3256,4,105,2024-12-24,12:00:00,49,4,,2025-05-22 16:58:50
3257,3,414,2023-07-22,13:30:00,,,希望能增加互动性的展品。,2025-05-22 16:58:50
3258,7,334,2024-02-23,11:45:00,,4,,2025-05-22 16:58:50
3259,3,824,2024-04-28,12:30:00,,3,,2025-05-22 16:58:50
3260,4,257,2024-08-25,09:00:00,,,,2025-05-22 16:58:50
3261,9,774,2024-08-06,16:00:00,,3,,2025-05-22 16:58:50
3262,1,158,2024-02-01,16:30:00,,,,2025-05-22 16:58:50
3263,1,352,2024-07-10,15:00:00,,4,,2025-05-22 16:58:50
3264,5,296,2025-05-10,15:45:00,,5,,2025-05-22 16:58:50
3265,10,360,2023-12-20,09:00:00,,,,2025-05-22 16:58:50
3266,9,580,2025-05-12,14:00:00,,5,活动组织得很好，环境舒适。,2025-05-22 16:58:50
3267,6,285,2024-10-13,13:45:00,,4,,2025-05-22 16:58:50
3268,10,242,2024-06-03,13:15:00,,4,,2025-05-22 16:58:50
3269,7,201,2025-01-05,13:15:00,,5,,2025-05-22 16:58:50
3270,6,507,2025-01-31,09:00:00,,,希望能增加互动性的展品。,2025-05-22 16:58:50
3271,2,806,2024-11-10,12:45:00,,4,,2025-05-22 16:58:50
3272,3,492,2024-06-25,16:15:00,,,,2025-05-22 16:58:50
3273,4,222,2024-07-09,11:45:00,,,,2025-05-22 16:58:50
3274,1,900,2024-11-29,11:30:00,,3,,2025-05-22 16:58:50
3275,5,726,2025-03-28,09:00:00,,,,2025-05-22 16:58:50
3276,7,279,2024-03-03,13:00:00,,5,,2025-05-22 16:58:50
3277,5,614,2024-08-14,12:45:00,,5,,2025-05-22 16:58:50
3278,10,720,2024-03-03,09:45:00,,5,展览内容非常丰富，很有教育意义。,2025-05-22 16:58:50
3279,1,742,2025-01-25,12:30:00,,,,2025-05-22 16:58:50
3280,11,563,2023-10-31,12:00:00,,5,,2025-05-22 16:58:50
3281,8,663,2024-05-14,11:30:00,,3,,2025-05-22 16:58:50
3282,8,99,2025-01-25,09:30:00,,5,,2025-05-22 16:58:50
3283,3,789,2025-02-23,10:30:00,,4,,2025-05-22 16:58:50
3284,2,57,2025-01-14,15:30:00,,3,,2025-05-22 16:58:50
3285,11,910,2023-11-24,09:45:00,,4,,2025-05-22 16:58:50
3286,3,131,2025-03-06,16:45:00,,,,2025-05-22 16:58:50
3287,9,586,2025-04-02,12:15:00,,,,2025-05-22 16:58:50
3288,5,975,2025-01-23,16:30:00,,,,2025-05-22 16:58:50
3289,5,916,2024-12-02,16:45:00,,,停车不太方便。,2025-05-22 16:58:50
3290,9,519,2025-03-14,12:00:00,,4,,2025-05-22 16:58:50
3291,6,426,2025-03-22,16:15:00,,4,,2025-05-22 16:58:50
3292,10,644,2025-05-10,14:45:00,,,,2025-05-22 16:58:50
3293,10,858,2024-11-23,16:45:00,,5,,2025-05-22 16:58:50
3294,6,291,2024-09-23,12:15:00,,,,2025-05-22 16:58:50
3295,2,884,2024-12-24,16:30:00,43,,建议增加外语讲解服务。,2025-05-22 16:58:50
3296,10,555,2024-03-08,16:15:00,,4,,2025-05-22 16:58:50
3297,1,696,2025-02-03,12:30:00,,5,,2025-05-22 16:58:50
3298,9,452,2023-07-11,13:30:00,,4,,2025-05-22 16:58:50
3299,8,337,2024-07-30,14:00:00,,,,2025-05-22 16:58:50
3300,6,579,2024-12-28,16:30:00,,5,,2025-05-22 16:58:50
3301,1,615,2024-12-17,11:45:00,,,,2025-05-22 16:58:50
3302,7,241,2023-11-14,13:45:00,,5,,2025-05-22 16:58:50
3303,9,890,2024-12-12,13:45:00,,5,活动组织得很好，环境舒适。,2025-05-22 16:58:50
3304,9,427,2023-07-15,14:15:00,,4,,2025-05-22 16:58:50
3305,6,219,2025-02-27,13:30:00,,5,,2025-05-22 16:58:50
3306,7,532,2024-04-23,09:15:00,,,,2025-05-22 16:58:50
3307,8,225,2024-11-27,16:45:00,,4,展览内容非常丰富，很有教育意义。,2025-05-22 16:58:50
3308,3,437,2024-02-07,11:15:00,,3,建议增加外语讲解服务。,2025-05-22 16:58:50
3309,7,682,2025-01-27,10:30:00,,3,,2025-05-22 16:58:50
3310,11,471,2024-03-14,09:30:00,,5,很适合带孩子来参观学习。,2025-05-22 16:58:50
3311,1,604,2023-07-18,09:00:00,,,,2025-05-22 16:58:50
3312,8,845,2025-05-20,16:45:00,,3,,2025-05-22 16:58:50
3313,5,377,2024-09-09,14:00:00,,3,,2025-05-22 16:58:50
3314,9,698,2025-02-15,10:15:00,,,停车不太方便。,2025-05-22 16:58:50
3315,4,805,2024-04-19,13:15:00,,3,建议增加外语讲解服务。,2025-05-22 16:58:50
3316,9,359,2025-02-26,10:45:00,,,停车不太方便。,2025-05-22 16:58:50
3317,7,380,2024-01-21,11:45:00,,3,,2025-05-22 16:58:50
3318,4,275,2023-12-23,10:30:00,,,,2025-05-22 16:58:50
3319,7,890,2025-03-20,13:45:00,,3,,2025-05-22 16:58:50
3320,5,145,2024-11-11,12:30:00,,5,,2025-05-22 16:58:50
3321,6,382,2025-02-28,16:00:00,,,停车不太方便。,2025-05-22 16:58:50
3322,6,339,2023-08-03,15:30:00,,4,展览内容非常丰富，很有教育意义。,2025-05-22 16:58:50
3323,3,324,2024-07-10,09:00:00,,3,,2025-05-22 16:58:50
3324,9,665,2024-07-29,15:30:00,,,,2025-05-22 16:58:50
3325,9,120,2024-10-20,14:15:00,,,,2025-05-22 16:58:50
3326,1,919,2025-02-01,11:30:00,,5,,2025-05-22 16:58:50
3327,4,469,2024-05-11,16:45:00,,,,2025-05-22 16:58:50
3328,11,999,2024-07-08,15:00:00,,3,建议增加外语讲解服务。,2025-05-22 16:58:50
3329,3,298,2025-02-18,13:45:00,,,,2025-05-22 16:58:50
3330,2,506,2024-04-07,14:15:00,,,,2025-05-22 16:58:50
3331,3,100,2025-05-15,09:00:00,,,希望能增加互动性的展品。,2025-05-22 16:58:50
3332,2,22,2024-03-16,09:00:00,,3,,2025-05-22 16:58:50
3333,11,495,2024-12-28,12:15:00,,4,展览内容非常丰富，很有教育意义。,2025-05-22 16:58:50
3334,5,954,2024-11-18,10:30:00,,,部分展区很精彩，部分展区一般。,2025-05-22 16:58:50
3335,9,599,2023-05-30,12:45:00,,3,,2025-05-22 16:58:50
3336,1,992,2024-07-31,12:45:00,,4,,2025-05-22 16:58:50
3337,11,68,2025-02-26,16:15:00,,4,,2025-05-22 16:58:50
3338,11,993,2025-03-28,11:30:00,,3,,2025-05-22 16:58:50
3339,9,54,2023-12-18,09:30:00,,5,,2025-05-22 16:58:50
3340,4,710,2025-04-25,13:00:00,,,,2025-05-22 16:58:50
3341,8,588,2025-02-21,12:00:00,,3,建议增加外语讲解服务。,2025-05-22 16:58:50
3342,3,749,2024-06-10,12:15:00,,,,2025-05-22 16:58:50
3343,1,157,2024-05-22,12:15:00,,,,2025-05-22 16:58:50
3344,5,285,2024-09-12,14:00:00,,,,2025-05-22 16:58:50
3345,1,223,2024-08-21,10:15:00,,4,,2025-05-22 16:58:50
3346,10,109,2024-10-16,09:15:00,,3,,2025-05-22 16:58:50
3347,6,29,2024-08-05,09:45:00,29,4,,2025-05-22 16:58:50
3348,8,166,2024-03-31,10:30:00,,,,2025-05-22 16:58:50
3349,5,953,2024-01-05,11:45:00,,5,,2025-05-22 16:58:50
3350,1,189,2025-03-11,10:00:00,,,,2025-05-22 16:58:50
3351,1,544,2025-04-25,10:15:00,,4,,2025-05-22 16:58:50
3352,9,464,2024-04-08,10:15:00,,4,活动组织得很好，环境舒适。,2025-05-22 16:58:50
3353,2,652,2024-12-21,09:00:00,,4,,2025-05-22 16:58:50
3354,4,510,2025-03-23,10:00:00,,,部分展区很精彩，部分展区一般。,2025-05-22 16:58:50
3355,6,188,2025-02-20,09:45:00,,,,2025-05-22 16:58:50
3356,4,8,2024-08-01,13:30:00,,4,交通便利，设施完善。,2025-05-22 16:58:50
3357,4,331,2025-01-25,10:00:00,,5,,2025-05-22 16:58:50
3358,1,625,2025-02-02,16:15:00,,,,2025-05-22 16:58:50
3359,6,540,2024-09-02,11:45:00,,4,,2025-05-22 16:58:50
3360,10,795,2024-07-21,13:30:00,,4,,2025-05-22 16:58:50
3361,6,950,2025-02-16,11:30:00,,4,,2025-05-22 16:58:50
3362,7,941,2025-03-07,15:30:00,,5,,2025-05-22 16:58:50
3363,8,464,2025-02-11,12:15:00,,3,整体还不错，但有提升空间。,2025-05-22 16:58:50
3364,3,218,2025-01-09,16:00:00,,5,讲解员专业知识丰富，讲解生动。,2025-05-22 16:58:50
3365,6,8,2025-05-14,13:15:00,,5,,2025-05-22 16:58:50
3366,6,765,2024-07-14,11:00:00,,3,,2025-05-22 16:58:50
3367,1,551,2023-11-25,13:15:00,,5,,2025-05-22 16:58:50
3368,4,36,2024-08-25,10:30:00,,,停车不太方便。,2025-05-22 16:58:50
3369,4,426,2023-07-23,11:30:00,,4,活动组织得很好，环境舒适。,2025-05-22 16:58:50
3370,5,568,2023-09-07,12:00:00,,4,,2025-05-22 16:58:50
3371,5,670,2025-04-19,12:45:00,,5,交通便利，设施完善。,2025-05-22 16:58:50
3372,5,556,2023-11-22,16:45:00,,,,2025-05-22 16:58:50
3373,2,328,2024-04-18,13:45:00,,,,2025-05-22 16:58:50
3374,7,271,2024-11-29,15:15:00,,,,2025-05-22 16:58:50
3375,4,277,2023-05-29,15:15:00,,5,,2025-05-22 16:58:50
3376,7,472,2025-03-30,09:00:00,,3,,2025-05-22 16:58:50
3377,11,79,2023-11-12,12:00:00,,5,展览内容非常丰富，很有教育意义。,2025-05-22 16:58:50
3378,5,495,2023-07-24,10:00:00,,3,,2025-05-22 16:58:50
3379,6,806,2023-08-05,10:30:00,,,,2025-05-22 16:58:50
3380,10,895,2025-05-09,16:00:00,,3,,2025-05-22 16:58:50
3381,2,339,2024-11-23,12:30:00,,5,,2025-05-22 16:58:50
3382,4,58,2024-08-23,11:45:00,,3,,2025-05-22 16:58:50
3383,3,865,2024-12-07,12:45:00,,,整体还不错，但有提升空间。,2025-05-22 16:58:50
3384,6,116,2024-05-03,09:15:00,,3,整体还不错，但有提升空间。,2025-05-22 16:58:50
3385,7,918,2023-09-13,11:15:00,,5,,2025-05-22 16:58:50
3386,7,862,2023-07-23,15:30:00,,4,,2025-05-22 16:58:50
3387,6,702,2024-03-15,14:30:00,,,,2025-05-22 16:58:50
3388,1,108,2023-11-13,16:15:00,,,希望能增加互动性的展品。,2025-05-22 16:58:50
3389,4,83,2024-01-08,10:45:00,,4,活动组织得很好，环境舒适。,2025-05-22 16:58:50
3390,8,83,2023-10-07,16:15:00,,3,建议增加外语讲解服务。,2025-05-22 16:58:50
3391,3,191,2023-09-30,10:45:00,,,整体还不错，但有提升空间。,2025-05-22 16:58:50
3392,2,482,2025-04-05,14:00:00,,5,,2025-05-22 16:58:50
3393,7,166,2025-04-27,09:15:00,,5,,2025-05-22 16:58:50
3394,11,367,2024-05-13,10:30:00,,5,,2025-05-22 16:58:50
3395,6,114,2024-10-08,10:30:00,,,,2025-05-22 16:58:50
3396,6,196,2024-09-02,09:00:00,,,,2025-05-22 16:58:50
3397,8,928,2025-03-12,10:30:00,,,,2025-05-22 16:58:50
3398,6,65,2024-04-18,12:30:00,,,,2025-05-22 16:58:50
3399,11,901,2025-01-17,15:15:00,,4,,2025-05-22 16:58:50
3400,6,701,2024-08-11,10:00:00,,5,,2025-05-22 16:58:50
3401,5,42,2025-02-05,15:30:00,,5,,2025-05-22 16:58:50
3402,8,946,2024-08-11,10:45:00,,5,,2025-05-22 16:58:50
3403,8,491,2023-08-02,15:30:00,,4,,2025-05-22 16:58:50
3404,9,174,2025-02-08,11:30:00,,,,2025-05-22 16:58:50
3405,11,884,2025-02-06,12:00:00,,,,2025-05-22 16:58:50
3406,7,265,2025-02-03,15:45:00,,,,2025-05-22 16:58:50
3407,2,832,2024-07-27,14:15:00,,5,,2025-05-22 16:58:50
3408,11,127,2024-08-05,13:45:00,,5,,2025-05-22 16:58:50
3409,5,682,2024-08-15,10:15:00,,3,,2025-05-22 16:58:50
3410,5,270,2025-03-02,11:30:00,,3,,2025-05-22 16:58:50
3411,11,307,2025-05-18,14:00:00,,4,,2025-05-22 16:58:50
3412,7,702,2025-03-25,14:15:00,,,,2025-05-22 16:58:50
3413,7,680,2025-04-05,10:30:00,,,,2025-05-22 16:58:50
3414,3,11,2024-12-21,13:30:00,,,,2025-05-22 16:58:50
3415,5,36,2024-06-17,09:15:00,,4,,2025-05-22 16:58:50
3416,9,103,2025-01-09,14:30:00,,5,很适合带孩子来参观学习。,2025-05-22 16:58:50
3417,9,960,2025-02-28,14:00:00,,5,讲解员专业知识丰富，讲解生动。,2025-05-22 16:58:50
3418,4,251,2023-12-15,13:45:00,,5,展览内容非常丰富，很有教育意义。,2025-05-22 16:58:50
3419,7,930,2024-10-05,15:15:00,,3,,2025-05-22 16:58:50
3420,7,102,2024-08-27,11:30:00,,4,,2025-05-22 16:58:50
3421,5,374,2024-06-14,14:45:00,,5,,2025-05-22 16:58:50
3422,11,235,2024-09-10,10:15:00,,4,,2025-05-22 16:58:50
3423,10,660,2024-08-14,11:15:00,,,,2025-05-22 16:58:50
3424,1,290,2024-12-19,16:45:00,,3,,2025-05-22 16:58:50
3425,9,825,2024-06-09,15:15:00,,5,,2025-05-22 16:58:50
3426,6,318,2025-05-11,10:15:00,,4,,2025-05-22 16:58:50
3427,4,572,2025-02-12,11:30:00,,,,2025-05-22 16:58:50
3428,9,521,2023-06-17,14:15:00,,3,,2025-05-22 16:58:50
3429,1,874,2024-04-14,10:45:00,,3,,2025-05-22 16:58:50
3430,1,569,2023-12-06,16:15:00,,,,2025-05-22 16:58:50
3431,9,799,2025-03-10,13:15:00,,5,,2025-05-22 16:58:50
3432,9,815,2024-09-12,09:45:00,23,,,2025-05-22 16:58:50
3433,2,452,2024-10-25,10:00:00,,,部分展区很精彩，部分展区一般。,2025-05-22 16:58:50
3434,1,684,2025-05-05,11:00:00,,5,活动组织得很好，环境舒适。,2025-05-22 16:58:50
3435,3,864,2024-08-25,10:00:00,,5,讲解员专业知识丰富，讲解生动。,2025-05-22 16:58:50
3436,7,580,2024-09-23,14:00:00,,3,,2025-05-22 16:58:50
3437,9,206,2024-11-21,10:30:00,,4,,2025-05-22 16:58:50
3438,8,858,2024-03-19,11:45:00,,5,,2025-05-22 16:58:50
3439,4,398,2025-04-06,09:30:00,,3,停车不太方便。,2025-05-22 16:58:50
3440,3,265,2024-04-25,11:15:00,,,,2025-05-22 16:58:50
3441,5,715,2024-08-26,09:45:00,,4,,2025-05-22 16:58:50
3442,5,383,2023-06-02,14:30:00,,,,2025-05-22 16:58:50
3443,3,933,2024-08-05,14:45:00,,3,,2025-05-22 16:58:50
3444,3,474,2025-02-04,09:30:00,,5,展览内容非常丰富，很有教育意义。,2025-05-22 16:58:50
3445,8,610,2025-01-02,09:00:00,,4,,2025-05-22 16:58:50
3446,9,782,2025-04-14,16:00:00,,,,2025-05-22 16:58:50
3447,8,71,2024-05-30,14:45:00,,,,2025-05-22 16:58:50
3448,7,799,2023-09-28,14:45:00,,,,2025-05-22 16:58:50
3449,8,503,2024-10-23,11:00:00,,4,,2025-05-22 16:58:50
3450,6,632,2024-01-14,15:15:00,,5,,2025-05-22 16:58:50
3451,8,926,2023-10-03,11:30:00,,,,2025-05-22 16:58:50
3452,5,617,2025-04-20,10:30:00,,,,2025-05-22 16:58:50
3453,5,510,2024-12-09,11:45:00,,4,,2025-05-22 16:58:50
3454,7,176,2024-11-14,12:15:00,,4,展览内容非常丰富，很有教育意义。,2025-05-22 16:58:50
3455,6,370,2024-08-01,15:30:00,,4,,2025-05-22 16:58:50
3456,7,251,2025-04-26,14:30:00,3,3,,2025-05-22 16:58:50
3457,5,984,2025-05-08,11:45:00,,4,,2025-05-22 16:58:50
3458,4,537,2024-04-02,12:30:00,,4,交通便利，设施完善。,2025-05-22 16:58:50
3459,7,856,2023-09-18,11:15:00,,5,,2025-05-22 16:58:50
3460,5,167,2025-03-06,14:00:00,,,,2025-05-22 16:58:50
3461,9,804,2024-09-20,13:30:00,,,,2025-05-22 16:58:50
3462,6,48,2024-07-20,11:45:00,,,停车不太方便。,2025-05-22 16:58:50
3463,4,441,2023-06-22,15:30:00,,,,2025-05-22 16:58:50
3464,5,84,2023-11-11,16:30:00,,5,,2025-05-22 16:58:50
3465,6,842,2024-05-31,16:45:00,,5,,2025-05-22 16:58:50
3466,8,712,2023-10-03,14:45:00,,3,停车不太方便。,2025-05-22 16:58:50
3467,6,244,2024-08-17,09:00:00,,3,,2025-05-22 16:58:50
3468,7,395,2024-09-13,14:30:00,,5,,2025-05-22 16:58:50
3469,3,619,2024-11-17,15:45:00,,,,2025-05-22 16:58:50
3470,4,508,2025-04-05,10:00:00,,3,,2025-05-22 16:58:50
3471,8,372,2024-12-14,09:00:00,,3,,2025-05-22 16:58:50
3472,9,21,2024-04-15,16:45:00,,,停车不太方便。,2025-05-22 16:58:50
3473,9,77,2023-07-18,14:15:00,,,,2025-05-22 16:58:50
3474,3,602,2024-01-23,12:30:00,,,,2025-05-22 16:58:50
3475,11,41,2023-11-19,12:30:00,,3,,2025-05-22 16:58:50
3476,3,726,2023-10-08,10:15:00,,4,讲解员专业知识丰富，讲解生动。,2025-05-22 16:58:50
3477,4,174,2024-06-03,12:30:00,,3,,2025-05-22 16:58:50
3478,8,826,2024-04-29,09:00:00,,,,2025-05-22 16:58:50
3479,3,618,2024-08-25,10:45:00,,5,,2025-05-22 16:58:50
3480,7,952,2023-07-31,09:00:00,,5,,2025-05-22 16:58:50
3481,5,207,2024-08-20,12:15:00,,,,2025-05-22 16:58:50
3482,4,146,2025-05-12,10:45:00,,4,,2025-05-22 16:58:50
3483,3,445,2025-03-03,11:00:00,,,,2025-05-22 16:58:50
3484,2,826,2025-02-25,13:45:00,,,,2025-05-22 16:58:50
3485,5,338,2024-08-29,12:15:00,,5,,2025-05-22 16:58:50
3486,1,544,2024-08-27,10:45:00,,,,2025-05-22 16:58:50
3487,7,139,2025-02-12,10:30:00,,3,,2025-05-22 16:58:50
3488,3,567,2025-01-06,11:30:00,,5,,2025-05-22 16:58:50
3489,3,869,2024-07-04,10:00:00,,4,,2025-05-22 16:58:50
3490,10,929,2023-08-12,15:45:00,,,,2025-05-22 16:58:50
3491,5,238,2025-02-05,14:15:00,,5,,2025-05-22 16:58:50
3492,3,132,2024-01-17,16:30:00,,5,,2025-05-22 16:58:50
3493,2,70,2025-03-29,14:00:00,,,,2025-05-22 16:58:50
3494,7,181,2025-05-13,14:45:00,,3,部分展区很精彩，部分展区一般。,2025-05-22 16:58:50
3495,1,69,2023-12-15,16:00:00,,3,,2025-05-22 16:58:50
3496,3,84,2024-05-31,16:45:00,,,整体还不错，但有提升空间。,2025-05-22 16:58:50
3497,11,663,2024-03-26,11:00:00,,3,,2025-05-22 16:58:50
3498,2,600,2023-12-07,12:45:00,,5,,2025-05-22 16:58:50
3499,3,955,2025-03-02,14:00:00,,4,,2025-05-22 16:58:50
3500,2,256,2025-02-25,12:15:00,,,希望能增加互动性的展品。,2025-05-22 16:58:50
3501,9,132,2023-08-27,09:30:00,,5,,2025-05-22 16:58:50
3502,1,552,2024-10-26,15:15:00,,,,2025-05-22 16:58:50
3503,3,41,2024-10-30,10:00:00,,,,2025-05-22 16:58:50
3504,2,513,2023-10-31,10:15:00,,5,,2025-05-22 16:58:50
3505,9,752,2023-09-29,09:00:00,,3,停车不太方便。,2025-05-22 16:58:50
3506,9,361,2024-05-02,10:45:00,,,,2025-05-22 16:58:50
3507,5,794,2025-05-14,16:15:00,,3,,2025-05-22 16:58:50
3508,7,871,2023-09-02,12:15:00,,3,,2025-05-22 16:58:50
3509,9,304,2024-08-28,12:00:00,,5,,2025-05-22 16:58:50
3510,11,86,2025-03-04,16:45:00,,,,2025-05-22 16:58:50
3511,1,850,2024-10-08,09:30:00,,3,,2025-05-22 16:58:50
3512,3,750,2025-02-20,12:00:00,,5,,2025-05-22 16:58:50
3513,2,144,2025-05-02,15:15:00,,,,2025-05-22 16:58:50
3514,9,804,2024-11-02,10:15:00,,3,,2025-05-22 16:58:50
3515,5,916,2025-03-21,15:15:00,,,,2025-05-22 16:58:50
3516,8,989,2025-01-04,09:15:00,,3,,2025-05-22 16:58:50
3517,6,548,2024-06-13,13:15:00,,4,活动组织得很好，环境舒适。,2025-05-22 16:58:50
3518,9,867,2024-07-03,14:00:00,,5,,2025-05-22 16:58:50
3519,3,421,2023-10-14,13:45:00,,5,展览内容非常丰富，很有教育意义。,2025-05-22 16:58:50
3520,7,801,2023-12-15,15:15:00,,3,,2025-05-22 16:58:50
3521,7,708,2023-06-05,09:45:00,,,,2025-05-22 16:58:50
3522,3,24,2024-02-06,14:30:00,,,,2025-05-22 16:58:50
3523,5,390,2024-09-21,15:30:00,,,,2025-05-22 16:58:50
3524,3,23,2024-10-18,14:15:00,,5,,2025-05-22 16:58:50
3525,8,708,2025-05-04,13:30:00,,5,很适合带孩子来参观学习。,2025-05-22 16:58:50
3526,4,999,2024-05-22,12:45:00,,3,,2025-05-22 16:58:50
3527,2,830,2025-04-29,13:00:00,,4,,2025-05-22 16:58:50
3528,5,687,2023-12-17,12:15:00,,,,2025-05-22 16:58:50
3529,3,26,2024-06-22,10:00:00,,5,,2025-05-22 16:58:50
3530,11,277,2024-09-13,09:15:00,,4,,2025-05-22 16:58:50
3531,6,634,2024-02-19,12:15:00,,,,2025-05-22 16:58:50
3532,4,166,2023-10-24,09:30:00,,3,,2025-05-22 16:58:50
3533,7,204,2025-05-15,11:30:00,3,,,2025-05-22 16:58:50
3534,11,884,2025-04-07,09:15:00,,3,,2025-05-22 16:58:50
3535,1,448,2024-08-07,16:30:00,,,,2025-05-22 16:58:50
3536,10,253,2024-11-07,15:45:00,,3,,2025-05-22 16:58:50
3537,3,696,2025-05-19,14:45:00,,,希望能增加互动性的展品。,2025-05-22 16:58:50
3538,7,608,2024-12-13,11:00:00,,3,,2025-05-22 16:58:50
3539,11,831,2023-05-25,12:00:00,,5,讲解员专业知识丰富，讲解生动。,2025-05-22 16:58:50
3540,1,618,2024-06-29,12:15:00,,5,展览内容非常丰富，很有教育意义。,2025-05-22 16:58:50
3541,4,350,2024-12-29,09:15:00,,4,,2025-05-22 16:58:50
3542,2,714,2025-02-14,13:15:00,,4,,2025-05-22 16:58:50
3543,9,754,2023-05-27,09:30:00,,,部分展区很精彩，部分展区一般。,2025-05-22 16:58:50
3544,8,882,2024-03-24,11:30:00,,,,2025-05-22 16:58:50
3545,4,78,2024-08-31,11:45:00,,3,,2025-05-22 16:58:50
3546,1,358,2024-10-04,12:30:00,,5,,2025-05-22 16:58:50
3547,9,43,2024-08-03,15:30:00,23,3,,2025-05-22 16:58:50
3548,9,452,2025-04-06,14:00:00,,3,,2025-05-22 16:58:50
3549,2,406,2023-11-20,16:15:00,,4,,2025-05-22 16:58:50
3550,4,334,2023-07-25,12:00:00,,4,,2025-05-22 16:58:50
3551,8,393,2024-09-20,16:15:00,,5,,2025-05-22 16:58:50
3552,8,284,2024-12-09,11:30:00,,5,,2025-05-22 16:58:50
3553,5,67,2025-01-04,15:30:00,,,,2025-05-22 16:58:50
3554,3,875,2025-01-09,16:30:00,,4,,2025-05-22 16:58:50
3555,7,330,2025-02-04,16:45:00,,3,,2025-05-22 16:58:50
3556,7,922,2024-07-11,09:30:00,,3,,2025-05-22 16:58:50
3557,9,113,2023-11-25,16:45:00,,4,,2025-05-22 16:58:50
3558,8,752,2024-07-03,14:15:00,,,,2025-05-22 16:58:50
3559,7,282,2025-03-26,12:15:00,,,部分展区很精彩，部分展区一般。,2025-05-22 16:58:50
3560,2,246,2024-09-04,12:15:00,,3,,2025-05-22 16:58:50
3561,9,108,2025-01-15,13:15:00,,,,2025-05-22 16:58:50
3562,9,766,2024-10-03,15:45:00,,,,2025-05-22 16:58:50
3563,5,860,2024-07-09,09:45:00,,,,2025-05-22 16:58:50
3564,6,358,2024-06-28,10:30:00,,5,,2025-05-22 16:58:50
3565,1,487,2024-10-11,16:45:00,,3,,2025-05-22 16:58:50
3566,5,901,2024-07-25,16:45:00,,,,2025-05-22 16:58:50
3567,8,678,2024-08-09,16:45:00,,4,,2025-05-22 16:58:50
3568,7,292,2024-05-13,14:45:00,,,,2025-05-22 16:58:50
3569,5,131,2024-08-22,10:30:00,,4,,2025-05-22 16:58:50
3570,7,254,2024-07-12,13:15:00,,,停车不太方便。,2025-05-22 16:58:50
3571,9,117,2025-04-24,15:15:00,,4,,2025-05-22 16:58:50
3572,2,572,2023-08-31,10:45:00,,,,2025-05-22 16:58:50
3573,7,464,2024-07-09,14:45:00,,,,2025-05-22 16:58:50
3574,11,70,2024-12-30,09:45:00,,,,2025-05-22 16:58:50
3575,3,76,2024-09-20,14:45:00,,,,2025-05-22 16:58:50
3576,1,317,2024-08-23,11:15:00,,3,建议增加外语讲解服务。,2025-05-22 16:58:50
3577,6,457,2024-01-22,10:15:00,,3,,2025-05-22 16:58:50
3578,7,913,2023-12-31,14:45:00,,5,很适合带孩子来参观学习。,2025-05-22 16:58:50
3579,9,530,2025-04-25,16:15:00,,,,2025-05-22 16:58:50
3580,7,10,2025-04-07,09:00:00,,5,,2025-05-22 16:58:50
3581,4,174,2024-12-23,15:45:00,,,,2025-05-22 16:58:50
3582,1,896,2024-09-24,14:30:00,,,,2025-05-22 16:58:50
3583,6,865,2023-06-05,11:45:00,,,,2025-05-22 16:58:50
3584,6,117,2024-11-01,15:30:00,,3,,2025-05-22 16:58:50
3585,7,871,2024-01-17,16:00:00,,5,展览内容非常丰富，很有教育意义。,2025-05-22 16:58:50
3586,5,66,2024-06-04,12:00:00,,,,2025-05-22 16:58:50
3587,5,389,2024-03-16,13:15:00,,5,,2025-05-22 16:58:50
3588,6,384,2024-07-01,10:30:00,,,,2025-05-22 16:58:50
3589,7,695,2023-12-11,09:45:00,,4,,2025-05-22 16:58:50
3590,3,823,2023-12-27,13:45:00,,,,2025-05-22 16:58:50
3591,5,839,2024-04-10,13:45:00,,3,,2025-05-22 16:58:50
3592,5,494,2024-12-01,15:45:00,,4,,2025-05-22 16:58:50
3593,10,207,2024-03-08,15:15:00,,,,2025-05-22 16:58:50
3594,4,588,2024-12-14,10:15:00,,,,2025-05-22 16:58:50
3595,10,14,2023-06-12,15:30:00,,5,很适合带孩子来参观学习。,2025-05-22 16:58:50
3596,3,233,2024-03-22,09:30:00,,,停车不太方便。,2025-05-22 16:58:50
3597,9,336,2024-08-08,16:15:00,,3,,2025-05-22 16:58:50
3598,5,694,2024-09-27,12:30:00,,4,,2025-05-22 16:58:50
3599,6,432,2024-05-23,16:00:00,,,,2025-05-22 16:58:50
3600,7,725,2025-02-18,15:45:00,,,,2025-05-22 16:58:50
3601,8,443,2023-08-28,14:15:00,,4,,2025-05-22 16:58:50
3602,8,694,2025-03-03,15:15:00,,5,交通便利，设施完善。,2025-05-22 16:58:50
3603,6,262,2024-09-23,11:30:00,,4,,2025-05-22 16:58:50
3604,1,291,2023-11-01,11:45:00,,,,2025-05-22 16:58:50
3605,6,481,2024-10-13,11:00:00,,4,展览内容非常丰富，很有教育意义。,2025-05-22 16:58:50
3606,3,994,2023-08-02,11:15:00,,5,讲解员专业知识丰富，讲解生动。,2025-05-22 16:58:50
3607,3,338,2025-04-13,09:45:00,,,,2025-05-22 16:58:50
3608,5,68,2024-08-24,12:30:00,,3,,2025-05-22 16:58:50
3609,2,106,2024-07-17,15:00:00,,,,2025-05-22 16:58:50
3610,5,321,2025-04-25,09:15:00,,5,活动组织得很好，环境舒适。,2025-05-22 16:58:50
3611,7,179,2024-06-16,10:15:00,,,希望能增加互动性的展品。,2025-05-22 16:58:50
3612,2,604,2024-10-10,16:45:00,,,部分展区很精彩，部分展区一般。,2025-05-22 16:58:50
3613,3,749,2024-02-09,10:15:00,,3,,2025-05-22 16:58:50
3614,5,476,2024-05-04,09:30:00,,,,2025-05-22 16:58:50
3615,4,617,2024-12-19,14:00:00,,5,很适合带孩子来参观学习。,2025-05-22 16:58:50
3616,2,763,2023-07-03,10:45:00,,,,2025-05-22 16:58:50
3617,7,754,2023-11-12,09:30:00,,,,2025-05-22 16:58:50
3618,1,344,2024-08-20,14:00:00,,,,2025-05-22 16:58:50
3619,9,369,2024-10-21,13:30:00,,4,,2025-05-22 16:58:50
3620,8,465,2024-01-30,15:30:00,,3,,2025-05-22 16:58:50
3621,2,39,2023-09-26,16:15:00,,3,,2025-05-22 16:58:50
3622,6,491,2024-09-12,16:30:00,,4,,2025-05-22 16:58:50
3623,3,441,2024-09-20,09:15:00,,,停车不太方便。,2025-05-22 16:58:50
3624,4,691,2024-10-13,10:45:00,,3,,2025-05-22 16:58:50
3625,9,201,2024-05-30,09:30:00,,3,停车不太方便。,2025-05-22 16:58:50
3626,8,51,2023-12-04,16:45:00,,5,交通便利，设施完善。,2025-05-22 16:58:50
3627,2,801,2024-10-22,12:15:00,,4,,2025-05-22 16:58:50
3628,5,135,2023-06-22,16:30:00,,,部分展区很精彩，部分展区一般。,2025-05-22 16:58:50
3629,2,814,2024-02-14,12:30:00,,,,2025-05-22 16:58:50
3630,10,738,2025-03-09,10:45:00,,,希望能增加互动性的展品。,2025-05-22 16:58:50
3631,2,609,2023-08-27,13:15:00,,5,,2025-05-22 16:58:50
3632,9,416,2023-09-25,14:30:00,,5,,2025-05-22 16:58:50
3633,3,517,2024-04-17,15:45:00,,4,,2025-05-22 16:58:50
3634,3,845,2024-08-08,14:45:00,,4,,2025-05-22 16:58:50
3635,10,599,2023-09-30,11:45:00,,,,2025-05-22 16:58:50
3636,4,776,2024-11-02,14:30:00,,,,2025-05-22 16:58:50
3637,2,10,2024-11-02,14:45:00,,3,建议增加外语讲解服务。,2025-05-22 16:58:50
3638,9,564,2024-10-15,11:30:00,,3,部分展区很精彩，部分展区一般。,2025-05-22 16:58:50
3639,8,170,2024-10-23,10:30:00,,,,2025-05-22 16:58:50
3640,2,136,2025-03-29,14:30:00,,3,,2025-05-22 16:58:50
3641,5,203,2024-05-11,13:15:00,,,,2025-05-22 16:58:50
3642,8,518,2023-07-07,11:45:00,,4,,2025-05-22 16:58:50
3643,10,406,2023-09-28,16:15:00,,,,2025-05-22 16:58:50
3644,5,214,2024-12-26,15:00:00,,,,2025-05-22 16:58:50
3645,3,617,2024-01-08,15:45:00,,,,2025-05-22 16:58:50
3646,4,146,2024-09-05,09:15:00,,4,,2025-05-22 16:58:50
3647,4,457,2024-05-12,11:30:00,,3,停车不太方便。,2025-05-22 16:58:50
3648,4,958,2025-03-02,09:45:00,,4,,2025-05-22 16:58:50
3649,2,822,2025-01-09,16:00:00,,,,2025-05-22 16:58:50
3650,7,200,2025-04-15,14:00:00,,,,2025-05-22 16:58:50
3651,6,284,2024-05-23,11:15:00,,4,活动组织得很好，环境舒适。,2025-05-22 16:58:50
3652,9,144,2023-06-11,15:00:00,,5,,2025-05-22 16:58:50
3653,3,850,2024-11-29,09:00:00,,5,,2025-05-22 16:58:50
3654,7,146,2024-03-19,10:30:00,,,,2025-05-22 16:58:50
3655,11,479,2024-09-26,10:30:00,,4,,2025-05-22 16:58:50
3656,2,592,2024-07-26,13:30:00,,,,2025-05-22 16:58:50
3657,6,269,2024-12-20,13:30:00,,3,希望能增加互动性的展品。,2025-05-22 16:58:50
3658,8,313,2024-02-24,16:15:00,,5,,2025-05-22 16:58:50
3659,9,945,2024-11-24,13:45:00,,5,,2025-05-22 16:58:50
3660,7,991,2025-04-13,13:15:00,,3,,2025-05-22 16:58:50
3661,2,914,2024-11-08,14:15:00,,,,2025-05-22 16:58:50
3662,8,314,2024-07-13,13:45:00,,,,2025-05-22 16:58:50
3663,7,17,2023-06-09,16:00:00,,3,,2025-05-22 16:58:50
3664,1,989,2023-10-31,11:45:00,,,,2025-05-22 16:58:50
3665,6,882,2024-01-21,15:00:00,,,,2025-05-22 16:58:50
3666,5,529,2024-10-11,16:45:00,,,停车不太方便。,2025-05-22 16:58:50
3667,7,363,2024-03-18,13:00:00,,,,2025-05-22 16:58:50
3668,6,763,2024-09-14,12:30:00,,4,,2025-05-22 16:58:50
3669,11,701,2025-03-28,14:15:00,,3,,2025-05-22 16:58:50
3670,5,370,2024-10-06,13:00:00,,4,,2025-05-22 16:58:50
3671,1,751,2023-08-25,16:00:00,,,,2025-05-22 16:58:50
3672,9,950,2024-05-11,10:00:00,,5,,2025-05-22 16:58:50
3673,8,438,2023-11-23,10:45:00,,3,,2025-05-22 16:58:50
3674,4,786,2024-04-24,16:30:00,,,建议增加外语讲解服务。,2025-05-22 16:58:50
3675,5,552,2024-09-30,10:00:00,,,,2025-05-22 16:58:50
3676,7,772,2024-06-21,09:15:00,,,,2025-05-22 16:58:50
3677,2,975,2024-12-04,16:45:00,,,希望能增加互动性的展品。,2025-05-22 16:58:50
3678,6,74,2024-01-26,16:45:00,,,,2025-05-22 16:58:50
3679,1,536,2024-10-24,09:00:00,,,,2025-05-22 16:58:50
3680,6,787,2025-01-08,13:30:00,,,,2025-05-22 16:58:50
3681,8,609,2024-12-26,15:15:00,,,,2025-05-22 16:58:50
3682,10,487,2025-02-18,11:45:00,,3,,2025-05-22 16:58:50
3683,5,459,2025-03-04,16:45:00,,4,展览内容非常丰富，很有教育意义。,2025-05-22 16:58:50
3684,4,519,2024-10-21,15:00:00,,,,2025-05-22 16:58:50
3685,2,536,2023-09-10,14:15:00,,,整体还不错，但有提升空间。,2025-05-22 16:58:50
3686,4,467,2024-11-04,15:45:00,,,,2025-05-22 16:58:50
3687,1,450,2025-04-05,09:15:00,,4,,2025-05-22 16:58:50
3688,6,956,2024-08-28,15:00:00,,,,2025-05-22 16:58:50
3689,2,379,2025-05-12,16:45:00,,,,2025-05-22 16:58:50
3690,2,784,2024-06-02,12:15:00,,,,2025-05-22 16:58:50
3691,1,970,2025-01-31,16:15:00,,4,,2025-05-22 16:58:50
3692,11,261,2024-04-23,09:30:00,,3,,2025-05-22 16:58:50
3693,6,660,2024-07-11,14:00:00,,5,展览内容非常丰富，很有教育意义。,2025-05-22 16:58:50
3694,1,145,2025-05-12,10:45:00,,,,2025-05-22 16:58:50
3695,4,429,2024-11-03,11:45:00,,5,展览内容非常丰富，很有教育意义。,2025-05-22 16:58:50
3696,8,726,2024-06-12,11:30:00,,4,,2025-05-22 16:58:50
3697,5,849,2024-06-21,15:30:00,,3,,2025-05-22 16:58:50
3698,5,703,2024-07-31,09:30:00,,,部分展区很精彩，部分展区一般。,2025-05-22 16:58:50
3699,5,534,2025-04-19,14:45:00,,4,,2025-05-22 16:58:50
3700,10,334,2024-05-15,09:30:00,,5,,2025-05-22 16:58:50
3701,9,782,2024-06-06,12:15:00,,3,,2025-05-22 16:58:50
3702,9,817,2024-09-15,16:15:00,,,,2025-05-22 16:58:50
3703,11,610,2024-09-08,15:30:00,,5,,2025-05-22 16:58:50
3704,8,61,2024-10-31,13:30:00,,,,2025-05-22 16:58:50
3705,4,385,2024-02-15,12:00:00,,3,,2025-05-22 16:58:50
3706,4,675,2023-10-14,16:00:00,,,,2025-05-22 16:58:50
3707,7,923,2024-08-16,11:00:00,,4,,2025-05-22 16:58:50
3708,9,909,2024-11-11,15:45:00,,,停车不太方便。,2025-05-22 16:58:50
3709,4,83,2025-02-10,15:30:00,49,5,,2025-05-22 16:58:50
3710,7,35,2023-06-07,15:45:00,,3,,2025-05-22 16:58:50
3711,5,431,2023-09-09,14:15:00,,4,,2025-05-22 16:58:50
3712,1,805,2023-06-07,16:00:00,,5,,2025-05-22 16:58:50
3713,9,478,2023-11-20,11:15:00,,,部分展区很精彩，部分展区一般。,2025-05-22 16:58:50
3714,6,560,2025-03-26,12:00:00,,,,2025-05-22 16:58:50
3715,9,247,2023-06-29,11:15:00,,4,,2025-05-22 16:58:50
3716,9,312,2024-02-06,09:30:00,,4,,2025-05-22 16:58:50
3717,6,631,2023-12-24,10:45:00,,,,2025-05-22 16:58:50
3718,6,673,2024-12-09,16:30:00,,,,2025-05-22 16:58:50
3719,11,263,2024-06-08,15:30:00,,,部分展区很精彩，部分展区一般。,2025-05-22 16:58:50
3720,6,119,2025-04-25,16:15:00,,5,,2025-05-22 16:58:50
3721,11,910,2023-09-21,16:30:00,,5,,2025-05-22 16:58:50
3722,9,667,2024-10-24,11:30:00,,4,,2025-05-22 16:58:50
3723,10,12,2024-09-03,10:30:00,,,,2025-05-22 16:58:50
3724,10,631,2023-07-12,13:00:00,,,整体还不错，但有提升空间。,2025-05-22 16:58:50
3725,10,3,2024-06-21,13:00:00,,,,2025-05-22 16:58:50
3726,2,88,2024-10-14,14:00:00,,4,,2025-05-22 16:58:50
3727,3,804,2025-01-26,10:15:00,,3,,2025-05-22 16:58:50
3728,2,81,2024-10-04,13:00:00,,,部分展区很精彩，部分展区一般。,2025-05-22 16:58:50
3729,6,847,2024-01-24,14:00:00,,3,希望能增加互动性的展品。,2025-05-22 16:58:50
3730,2,434,2025-05-07,13:45:00,,5,,2025-05-22 16:58:50
3731,6,156,2024-12-04,14:15:00,,5,,2025-05-22 16:58:50
3732,8,20,2024-01-25,13:00:00,,4,,2025-05-22 16:58:50
3733,8,445,2024-02-19,13:30:00,,,建议增加外语讲解服务。,2025-05-22 16:58:50
3734,11,669,2024-04-14,15:15:00,,,希望能增加互动性的展品。,2025-05-22 16:58:50
3735,10,945,2024-03-30,14:30:00,,5,,2025-05-22 16:58:50
3736,5,915,2023-08-17,16:00:00,,,,2025-05-22 16:58:50
3737,8,394,2024-07-18,15:15:00,,4,,2025-05-22 16:58:50
3738,7,873,2025-02-08,15:30:00,,,,2025-05-22 16:58:50
3739,3,635,2024-12-18,11:30:00,,,,2025-05-22 16:58:50
3740,5,590,2023-10-26,12:00:00,,3,部分展区很精彩，部分展区一般。,2025-05-22 16:58:50
3741,1,58,2024-10-02,15:15:00,,,,2025-05-22 16:58:50
3742,6,437,2024-10-16,16:15:00,,,,2025-05-22 16:58:50
3743,2,963,2023-07-28,13:15:00,,3,部分展区很精彩，部分展区一般。,2025-05-22 16:58:50
3744,11,902,2023-11-18,16:45:00,,,,2025-05-22 16:58:50
3745,5,207,2024-07-14,15:45:00,,5,,2025-05-22 16:58:50
3746,2,717,2023-08-18,12:15:00,,,整体还不错，但有提升空间。,2025-05-22 16:58:50
3747,6,404,2024-11-12,10:15:00,,4,,2025-05-22 16:58:50
3748,3,454,2024-07-17,12:45:00,,4,,2025-05-22 16:58:50
3749,5,384,2023-06-26,11:45:00,,,,2025-05-22 16:58:50
3750,9,886,2024-10-11,16:30:00,,4,,2025-05-22 16:58:50
3751,6,625,2023-09-11,11:45:00,,4,,2025-05-22 16:58:50
3752,2,450,2025-03-17,12:30:00,,3,,2025-05-22 16:58:50
3753,3,576,2023-06-27,13:15:00,,3,,2025-05-22 16:58:50
3754,11,316,2023-10-12,13:00:00,,3,,2025-05-22 16:58:50
3755,3,606,2024-12-23,10:45:00,,3,,2025-05-22 16:58:50
3756,8,163,2023-12-11,15:45:00,,4,,2025-05-22 16:58:50
3757,3,297,2025-05-14,15:15:00,,3,,2025-05-22 16:58:50
3758,1,744,2024-12-03,14:00:00,,4,,2025-05-22 16:58:50
3759,2,31,2023-11-16,12:00:00,,,,2025-05-22 16:58:50
3760,2,117,2024-11-04,09:45:00,,3,,2025-05-22 16:58:50
3761,6,170,2025-05-06,13:00:00,,,,2025-05-22 16:58:50
3762,8,89,2024-06-19,13:15:00,,5,,2025-05-22 16:58:50
3763,2,933,2025-05-04,10:30:00,,,,2025-05-22 16:58:50
3764,7,657,2024-10-21,16:00:00,,,,2025-05-22 16:58:50
3765,2,765,2024-03-20,16:45:00,,5,,2025-05-22 16:58:50
3766,8,199,2025-04-10,09:15:00,,3,希望能增加互动性的展品。,2025-05-22 16:58:50
3767,1,24,2025-05-16,16:30:00,,,,2025-05-22 16:58:50
3768,7,969,2025-04-28,12:45:00,,3,建议增加外语讲解服务。,2025-05-22 16:58:50
3769,7,274,2025-02-07,14:00:00,,4,讲解员专业知识丰富，讲解生动。,2025-05-22 16:58:50
3770,7,591,2025-01-15,15:15:00,,5,,2025-05-22 16:58:50
3771,4,594,2024-05-16,11:00:00,,5,,2025-05-22 16:58:50
3772,1,776,2025-02-07,15:45:00,,5,,2025-05-22 16:58:50
3773,6,967,2024-07-12,14:45:00,29,,,2025-05-22 16:58:50
3774,7,566,2023-07-12,13:15:00,,4,,2025-05-22 16:58:50
3775,9,260,2024-03-10,12:15:00,,4,交通便利，设施完善。,2025-05-22 16:58:50
3776,10,141,2023-11-05,10:45:00,,,,2025-05-22 16:58:50
3777,5,77,2025-03-19,11:00:00,,5,交通便利，设施完善。,2025-05-22 16:58:50
3778,4,628,2024-09-17,16:30:00,,,,2025-05-22 16:58:50
3779,11,986,2025-05-06,12:45:00,,4,,2025-05-22 16:58:50
3780,9,118,2024-07-15,11:15:00,23,,,2025-05-22 16:58:50
3781,3,955,2023-12-14,16:00:00,,,,2025-05-22 16:58:50
3782,7,850,2025-04-03,10:30:00,3,,,2025-05-22 16:58:50
3783,6,546,2024-09-26,16:00:00,,4,很适合带孩子来参观学习。,2025-05-22 16:58:50
3784,3,191,2024-06-12,13:15:00,,4,,2025-05-22 16:58:50
3785,5,442,2025-03-04,09:00:00,,5,,2025-05-22 16:58:50
3786,2,922,2025-01-18,16:00:00,,,,2025-05-22 16:58:50
3787,9,929,2024-07-19,10:00:00,,,,2025-05-22 16:58:50
3788,8,883,2024-12-10,14:15:00,,3,,2025-05-22 16:58:50
3789,1,750,2023-12-16,12:00:00,,,,2025-05-22 16:58:50
3790,9,355,2024-09-21,11:30:00,23,4,,2025-05-22 16:58:50
3791,4,562,2024-07-05,11:00:00,,,,2025-05-22 16:58:50
3792,6,257,2024-02-03,12:30:00,,4,,2025-05-22 16:58:50
3793,7,212,2023-07-07,10:30:00,,4,,2025-05-22 16:58:50
3794,2,444,2023-08-25,11:45:00,,3,,2025-05-22 16:58:50
3795,8,959,2024-12-21,14:00:00,,,停车不太方便。,2025-05-22 16:58:50
3796,7,236,2024-05-12,14:15:00,,,,2025-05-22 16:58:50
3797,1,748,2025-03-09,09:30:00,,3,,2025-05-22 16:58:50
3798,9,665,2024-11-27,12:00:00,,3,,2025-05-22 16:58:50
3799,7,483,2024-07-03,11:15:00,,5,,2025-05-22 16:58:50
3800,9,711,2024-07-04,09:00:00,,,,2025-05-22 16:58:50
3801,8,128,2025-05-05,11:00:00,,4,,2025-05-22 16:58:50
3802,6,878,2025-01-06,13:15:00,,,,2025-05-22 16:58:50
3803,6,778,2023-12-07,13:00:00,,,,2025-05-22 16:58:50
3804,10,801,2025-04-08,11:30:00,,,,2025-05-22 16:58:50
3805,5,769,2023-09-23,13:45:00,,4,,2025-05-22 16:58:50
3806,1,354,2023-05-28,15:30:00,,,,2025-05-22 16:58:50
3807,9,620,2023-11-03,09:00:00,,,,2025-05-22 16:58:50
3808,5,504,2024-05-03,13:15:00,,3,,2025-05-22 16:58:50
3809,9,450,2023-07-12,16:15:00,,3,,2025-05-22 16:58:50
3810,1,282,2024-11-08,09:00:00,,5,,2025-05-22 16:58:50
3811,2,122,2023-06-01,09:30:00,,5,,2025-05-22 16:58:50
3812,6,474,2025-03-01,11:45:00,,,,2025-05-22 16:58:50
3813,4,556,2023-11-23,10:00:00,,5,,2025-05-22 16:58:50
3814,11,431,2024-06-10,11:45:00,,,,2025-05-22 16:58:50
3815,6,596,2024-08-15,11:30:00,,,,2025-05-22 16:58:50
3816,8,493,2024-06-04,13:30:00,,5,讲解员专业知识丰富，讲解生动。,2025-05-22 16:58:50
3817,2,533,2024-11-05,13:00:00,,3,,2025-05-22 16:58:50
3818,2,287,2024-01-11,09:45:00,,,,2025-05-22 16:58:50
3819,6,404,2024-11-01,16:30:00,,,,2025-05-22 16:58:50
3820,9,855,2024-05-27,14:15:00,,5,,2025-05-22 16:58:50
3821,9,492,2024-03-11,12:15:00,,,部分展区很精彩，部分展区一般。,2025-05-22 16:58:50
3822,3,719,2025-05-12,14:00:00,,,,2025-05-22 16:58:50
3823,7,904,2024-03-10,14:30:00,,5,,2025-05-22 16:58:50
3824,7,894,2023-08-26,11:30:00,,3,,2025-05-22 16:58:50
3825,10,596,2023-09-23,10:45:00,,,,2025-05-22 16:58:50
3826,11,764,2024-11-10,09:00:00,,5,,2025-05-22 16:58:50
3827,6,952,2024-10-20,09:00:00,,3,,2025-05-22 16:58:50
3828,4,550,2024-09-11,11:45:00,,3,整体还不错，但有提升空间。,2025-05-22 16:58:50
3829,4,127,2025-05-01,13:00:00,,5,,2025-05-22 16:58:50
3830,4,106,2025-03-15,16:15:00,,3,,2025-05-22 16:58:50
3831,6,547,2025-05-22,14:45:00,,3,,2025-05-22 16:58:50
3832,2,195,2023-06-13,09:45:00,,,,2025-05-22 16:58:50
3833,3,807,2024-03-03,10:45:00,,3,,2025-05-22 16:58:50
3834,4,133,2024-04-07,13:30:00,,4,,2025-05-22 16:58:50
3835,4,520,2025-04-11,16:45:00,,5,,2025-05-22 16:58:50
3836,7,845,2024-03-31,10:15:00,,5,交通便利，设施完善。,2025-05-22 16:58:50
3837,4,204,2025-03-14,12:30:00,,3,,2025-05-22 16:58:50
3838,3,833,2024-04-11,12:15:00,,5,,2025-05-22 16:58:50
3839,8,661,2024-08-17,12:15:00,,,部分展区很精彩，部分展区一般。,2025-05-22 16:58:50
3840,1,455,2024-07-27,13:30:00,,,,2025-05-22 16:58:50
3841,6,570,2024-07-07,16:30:00,,5,,2025-05-22 16:58:50
3842,1,453,2025-03-27,14:45:00,,3,整体还不错，但有提升空间。,2025-05-22 16:58:50
3843,4,327,2024-07-12,16:45:00,,3,,2025-05-22 16:58:50
3844,11,677,2025-04-13,10:45:00,,5,,2025-05-22 16:58:50
3845,1,331,2024-07-11,11:15:00,,3,整体还不错，但有提升空间。,2025-05-22 16:58:50
3846,9,94,2024-06-26,10:15:00,,3,,2025-05-22 16:58:50
3847,10,801,2025-03-16,14:45:00,,,停车不太方便。,2025-05-22 16:58:50
3848,9,89,2024-10-20,12:30:00,,3,,2025-05-22 16:58:50
3849,9,517,2023-09-21,15:45:00,,,,2025-05-22 16:58:50
3850,9,183,2024-03-28,09:45:00,,4,讲解员专业知识丰富，讲解生动。,2025-05-22 16:58:50
3851,7,631,2023-10-14,09:15:00,,5,,2025-05-22 16:58:50
3852,2,631,2024-12-16,09:45:00,,4,,2025-05-22 16:58:50
3853,2,61,2024-11-16,12:15:00,,,,2025-05-22 16:58:50
3854,9,372,2024-11-24,13:45:00,,4,,2025-05-22 16:58:50
3855,1,740,2025-03-17,15:45:00,,,,2025-05-22 16:58:50
3856,2,649,2023-07-02,09:30:00,,3,希望能增加互动性的展品。,2025-05-22 16:58:50
3857,4,965,2024-08-10,15:30:00,,3,整体还不错，但有提升空间。,2025-05-22 16:58:50
3858,2,663,2024-11-26,14:30:00,,,,2025-05-22 16:58:50
3859,1,575,2025-03-09,10:00:00,,,,2025-05-22 16:58:50
3860,3,420,2024-08-19,14:30:00,,5,,2025-05-22 16:58:50
3861,5,46,2024-06-26,09:15:00,,5,活动组织得很好，环境舒适。,2025-05-22 16:58:50
3862,9,589,2023-07-21,10:15:00,,4,,2025-05-22 16:58:50
3863,8,93,2023-09-03,10:15:00,,3,,2025-05-22 16:58:50
3864,8,262,2024-01-24,12:15:00,,,停车不太方便。,2025-05-22 16:58:50
3865,2,972,2025-01-31,15:45:00,,4,,2025-05-22 16:58:50
3866,4,865,2024-12-05,14:30:00,,4,,2025-05-22 16:58:50
3867,8,242,2024-08-30,10:30:00,39,,,2025-05-22 16:58:50
3868,1,160,2025-04-17,09:30:00,,5,,2025-05-22 16:58:50
3869,3,422,2024-08-01,13:45:00,,5,,2025-05-22 16:58:50
3870,7,705,2024-05-26,14:30:00,,3,,2025-05-22 16:58:50
3871,10,6,2025-05-05,09:15:00,,4,,2025-05-22 16:58:50
3872,5,992,2025-04-24,09:15:00,,,,2025-05-22 16:58:50
3873,1,541,2024-05-21,12:15:00,,3,,2025-05-22 16:58:50
3874,5,615,2024-01-04,16:30:00,,,,2025-05-22 16:58:50
3875,9,624,2024-12-14,12:15:00,,,,2025-05-22 16:58:50
3876,1,741,2024-06-04,15:15:00,,4,,2025-05-22 16:58:50
3877,8,31,2023-05-29,14:15:00,,4,,2025-05-22 16:58:50
3878,4,896,2024-12-05,15:30:00,,3,,2025-05-22 16:58:50
3879,3,731,2024-03-31,12:00:00,,4,,2025-05-22 16:58:50
3880,5,47,2023-12-11,11:00:00,,4,很适合带孩子来参观学习。,2025-05-22 16:58:50
3881,7,810,2024-01-30,09:30:00,,3,,2025-05-22 16:58:50
3882,3,771,2025-02-02,13:45:00,,4,,2025-05-22 16:58:50
3883,6,655,2024-06-22,09:45:00,,,,2025-05-22 16:58:50
3884,2,837,2023-12-29,10:15:00,,5,讲解员专业知识丰富，讲解生动。,2025-05-22 16:58:50
3885,3,716,2025-03-21,10:45:00,,3,,2025-05-22 16:58:50
3886,11,143,2023-12-30,15:15:00,,,,2025-05-22 16:58:50
3887,10,501,2025-04-23,10:15:00,,5,,2025-05-22 16:58:50
3888,8,51,2025-04-30,16:15:00,,,,2025-05-22 16:58:50
3889,7,108,2024-08-28,11:00:00,,,,2025-05-22 16:58:50
3890,11,285,2025-04-05,12:45:00,,4,交通便利，设施完善。,2025-05-22 16:58:50
3891,2,321,2024-11-02,13:30:00,,5,,2025-05-22 16:58:50
3892,3,992,2024-10-14,10:00:00,,5,,2025-05-22 16:58:50
3893,9,238,2024-04-11,10:30:00,,4,,2025-05-22 16:58:50
3894,2,927,2023-06-06,15:00:00,,,,2025-05-22 16:58:50
3895,9,568,2025-01-22,16:00:00,,4,,2025-05-22 16:58:50
3896,1,576,2023-07-07,14:15:00,,,,2025-05-22 16:58:50
3897,4,253,2025-05-16,16:30:00,,,,2025-05-22 16:58:50
3898,3,538,2024-10-12,12:30:00,,5,,2025-05-22 16:58:50
3899,9,361,2025-05-15,11:30:00,,,,2025-05-22 16:58:50
3900,1,66,2025-04-28,11:15:00,,,建议增加外语讲解服务。,2025-05-22 16:58:50
3901,2,297,2024-10-07,10:30:00,,,希望能增加互动性的展品。,2025-05-22 16:58:50
3902,2,710,2025-02-19,09:00:00,,,停车不太方便。,2025-05-22 16:58:50
3903,4,238,2024-05-05,10:30:00,,3,,2025-05-22 16:58:50
3904,8,917,2025-02-07,12:15:00,,,,2025-05-22 16:58:50
3905,6,477,2024-05-19,14:00:00,,5,,2025-05-22 16:58:50
3906,7,382,2024-06-01,13:15:00,,3,,2025-05-22 16:58:50
3907,9,593,2023-10-09,10:45:00,,,,2025-05-22 16:58:50
3908,11,821,2024-12-28,12:30:00,,4,,2025-05-22 16:58:50
3909,3,624,2024-07-01,11:15:00,,5,展览内容非常丰富，很有教育意义。,2025-05-22 16:58:50
3910,1,195,2023-10-27,12:45:00,,4,,2025-05-22 16:58:50
3911,8,947,2024-10-12,15:15:00,,3,部分展区很精彩，部分展区一般。,2025-05-22 16:58:50
3912,2,752,2025-03-14,14:15:00,,3,,2025-05-22 16:58:50
3913,4,17,2024-06-08,13:00:00,,,,2025-05-22 16:58:50
3914,3,845,2023-08-19,16:45:00,,4,,2025-05-22 16:58:50
3915,7,20,2024-03-25,10:45:00,,,,2025-05-22 16:58:50
3916,7,811,2024-06-08,14:00:00,,5,,2025-05-22 16:58:50
3917,6,54,2025-03-18,12:15:00,,5,展览内容非常丰富，很有教育意义。,2025-05-22 16:58:50
3918,5,270,2025-01-07,12:15:00,,3,,2025-05-22 16:58:50
3919,4,663,2024-07-18,16:00:00,,4,,2025-05-22 16:58:50
3920,5,761,2025-03-18,12:30:00,,3,,2025-05-22 16:58:50
3921,9,471,2024-10-13,11:45:00,,,希望能增加互动性的展品。,2025-05-22 16:58:50
3922,7,942,2024-08-25,14:00:00,,4,,2025-05-22 16:58:50
3923,7,695,2024-08-03,14:45:00,,3,停车不太方便。,2025-05-22 16:58:50
3924,8,439,2024-04-01,12:30:00,,5,,2025-05-22 16:58:50
3925,6,59,2024-04-13,10:00:00,,,建议增加外语讲解服务。,2025-05-22 16:58:50
3926,4,744,2024-01-02,14:45:00,,,建议增加外语讲解服务。,2025-05-22 16:58:50
3927,8,900,2025-05-03,10:45:00,,3,希望能增加互动性的展品。,2025-05-22 16:58:50
3928,7,784,2025-02-23,12:30:00,,5,,2025-05-22 16:58:50
3929,7,678,2023-09-12,11:45:00,,,,2025-05-22 16:58:50
3930,2,782,2024-12-31,09:30:00,,,,2025-05-22 16:58:50
3931,1,253,2024-05-24,10:15:00,,,,2025-05-22 16:58:50
3932,6,482,2024-10-24,10:45:00,,4,,2025-05-22 16:58:50
3933,9,205,2025-03-15,14:15:00,,,希望能增加互动性的展品。,2025-05-22 16:58:50
3934,10,134,2024-10-09,12:30:00,,3,,2025-05-22 16:58:50
3935,10,975,2024-11-08,12:30:00,,,,2025-05-22 16:58:50
3936,9,879,2025-01-31,15:15:00,,4,,2025-05-22 16:58:50
3937,4,961,2024-08-21,11:00:00,,,希望能增加互动性的展品。,2025-05-22 16:58:50
3938,9,384,2024-09-26,10:45:00,,,,2025-05-22 16:58:50
3939,3,901,2024-08-15,13:30:00,,3,,2025-05-22 16:58:50
3940,11,810,2024-01-06,14:45:00,,3,,2025-05-22 16:58:50
3941,2,472,2025-02-04,10:00:00,,,,2025-05-22 16:58:50
3942,8,432,2024-09-19,11:00:00,37,5,交通便利，设施完善。,2025-05-22 16:58:50
3943,8,977,2023-07-14,14:30:00,,,,2025-05-22 16:58:50
3944,11,867,2024-12-28,13:45:00,,,,2025-05-22 16:58:50
3945,4,707,2023-10-31,10:30:00,,4,讲解员专业知识丰富，讲解生动。,2025-05-22 16:58:50
3946,8,954,2023-10-11,11:00:00,,4,,2025-05-22 16:58:50
3947,9,195,2024-10-17,16:15:00,,3,,2025-05-22 16:58:50
3948,8,961,2025-03-15,14:45:00,,3,,2025-05-22 16:58:50
3949,7,565,2025-03-22,10:45:00,,,,2025-05-22 16:58:50
3950,1,715,2025-03-12,13:45:00,,3,,2025-05-22 16:58:50
3951,4,487,2023-09-29,13:30:00,,,,2025-05-22 16:58:50
3952,9,1000,2025-04-12,13:00:00,,3,,2025-05-22 16:58:50
3953,8,280,2023-12-31,15:15:00,,,部分展区很精彩，部分展区一般。,2025-05-22 16:58:50
3954,1,62,2025-03-22,16:15:00,,,希望能增加互动性的展品。,2025-05-22 16:58:50
3955,1,688,2024-01-16,10:15:00,,3,,2025-05-22 16:58:50
3956,2,124,2023-09-10,10:00:00,,4,,2025-05-22 16:58:50
3957,8,493,2024-12-31,12:15:00,,,整体还不错，但有提升空间。,2025-05-22 16:58:50
3958,2,560,2025-02-15,13:30:00,,,,2025-05-22 16:58:50
3959,2,486,2025-01-26,09:15:00,,4,,2025-05-22 16:58:50
3960,3,553,2024-03-19,16:30:00,,3,建议增加外语讲解服务。,2025-05-22 16:58:50
3961,6,628,2023-09-19,11:45:00,,3,,2025-05-22 16:58:50
3962,5,460,2025-01-20,11:30:00,,3,,2025-05-22 16:58:50
3963,2,85,2025-04-09,14:00:00,,,,2025-05-22 16:58:50
3964,3,598,2024-02-10,14:15:00,,3,,2025-05-22 16:58:50
3965,3,301,2024-11-21,13:15:00,,,,2025-05-22 16:58:50
3966,9,594,2023-07-17,16:00:00,,5,活动组织得很好，环境舒适。,2025-05-22 16:58:50
3967,3,938,2025-01-09,13:15:00,,5,,2025-05-22 16:58:50
3968,2,568,2025-02-23,09:15:00,,,建议增加外语讲解服务。,2025-05-22 16:58:50
3969,9,993,2025-03-27,14:45:00,,5,,2025-05-22 16:58:50
3970,4,161,2023-08-23,13:30:00,,5,,2025-05-22 16:58:50
3971,2,374,2025-03-31,12:30:00,,4,,2025-05-22 16:58:50
3972,9,249,2024-02-28,09:30:00,,3,,2025-05-22 16:58:50
3973,2,943,2025-04-23,14:15:00,,3,,2025-05-22 16:58:50
3974,3,50,2023-11-15,11:15:00,,,,2025-05-22 16:58:50
3975,8,706,2024-10-23,15:30:00,,4,,2025-05-22 16:58:50
3976,8,62,2024-05-05,12:45:00,,,,2025-05-22 16:58:50
3977,4,905,2024-06-03,15:15:00,,3,,2025-05-22 16:58:50
3978,9,972,2024-11-27,10:00:00,,,,2025-05-22 16:58:50
3979,9,663,2024-07-02,12:45:00,23,5,交通便利，设施完善。,2025-05-22 16:58:50
3980,2,648,2025-05-09,09:30:00,,,,2025-05-22 16:58:50
3981,7,796,2024-01-15,10:00:00,,4,,2025-05-22 16:58:50
3982,4,415,2023-10-11,16:15:00,,3,,2025-05-22 16:58:50
3983,6,811,2025-02-02,13:30:00,,3,部分展区很精彩，部分展区一般。,2025-05-22 16:58:50
3984,9,683,2025-03-03,16:30:00,,,,2025-05-22 16:58:50
3985,7,35,2024-05-18,16:45:00,,,,2025-05-22 16:58:50
3986,9,115,2024-01-09,16:15:00,,,,2025-05-22 16:58:50
3987,8,734,2024-10-03,10:30:00,,5,,2025-05-22 16:58:50
3988,1,181,2025-03-09,14:15:00,,4,,2025-05-22 16:58:50
3989,4,131,2024-05-10,12:45:00,,,部分展区很精彩，部分展区一般。,2025-05-22 16:58:50
3990,9,557,2023-09-30,09:30:00,,4,,2025-05-22 16:58:50
3991,10,971,2023-10-15,13:30:00,,5,,2025-05-22 16:58:50
3992,10,311,2024-12-27,16:30:00,,4,,2025-05-22 16:58:50
3993,9,769,2025-05-10,09:45:00,,3,,2025-05-22 16:58:50
3994,7,628,2024-08-10,12:45:00,,5,活动组织得很好，环境舒适。,2025-05-22 16:58:50
3995,4,253,2024-06-08,14:45:00,,4,,2025-05-22 16:58:50
3996,5,825,2024-07-03,15:00:00,,3,希望能增加互动性的展品。,2025-05-22 16:58:50
3997,4,574,2024-05-29,11:00:00,,5,,2025-05-22 16:58:50
3998,9,232,2024-12-15,12:45:00,,3,,2025-05-22 16:58:50
3999,9,927,2024-08-17,09:00:00,,3,,2025-05-22 16:58:50
4000,6,805,2025-04-06,11:30:00,,,,2025-05-22 16:58:50
4001,6,288,2024-03-07,15:45:00,,3,希望能增加互动性的展品。,2025-05-22 16:58:50
4002,7,191,2023-08-27,13:30:00,,5,,2025-05-22 16:58:50
4003,11,297,2024-11-23,12:15:00,15,4,,2025-05-22 16:58:50
4004,11,602,2024-11-15,09:00:00,,5,,2025-05-22 16:58:50
4005,3,169,2024-07-21,16:15:00,,,,2025-05-22 16:58:50
4006,5,845,2023-07-31,12:45:00,,4,,2025-05-22 16:58:50
4007,11,89,2025-03-23,12:15:00,,3,希望能增加互动性的展品。,2025-05-22 16:58:50
4008,2,247,2024-04-16,14:00:00,,,部分展区很精彩，部分展区一般。,2025-05-22 16:58:50
4009,1,595,2024-06-14,13:45:00,,5,,2025-05-22 16:58:50
4010,4,41,2023-11-15,16:45:00,,,停车不太方便。,2025-05-22 16:58:50
4011,7,381,2024-08-22,15:30:00,,3,部分展区很精彩，部分展区一般。,2025-05-22 16:58:50
4012,6,734,2024-05-03,12:45:00,,4,,2025-05-22 16:58:50
4013,9,498,2024-08-10,11:45:00,,,,2025-05-22 16:58:50
4014,1,626,2024-08-19,12:30:00,,,,2025-05-22 16:58:50
4015,11,15,2025-05-11,15:45:00,,3,,2025-05-22 16:58:50
4016,2,546,2023-11-04,15:45:00,,4,,2025-05-22 16:58:50
4017,7,922,2024-03-12,11:15:00,,4,很适合带孩子来参观学习。,2025-05-22 16:58:50
4018,6,885,2024-03-05,14:00:00,,4,,2025-05-22 16:58:50
4019,11,899,2024-06-14,12:30:00,,4,,2025-05-22 16:58:50
4020,10,820,2024-10-29,09:45:00,,4,活动组织得很好，环境舒适。,2025-05-22 16:58:50
4021,5,22,2024-03-18,09:15:00,,3,,2025-05-22 16:58:50
4022,6,246,2025-04-06,15:45:00,,,,2025-05-22 16:58:50
4023,6,342,2023-07-06,14:00:00,,,,2025-05-22 16:58:50
4024,2,45,2024-04-17,14:00:00,,4,,2025-05-22 16:58:50
4025,9,233,2024-09-15,12:00:00,23,5,,2025-05-22 16:58:50
4026,5,528,2025-03-06,12:00:00,,,,2025-05-22 16:58:50
4027,4,661,2024-06-05,16:15:00,,,,2025-05-22 16:58:50
4028,5,435,2024-03-15,10:15:00,,3,,2025-05-22 16:58:50
4029,8,754,2025-01-13,16:30:00,,3,,2025-05-22 16:58:50
4030,2,105,2023-12-13,10:30:00,,,,2025-05-22 16:58:50
4031,11,315,2024-10-18,09:30:00,,,,2025-05-22 16:58:50
4032,6,783,2024-10-06,12:30:00,,4,,2025-05-22 16:58:50
4033,7,177,2023-07-02,14:00:00,,,,2025-05-22 16:58:50
4034,4,344,2025-04-08,14:30:00,,,,2025-05-22 16:58:50
4035,4,244,2024-05-29,14:00:00,,4,,2025-05-22 16:58:50
4036,5,555,2024-08-27,12:15:00,,3,,2025-05-22 16:58:50
4037,2,625,2025-04-26,16:00:00,,4,,2025-05-22 16:58:50
4038,4,243,2025-03-13,16:30:00,,,,2025-05-22 16:58:50
4039,1,110,2024-10-13,14:15:00,,,,2025-05-22 16:58:50
4040,6,111,2024-01-02,13:00:00,,4,,2025-05-22 16:58:50
4041,3,27,2024-06-17,11:30:00,,,,2025-05-22 16:58:50
4042,3,395,2023-08-15,09:45:00,,5,交通便利，设施完善。,2025-05-22 16:58:50
4043,5,927,2024-01-31,09:00:00,,,,2025-05-22 16:58:50
4044,5,105,2024-08-10,10:30:00,,,,2025-05-22 16:58:50
4045,4,397,2024-11-23,12:30:00,,,,2025-05-22 16:58:50
4046,2,515,2025-05-19,15:00:00,,3,停车不太方便。,2025-05-22 16:58:50
4047,6,590,2025-04-20,10:15:00,,5,很适合带孩子来参观学习。,2025-05-22 16:58:50
4048,9,874,2023-09-12,09:15:00,,,,2025-05-22 16:58:50
4049,5,749,2023-10-07,11:15:00,,5,,2025-05-22 16:58:50
4050,5,711,2024-04-15,14:45:00,,5,,2025-05-22 16:58:50
4051,2,716,2025-01-06,09:45:00,,,部分展区很精彩，部分展区一般。,2025-05-22 16:58:50
4052,5,273,2024-12-22,12:00:00,,,建议增加外语讲解服务。,2025-05-22 16:58:50
4053,7,284,2025-03-23,12:15:00,,5,,2025-05-22 16:58:50
4054,3,559,2025-01-27,15:30:00,,5,交通便利，设施完善。,2025-05-22 16:58:50
4055,4,202,2023-10-20,09:15:00,,5,,2025-05-22 16:58:50
4056,8,546,2024-06-13,10:15:00,,4,,2025-05-22 16:58:50
4057,4,718,2025-04-01,16:00:00,,,,2025-05-22 16:58:50
4058,3,971,2023-07-19,12:30:00,,4,,2025-05-22 16:58:50
4059,5,81,2024-08-04,16:45:00,,,,2025-05-22 16:58:50
4060,1,897,2024-11-01,15:00:00,,3,,2025-05-22 16:58:50
4061,3,774,2024-05-07,14:00:00,,,部分展区很精彩，部分展区一般。,2025-05-22 16:58:50
4062,8,720,2025-04-27,11:00:00,,4,交通便利，设施完善。,2025-05-22 16:58:50
4063,3,688,2024-06-11,10:15:00,,,,2025-05-22 16:58:50
4064,5,104,2025-03-09,14:00:00,,,,2025-05-22 16:58:50
4065,4,991,2025-05-19,16:00:00,,4,,2025-05-22 16:58:50
4066,5,136,2023-12-05,15:15:00,,5,,2025-05-22 16:58:50
4067,4,879,2024-11-29,15:30:00,,4,,2025-05-22 16:58:50
4068,9,239,2025-02-01,14:45:00,,,,2025-05-22 16:58:50
4069,7,68,2025-03-15,10:30:00,,3,停车不太方便。,2025-05-22 16:58:50
4070,1,763,2024-06-18,12:30:00,,,建议增加外语讲解服务。,2025-05-22 16:58:50
4071,5,690,2023-06-26,15:30:00,,,建议增加外语讲解服务。,2025-05-22 16:58:50
4072,5,160,2024-07-23,13:00:00,,5,,2025-05-22 16:58:50
4073,8,191,2024-03-10,14:15:00,,,,2025-05-22 16:58:50
4074,11,85,2025-05-04,11:45:00,,,,2025-05-22 16:58:50
4075,2,981,2023-11-22,11:00:00,,3,,2025-05-22 16:58:50
4076,2,500,2024-10-14,14:45:00,,3,,2025-05-22 16:58:50
4077,4,55,2024-12-11,10:30:00,,,停车不太方便。,2025-05-22 16:58:50
4078,1,55,2024-08-21,12:00:00,,3,,2025-05-22 16:58:50
4079,7,784,2024-11-02,10:15:00,,,,2025-05-22 16:58:50
4080,2,806,2024-06-19,15:45:00,,,,2025-05-22 16:58:50
4081,11,910,2024-03-26,14:15:00,,,,2025-05-22 16:58:50
4082,2,183,2025-02-22,11:30:00,,5,,2025-05-22 16:58:50
4083,7,272,2023-07-02,13:00:00,,,,2025-05-22 16:58:50
4084,2,284,2024-08-18,12:15:00,,5,,2025-05-22 16:58:50
4085,9,530,2024-11-23,13:30:00,,,,2025-05-22 16:58:50
4086,6,394,2025-05-07,14:30:00,,,,2025-05-22 16:58:50
4087,3,814,2024-05-10,15:15:00,,,停车不太方便。,2025-05-22 16:58:50
4088,6,821,2025-02-19,15:45:00,,4,展览内容非常丰富，很有教育意义。,2025-05-22 16:58:50
4089,1,669,2024-09-10,13:15:00,,4,,2025-05-22 16:58:50
4090,1,948,2024-02-21,12:15:00,,,,2025-05-22 16:58:50
4091,1,300,2025-01-19,12:45:00,,3,,2025-05-22 16:58:50
4092,5,176,2024-09-10,13:15:00,,,,2025-05-22 16:58:50
4093,8,960,2024-11-13,11:00:00,37,3,,2025-05-22 16:58:50
4094,10,970,2023-09-27,09:15:00,,,,2025-05-22 16:58:50
4095,11,764,2025-04-24,14:00:00,,,,2025-05-22 16:58:50
4096,7,813,2025-03-14,16:30:00,,4,,2025-05-22 16:58:50
4097,3,953,2023-06-05,12:00:00,,,部分展区很精彩，部分展区一般。,2025-05-22 16:58:50
4098,6,79,2024-10-17,15:45:00,,4,讲解员专业知识丰富，讲解生动。,2025-05-22 16:58:50
4099,11,537,2024-06-05,15:15:00,,3,,2025-05-22 16:58:50
4100,6,576,2024-10-06,15:45:00,,,,2025-05-22 16:58:50
4101,11,733,2024-06-02,09:30:00,,4,,2025-05-22 16:58:50
4102,11,267,2024-06-30,13:00:00,,,停车不太方便。,2025-05-22 16:58:50
4103,1,625,2024-12-13,14:45:00,,4,,2025-05-22 16:58:50
4104,7,522,2023-12-27,09:30:00,,4,,2025-05-22 16:58:50
4105,4,798,2025-02-25,14:15:00,,,建议增加外语讲解服务。,2025-05-22 16:58:50
4106,1,28,2025-03-28,09:15:00,,3,整体还不错，但有提升空间。,2025-05-22 16:58:50
4107,5,112,2023-06-25,11:00:00,,3,,2025-05-22 16:58:50
4108,3,978,2024-08-16,12:00:00,,4,,2025-05-22 16:58:50
4109,5,916,2024-09-21,10:45:00,,4,,2025-05-22 16:58:50
4110,2,78,2024-04-01,14:45:00,,5,很适合带孩子来参观学习。,2025-05-22 16:58:50
4111,2,229,2024-02-08,10:45:00,,3,,2025-05-22 16:58:50
4112,8,678,2024-01-02,12:15:00,,4,,2025-05-22 16:58:50
4113,5,561,2025-05-03,10:15:00,,3,,2025-05-22 16:58:50
4114,7,865,2024-01-22,12:45:00,,,整体还不错，但有提升空间。,2025-05-22 16:58:50
4115,6,124,2024-05-29,14:45:00,,4,,2025-05-22 16:58:50
4116,6,511,2024-06-04,14:15:00,29,3,,2025-05-22 16:58:50
4117,4,294,2024-01-17,12:15:00,,3,部分展区很精彩，部分展区一般。,2025-05-22 16:58:50
4118,2,682,2024-02-19,10:15:00,,,整体还不错，但有提升空间。,2025-05-22 16:58:50
4119,2,733,2024-09-20,11:30:00,,4,展览内容非常丰富，很有教育意义。,2025-05-22 16:58:50
4120,4,557,2023-07-15,10:30:00,,4,,2025-05-22 16:58:50
4121,7,756,2024-05-06,16:30:00,,4,,2025-05-22 16:58:50
4122,6,548,2025-05-03,15:30:00,,5,,2025-05-22 16:58:50
4123,4,352,2024-08-19,16:45:00,,3,,2025-05-22 16:58:50
4124,2,460,2025-02-08,13:00:00,,3,,2025-05-22 16:58:50
4125,8,79,2025-04-07,11:30:00,,,,2025-05-22 16:58:50
4126,4,678,2025-05-22,11:00:00,,5,,2025-05-22 16:58:50
4127,1,394,2023-06-19,10:30:00,,5,,2025-05-22 16:58:50
4128,7,486,2024-12-25,15:15:00,,3,,2025-05-22 16:58:50
4129,9,213,2025-03-11,12:15:00,,,,2025-05-22 16:58:50
4130,11,667,2025-03-10,16:30:00,,,希望能增加互动性的展品。,2025-05-22 16:58:50
4131,6,643,2025-03-11,13:30:00,,4,,2025-05-22 16:58:50
4132,11,360,2024-10-17,09:15:00,,,,2025-05-22 16:58:50
4133,1,23,2023-12-16,09:30:00,,4,,2025-05-22 16:58:50
4134,4,784,2023-12-06,14:15:00,,,,2025-05-22 16:58:50
4135,3,484,2024-02-02,10:15:00,,3,,2025-05-22 16:58:50
4136,8,589,2024-05-19,13:45:00,,5,,2025-05-22 16:58:50
4137,8,98,2024-02-15,14:45:00,,,希望能增加互动性的展品。,2025-05-22 16:58:50
4138,4,250,2025-02-05,13:15:00,49,,,2025-05-22 16:58:50
4139,6,829,2025-01-16,14:00:00,,3,,2025-05-22 16:58:50
4140,3,603,2024-04-29,15:15:00,,3,,2025-05-22 16:58:50
4141,8,95,2024-12-31,16:15:00,,,,2025-05-22 16:58:50
4142,6,608,2024-06-28,10:00:00,,,整体还不错，但有提升空间。,2025-05-22 16:58:50
4143,1,389,2025-04-24,16:30:00,,,,2025-05-22 16:58:50
4144,5,544,2024-07-12,12:45:00,,5,,2025-05-22 16:58:50
4145,2,650,2024-08-11,10:30:00,,,建议增加外语讲解服务。,2025-05-22 16:58:50
4146,11,48,2023-09-26,13:30:00,,,,2025-05-22 16:58:50
4147,8,724,2024-08-12,09:15:00,39,3,,2025-05-22 16:58:50
4148,9,408,2024-12-13,16:15:00,,5,,2025-05-22 16:58:50
4149,8,795,2024-11-19,15:00:00,,3,,2025-05-22 16:58:50
4150,5,821,2025-05-05,10:45:00,,4,,2025-05-22 16:58:50
4151,9,871,2024-10-07,16:15:00,,3,,2025-05-22 16:58:50
4152,1,471,2024-11-29,15:15:00,,4,,2025-05-22 16:58:50
4153,6,502,2025-02-06,11:30:00,,,,2025-05-22 16:58:50
4154,1,962,2024-09-12,16:15:00,,,,2025-05-22 16:58:50
4155,10,211,2025-04-05,13:00:00,,5,,2025-05-22 16:58:50
4156,9,729,2023-08-29,14:15:00,,,部分展区很精彩，部分展区一般。,2025-05-22 16:58:50
4157,8,769,2024-11-18,11:30:00,,,,2025-05-22 16:58:50
4158,8,996,2024-12-05,11:00:00,,5,讲解员专业知识丰富，讲解生动。,2025-05-22 16:58:50
4159,10,186,2024-11-05,14:45:00,,5,,2025-05-22 16:58:50
4160,5,49,2023-05-25,12:00:00,,5,,2025-05-22 16:58:50
4161,9,768,2024-05-06,16:45:00,,,,2025-05-22 16:58:50
4162,4,884,2023-10-26,10:00:00,,5,很适合带孩子来参观学习。,2025-05-22 16:58:50
4163,11,432,2024-09-22,10:45:00,,3,,2025-05-22 16:58:50
4164,2,894,2024-01-24,13:15:00,,,,2025-05-22 16:58:50
4165,1,468,2025-01-07,09:45:00,,4,,2025-05-22 16:58:50
4166,7,907,2025-01-19,13:45:00,,,,2025-05-22 16:58:50
4167,7,916,2025-02-24,13:30:00,,,,2025-05-22 16:58:50
4168,4,647,2024-09-06,16:15:00,,5,,2025-05-22 16:58:50
4169,3,648,2023-07-29,11:00:00,,3,,2025-05-22 16:58:50
4170,3,398,2023-09-08,10:15:00,,3,,2025-05-22 16:58:50
4171,8,283,2023-08-03,16:30:00,,3,停车不太方便。,2025-05-22 16:58:50
4172,9,166,2023-09-28,15:45:00,,,,2025-05-22 16:58:50
4173,11,452,2024-06-01,15:30:00,,5,,2025-05-22 16:58:50
4174,6,33,2025-01-28,15:45:00,,,,2025-05-22 16:58:50
4175,8,71,2023-07-06,09:45:00,,3,,2025-05-22 16:58:50
4176,5,487,2023-11-24,12:30:00,,,建议增加外语讲解服务。,2025-05-22 16:58:50
4177,6,502,2025-01-11,12:15:00,,5,,2025-05-22 16:58:50
4178,1,662,2023-12-06,09:45:00,,4,,2025-05-22 16:58:50
4179,9,651,2024-09-26,14:00:00,,5,,2025-05-22 16:58:50
4180,6,661,2023-07-15,13:00:00,,,,2025-05-22 16:58:50
4181,3,525,2025-02-24,14:00:00,,5,,2025-05-22 16:58:50
4182,8,525,2023-09-07,09:00:00,,3,,2025-05-22 16:58:50
4183,7,915,2024-11-13,12:30:00,,,,2025-05-22 16:58:50
4184,3,575,2024-09-24,15:00:00,,,部分展区很精彩，部分展区一般。,2025-05-22 16:58:50
4185,2,514,2024-12-14,12:15:00,,5,,2025-05-22 16:58:50
4186,7,730,2024-10-20,11:45:00,,5,,2025-05-22 16:58:50
4187,9,60,2024-08-06,16:00:00,23,5,,2025-05-22 16:58:50
4188,11,819,2023-08-18,09:30:00,,4,讲解员专业知识丰富，讲解生动。,2025-05-22 16:58:50
4189,1,363,2023-08-21,15:45:00,,3,,2025-05-22 16:58:50
4190,11,689,2025-04-03,11:30:00,,3,,2025-05-22 16:58:50
4191,9,602,2024-01-28,11:00:00,,3,,2025-05-22 16:58:50
4192,3,660,2024-07-20,10:00:00,,4,,2025-05-22 16:58:50
4193,1,980,2024-05-30,14:45:00,,5,,2025-05-22 16:58:50
4194,8,747,2024-08-22,12:00:00,,,停车不太方便。,2025-05-22 16:58:50
4195,8,744,2024-11-03,12:15:00,,3,,2025-05-22 16:58:50
4196,8,335,2025-05-07,09:45:00,,3,,2025-05-22 16:58:50
4197,11,66,2025-03-23,16:15:00,,,,2025-05-22 16:58:50
4198,1,509,2024-07-12,14:45:00,,,,2025-05-22 16:58:50
4199,1,433,2025-05-19,14:00:00,,3,,2025-05-22 16:58:50
4200,5,689,2024-05-26,12:15:00,,4,,2025-05-22 16:58:50
4201,4,110,2023-08-09,11:15:00,,5,,2025-05-22 16:58:50
4202,2,769,2025-03-02,14:30:00,,3,,2025-05-22 16:58:50
4203,8,496,2023-09-21,14:30:00,,3,,2025-05-22 16:58:50
4204,5,121,2024-07-22,13:45:00,,4,,2025-05-22 16:58:50
4205,9,828,2024-06-23,13:45:00,,4,,2025-05-22 16:58:50
4206,3,261,2024-07-05,09:00:00,,,部分展区很精彩，部分展区一般。,2025-05-22 16:58:50
4207,5,977,2025-04-03,14:45:00,,5,,2025-05-22 16:58:50
4208,6,292,2024-11-12,12:30:00,,,,2025-05-22 16:58:50
4209,2,836,2024-07-12,16:30:00,,,,2025-05-22 16:58:50
4210,1,76,2023-05-28,10:00:00,,,,2025-05-22 16:58:50
4211,9,64,2025-03-15,10:00:00,,5,,2025-05-22 16:58:50
4212,7,351,2024-01-18,15:00:00,,5,,2025-05-22 16:58:50
4213,3,190,2025-02-11,09:00:00,,,,2025-05-22 16:58:50
4214,5,763,2023-08-12,14:45:00,,4,,2025-05-22 16:58:50
4215,2,430,2024-08-28,13:00:00,,5,,2025-05-22 16:58:50
4216,1,696,2024-12-01,15:45:00,,,,2025-05-22 16:58:50
4217,4,506,2024-04-12,13:45:00,,,,2025-05-22 16:58:50
4218,6,908,2024-07-01,12:15:00,29,5,,2025-05-22 16:58:50
4219,1,650,2025-05-04,09:00:00,,4,,2025-05-22 16:58:50
4220,5,315,2025-04-14,12:45:00,,5,,2025-05-22 16:58:50
4221,5,720,2023-07-16,14:30:00,,3,,2025-05-22 16:58:50
4222,5,676,2023-07-31,16:15:00,,,,2025-05-22 16:58:50
4223,11,986,2024-12-13,14:15:00,,4,,2025-05-22 16:58:50
4224,3,802,2024-04-26,16:30:00,,3,,2025-05-22 16:58:50
4225,10,232,2025-02-23,15:15:00,,4,,2025-05-22 16:58:50
4226,3,961,2024-10-20,13:30:00,,,,2025-05-22 16:58:50
4227,3,212,2024-08-10,14:15:00,,5,,2025-05-22 16:58:50
4228,1,788,2024-09-12,09:15:00,,5,展览内容非常丰富，很有教育意义。,2025-05-22 16:58:50
4229,9,656,2024-12-04,15:45:00,,5,,2025-05-22 16:58:50
4230,3,654,2024-02-27,13:30:00,,4,,2025-05-22 16:58:50
4231,5,564,2025-03-11,14:45:00,,,,2025-05-22 16:58:50
4232,9,237,2023-08-18,11:45:00,,,,2025-05-22 16:58:50
4233,10,603,2025-05-08,11:30:00,,,,2025-05-22 16:58:50
4234,1,948,2024-02-24,15:00:00,,5,,2025-05-22 16:58:50
4235,7,856,2024-12-10,10:00:00,,3,,2025-05-22 16:58:50
4236,9,143,2024-10-28,11:15:00,,,,2025-05-22 16:58:50
4237,2,316,2023-11-12,10:30:00,,4,,2025-05-22 16:58:50
4238,1,7,2023-10-26,09:00:00,,,,2025-05-22 16:58:50
4239,4,686,2023-10-15,10:00:00,,3,,2025-05-22 16:58:50
4240,11,780,2025-01-21,14:30:00,,4,交通便利，设施完善。,2025-05-22 16:58:50
4241,4,850,2023-10-26,13:45:00,,,停车不太方便。,2025-05-22 16:58:50
4242,3,658,2024-06-17,15:30:00,,4,,2025-05-22 16:58:50
4243,2,397,2023-08-24,13:30:00,,3,,2025-05-22 16:58:50
4244,9,49,2024-04-20,12:15:00,,3,,2025-05-22 16:58:50
4245,3,579,2025-03-24,09:15:00,,5,,2025-05-22 16:58:50
4246,1,923,2024-10-29,09:00:00,,,,2025-05-22 16:58:50
4247,8,312,2024-05-30,12:15:00,,5,,2025-05-22 16:58:50
4248,8,285,2023-09-02,14:00:00,,4,,2025-05-22 16:58:50
4249,7,902,2025-03-27,14:00:00,,5,,2025-05-22 16:58:50
4250,9,426,2024-07-14,09:00:00,,,,2025-05-22 16:58:50
4251,11,545,2024-11-15,14:00:00,,,,2025-05-22 16:58:50
4252,3,682,2024-07-19,09:00:00,,,,2025-05-22 16:58:50
4253,8,557,2024-08-15,10:45:00,,4,活动组织得很好，环境舒适。,2025-05-22 16:58:50
4254,2,717,2024-05-03,16:15:00,,,部分展区很精彩，部分展区一般。,2025-05-22 16:58:50
4255,3,1001,2024-12-08,09:15:00,,4,活动组织得很好，环境舒适。,2025-05-22 16:58:50
4256,4,923,2024-09-10,09:30:00,,,,2025-05-22 16:58:50
4257,11,614,2024-04-03,09:45:00,,3,建议增加外语讲解服务。,2025-05-22 16:58:50
4258,7,116,2024-06-14,11:30:00,,3,,2025-05-22 16:58:50
4259,9,233,2024-08-21,11:30:00,23,5,展览内容非常丰富，很有教育意义。,2025-05-22 16:58:50
4260,5,893,2023-12-21,12:30:00,,4,,2025-05-22 16:58:50
4261,4,282,2024-03-27,15:30:00,,3,建议增加外语讲解服务。,2025-05-22 16:58:50
4262,3,283,2025-01-04,09:15:00,,5,讲解员专业知识丰富，讲解生动。,2025-05-22 16:58:50
4263,3,346,2024-12-07,12:00:00,,4,,2025-05-22 16:58:50
4264,3,485,2025-04-16,12:45:00,,3,,2025-05-22 16:58:50
4265,3,513,2025-04-26,16:00:00,,,,2025-05-22 16:58:50
4266,8,555,2023-06-04,16:15:00,,5,,2025-05-22 16:58:50
4267,9,77,2023-12-04,13:15:00,,5,很适合带孩子来参观学习。,2025-05-22 16:58:50
4268,4,418,2024-05-26,15:15:00,,,,2025-05-22 16:58:50
4269,8,659,2024-09-14,14:00:00,,3,,2025-05-22 16:58:50
4270,7,847,2023-06-23,10:15:00,,5,,2025-05-22 16:58:50
4271,2,343,2024-08-31,10:30:00,,3,,2025-05-22 16:58:50
4272,7,949,2023-12-02,10:15:00,,,,2025-05-22 16:58:50
4273,2,37,2024-10-14,11:45:00,,,,2025-05-22 16:58:50
4274,1,651,2024-03-09,15:00:00,,4,,2025-05-22 16:58:50
4275,11,447,2025-01-02,13:15:00,,4,,2025-05-22 16:58:50
4276,4,434,2023-09-02,14:30:00,,,停车不太方便。,2025-05-22 16:58:50
4277,8,63,2024-05-14,15:45:00,,,,2025-05-22 16:58:50
4278,7,797,2023-06-19,10:30:00,,3,,2025-05-22 16:58:50
4279,11,498,2025-03-27,10:30:00,,,,2025-05-22 16:58:50
4280,3,241,2023-07-30,12:30:00,,,,2025-05-22 16:58:50
4281,5,941,2025-02-24,12:00:00,,3,停车不太方便。,2025-05-22 16:58:50
4282,1,589,2024-02-15,10:45:00,,4,,2025-05-22 16:58:50
4283,2,497,2024-03-19,16:30:00,,5,交通便利，设施完善。,2025-05-22 16:58:50
4284,9,352,2023-06-18,16:30:00,,,,2025-05-22 16:58:50
4285,1,215,2025-04-02,11:45:00,,,,2025-05-22 16:58:50
4286,11,823,2025-03-28,10:15:00,,3,,2025-05-22 16:58:50
4287,8,864,2025-05-06,10:15:00,,5,,2025-05-22 16:58:50
4288,5,177,2024-08-11,16:30:00,,,,2025-05-22 16:58:50
4289,8,602,2025-02-01,13:15:00,,3,,2025-05-22 16:58:50
4290,7,520,2024-04-20,12:00:00,,3,停车不太方便。,2025-05-22 16:58:50
4291,5,815,2025-05-03,09:45:00,,4,,2025-05-22 16:58:50
4292,2,5,2024-09-21,15:15:00,,,,2025-05-22 16:58:50
4293,11,164,2024-05-30,12:30:00,,3,,2025-05-22 16:58:50
4294,2,8,2025-01-10,12:30:00,,3,,2025-05-22 16:58:50
4295,3,683,2024-12-16,16:00:00,,4,,2025-05-22 16:58:50
4296,6,413,2024-08-10,13:30:00,,,,2025-05-22 16:58:50
4297,4,983,2023-11-25,14:45:00,,4,,2025-05-22 16:58:50
4298,8,71,2025-01-06,11:30:00,,3,,2025-05-22 16:58:50
4299,6,161,2024-02-06,15:00:00,,4,,2025-05-22 16:58:50
4300,8,577,2024-01-20,10:30:00,,5,活动组织得很好，环境舒适。,2025-05-22 16:58:50
4301,2,585,2024-01-09,14:30:00,,,,2025-05-22 16:58:50
4302,10,610,2024-07-10,13:30:00,,5,,2025-05-22 16:58:50
4303,11,838,2025-02-25,14:00:00,,3,,2025-05-22 16:58:50
4304,9,873,2024-02-27,12:15:00,,,,2025-05-22 16:58:50
4305,2,671,2025-04-07,13:15:00,,3,,2025-05-22 16:58:50
4306,8,800,2023-11-27,16:30:00,,,,2025-05-22 16:58:50
4307,9,173,2024-11-07,11:30:00,,,,2025-05-22 16:58:50
4308,8,650,2024-06-29,13:00:00,,3,,2025-05-22 16:58:50
4309,5,930,2025-05-05,16:00:00,,,,2025-05-22 16:58:50
4310,10,325,2024-01-11,14:00:00,,,,2025-05-22 16:58:50
4311,11,620,2024-05-17,12:00:00,,3,,2025-05-22 16:58:50
4312,3,199,2025-04-06,09:30:00,,,,2025-05-22 16:58:50
4313,6,1,2024-04-24,12:30:00,,,,2025-05-22 16:58:50
4314,6,541,2024-06-05,14:30:00,,5,,2025-05-22 16:58:50
4315,1,351,2023-10-04,15:45:00,,3,,2025-05-22 16:58:50
4316,2,923,2024-10-29,15:15:00,,4,,2025-05-22 16:58:50
4317,2,440,2024-10-09,11:45:00,,,,2025-05-22 16:58:50
4318,5,765,2024-02-11,09:00:00,,,,2025-05-22 16:58:50
4319,2,200,2024-08-13,11:15:00,,3,,2025-05-22 16:58:50
4320,7,469,2025-01-05,13:30:00,,5,交通便利，设施完善。,2025-05-22 16:58:50
4321,1,778,2023-09-10,16:00:00,,4,,2025-05-22 16:58:50
4322,11,620,2024-06-11,14:15:00,,5,交通便利，设施完善。,2025-05-22 16:58:50
4323,2,937,2024-06-27,14:15:00,,5,,2025-05-22 16:58:50
4324,6,8,2025-03-18,14:30:00,,4,,2025-05-22 16:58:50
4325,7,826,2024-11-01,14:45:00,,4,,2025-05-22 16:58:50
4326,7,144,2025-02-07,12:45:00,,,建议增加外语讲解服务。,2025-05-22 16:58:50
4327,2,625,2024-09-06,12:15:00,,5,,2025-05-22 16:58:50
4328,2,540,2025-05-08,14:00:00,,5,,2025-05-22 16:58:50
4329,4,887,2023-09-04,10:30:00,,3,,2025-05-22 16:58:50
4330,3,980,2023-12-12,16:00:00,,5,,2025-05-22 16:58:50
4331,11,625,2025-05-22,11:45:00,,5,,2025-05-22 16:58:50
4332,5,567,2025-03-02,12:00:00,,,部分展区很精彩，部分展区一般。,2025-05-22 16:58:50
4333,4,252,2025-01-13,14:30:00,,4,,2025-05-22 16:58:50
4334,6,34,2025-05-14,14:30:00,,,整体还不错，但有提升空间。,2025-05-22 16:58:50
4335,6,375,2025-04-23,14:15:00,,3,停车不太方便。,2025-05-22 16:58:50
4336,6,743,2025-04-19,15:15:00,,,,2025-05-22 16:58:50
4337,11,445,2023-10-23,09:00:00,,4,,2025-05-22 16:58:50
4338,3,75,2024-12-14,09:45:00,,4,,2025-05-22 16:58:50
4339,1,66,2024-10-05,15:00:00,,,,2025-05-22 16:58:50
4340,3,875,2024-07-17,10:30:00,,4,,2025-05-22 16:58:50
4341,1,93,2024-08-16,15:15:00,,,,2025-05-22 16:58:50
4342,5,825,2023-08-30,15:15:00,,3,,2025-05-22 16:58:50
4343,2,838,2024-12-30,12:00:00,,5,,2025-05-22 16:58:50
4344,6,215,2023-08-04,14:00:00,,4,活动组织得很好，环境舒适。,2025-05-22 16:58:50
4345,8,981,2023-07-23,14:45:00,,,,2025-05-22 16:58:50
4346,3,593,2024-12-30,15:00:00,,,,2025-05-22 16:58:50
4347,3,540,2025-05-20,13:45:00,,,,2025-05-22 16:58:50
4348,11,106,2024-01-05,15:45:00,,4,,2025-05-22 16:58:50
4349,6,465,2023-06-01,10:00:00,,,,2025-05-22 16:58:50
4350,1,708,2023-06-05,10:45:00,,5,,2025-05-22 16:58:50
4351,9,856,2024-07-13,16:15:00,23,5,,2025-05-22 16:58:50
4352,5,187,2023-12-05,10:15:00,,5,,2025-05-22 16:58:50
4353,11,127,2024-09-23,11:45:00,,5,活动组织得很好，环境舒适。,2025-05-22 16:58:50
4354,2,645,2023-06-21,11:45:00,,,,2025-05-22 16:58:50
4355,1,496,2025-05-08,11:15:00,,4,,2025-05-22 16:58:50
4356,3,84,2025-04-21,15:45:00,,,,2025-05-22 16:58:50
4357,8,288,2024-11-19,15:00:00,,3,,2025-05-22 16:58:50
4358,5,93,2025-03-29,16:00:00,,,希望能增加互动性的展品。,2025-05-22 16:58:50
4359,6,689,2024-06-04,14:30:00,,,,2025-05-22 16:58:50
4360,3,631,2024-10-04,14:00:00,,,,2025-05-22 16:58:50
4361,4,96,2025-01-27,15:30:00,,,,2025-05-22 16:58:50
4362,5,457,2024-10-03,11:00:00,,4,,2025-05-22 16:58:50
4363,8,838,2024-12-29,09:15:00,,3,,2025-05-22 16:58:50
4364,7,989,2024-07-03,14:15:00,,4,,2025-05-22 16:58:50
4365,9,455,2023-08-18,14:30:00,,4,,2025-05-22 16:58:50
4366,1,925,2025-02-26,10:45:00,,4,,2025-05-22 16:58:50
4367,1,666,2024-05-25,11:00:00,,,停车不太方便。,2025-05-22 16:58:50
4368,1,594,2024-01-24,11:00:00,,5,,2025-05-22 16:58:50
4369,6,452,2024-12-28,11:15:00,,5,,2025-05-22 16:58:50
4370,4,308,2025-05-22,13:30:00,,4,,2025-05-22 16:58:50
4371,6,19,2025-01-28,09:30:00,,3,,2025-05-22 16:58:50
4372,5,994,2023-06-02,11:15:00,,,整体还不错，但有提升空间。,2025-05-22 16:58:50
4373,4,115,2023-11-10,09:30:00,,,,2025-05-22 16:58:50
4374,10,218,2024-05-28,12:45:00,,,,2025-05-22 16:58:50
4375,5,946,2025-05-17,14:45:00,,4,,2025-05-22 16:58:50
4376,6,863,2024-07-03,09:00:00,29,,,2025-05-22 16:58:50
4377,1,386,2025-04-28,09:30:00,,,,2025-05-22 16:58:50
4378,3,616,2024-08-12,16:00:00,,3,,2025-05-22 16:58:50
4379,4,848,2025-01-15,16:45:00,,,,2025-05-22 16:58:50
4380,8,236,2024-05-25,14:15:00,,3,希望能增加互动性的展品。,2025-05-22 16:58:50
4381,1,533,2024-12-22,10:15:00,,,,2025-05-22 16:58:50
4382,9,308,2024-11-04,16:00:00,,3,,2025-05-22 16:58:50
4383,9,5,2023-12-05,12:30:00,,5,,2025-05-22 16:58:50
4384,2,43,2024-10-12,15:30:00,,4,,2025-05-22 16:58:50
4385,7,672,2024-04-25,15:15:00,,3,,2025-05-22 16:58:50
4386,8,149,2024-07-20,10:45:00,,,,2025-05-22 16:58:50
4387,9,266,2024-07-07,14:15:00,23,,,2025-05-22 16:58:50
4388,9,313,2024-09-26,15:00:00,23,5,,2025-05-22 16:58:50
4389,5,903,2025-03-31,13:00:00,,,,2025-05-22 16:58:50
4390,3,399,2023-08-25,15:30:00,,,,2025-05-22 16:58:50
4391,10,972,2024-10-30,11:00:00,,3,部分展区很精彩，部分展区一般。,2025-05-22 16:58:50
4392,3,841,2025-02-27,15:30:00,,,,2025-05-22 16:58:50
4393,9,378,2024-07-27,13:00:00,23,,,2025-05-22 16:58:50
4394,8,700,2025-04-01,16:00:00,,,,2025-05-22 16:58:50
4395,7,614,2024-12-05,15:15:00,,,,2025-05-22 16:58:50
4396,5,737,2024-04-20,15:15:00,,5,,2025-05-22 16:58:50
4397,6,758,2025-04-03,15:15:00,,,,2025-05-22 16:58:50
4398,5,708,2024-10-14,09:15:00,,3,部分展区很精彩，部分展区一般。,2025-05-22 16:58:50
4399,5,520,2025-01-22,13:00:00,,5,,2025-05-22 16:58:50
4400,6,830,2024-08-06,14:00:00,29,5,,2025-05-22 16:58:50
4401,3,331,2025-03-20,14:00:00,,,,2025-05-22 16:58:50
4402,2,862,2025-04-29,14:15:00,,5,,2025-05-22 16:58:50
4403,4,483,2024-08-22,10:45:00,,,建议增加外语讲解服务。,2025-05-22 16:58:50
4404,9,505,2023-12-27,12:30:00,,5,很适合带孩子来参观学习。,2025-05-22 16:58:50
4405,8,35,2023-06-19,16:00:00,,5,展览内容非常丰富，很有教育意义。,2025-05-22 16:58:50
4406,10,964,2024-07-08,09:15:00,,,,2025-05-22 16:58:50
4407,9,751,2023-09-16,11:30:00,,5,,2025-05-22 16:58:50
4408,3,903,2024-08-30,09:15:00,,3,,2025-05-22 16:58:50
4409,9,131,2025-02-04,10:00:00,,,,2025-05-22 16:58:50
4410,6,166,2024-04-22,13:45:00,,5,,2025-05-22 16:58:50
4411,10,268,2025-04-18,14:30:00,,,,2025-05-22 16:58:50
4412,8,575,2025-01-11,15:15:00,,4,,2025-05-22 16:58:50
4413,3,77,2025-01-09,10:00:00,,,,2025-05-22 16:58:50
4414,6,474,2024-01-31,09:45:00,,3,,2025-05-22 16:58:50
4415,4,745,2024-04-18,11:30:00,,4,讲解员专业知识丰富，讲解生动。,2025-05-22 16:58:50
4416,4,347,2024-08-04,14:00:00,,4,,2025-05-22 16:58:50
4417,6,805,2024-12-14,13:45:00,,,,2025-05-22 16:58:50
4418,3,950,2024-09-06,15:30:00,,4,,2025-05-22 16:58:50
4419,6,393,2023-12-04,09:00:00,,4,,2025-05-22 16:58:50
4420,5,734,2023-11-22,13:30:00,,4,,2025-05-22 16:58:50
4421,7,849,2025-04-01,13:30:00,3,,整体还不错，但有提升空间。,2025-05-22 16:58:50
4422,11,677,2025-01-24,11:30:00,,,,2025-05-22 16:58:50
4423,4,460,2024-04-12,16:00:00,,,,2025-05-22 16:58:50
4424,3,944,2024-08-06,12:45:00,,3,,2025-05-22 16:58:50
4425,9,24,2023-08-31,12:45:00,,5,活动组织得很好，环境舒适。,2025-05-22 16:58:50
4426,4,486,2024-07-30,15:15:00,,4,,2025-05-22 16:58:50
4427,1,52,2024-08-02,15:00:00,,,停车不太方便。,2025-05-22 16:58:50
4428,3,544,2023-09-06,16:00:00,,4,,2025-05-22 16:58:50
4429,6,786,2023-06-18,09:30:00,,5,,2025-05-22 16:58:50
4430,9,385,2025-03-12,14:15:00,,,,2025-05-22 16:58:50
4431,8,374,2024-06-12,09:45:00,,4,展览内容非常丰富，很有教育意义。,2025-05-22 16:58:50
4432,10,908,2024-07-07,10:00:00,,,,2025-05-22 16:58:50
4433,11,309,2024-03-14,13:45:00,,3,整体还不错，但有提升空间。,2025-05-22 16:58:50
4434,7,866,2023-07-17,14:00:00,,5,,2025-05-22 16:58:50
4435,7,591,2024-02-21,13:30:00,,5,,2025-05-22 16:58:50
4436,1,892,2025-01-14,10:00:00,,,,2025-05-22 16:58:50
4437,11,349,2023-09-24,11:15:00,,3,建议增加外语讲解服务。,2025-05-22 16:58:50
4438,3,169,2024-03-14,12:00:00,,,,2025-05-22 16:58:50
4439,3,487,2024-12-18,14:45:00,,4,,2025-05-22 16:58:50
4440,4,37,2024-08-04,10:45:00,,3,,2025-05-22 16:58:50
4441,4,552,2024-11-10,11:30:00,,,,2025-05-22 16:58:50
4442,3,295,2025-04-25,10:45:00,,,,2025-05-22 16:58:50
4443,11,102,2023-11-08,10:15:00,,5,讲解员专业知识丰富，讲解生动。,2025-05-22 16:58:50
4444,8,774,2024-05-13,15:45:00,,,,2025-05-22 16:58:50
4445,1,202,2024-06-17,09:00:00,,,部分展区很精彩，部分展区一般。,2025-05-22 16:58:50
4446,2,183,2024-11-16,10:45:00,,,,2025-05-22 16:58:50
4447,4,903,2024-08-03,13:00:00,,4,,2025-05-22 16:58:50
4448,8,538,2025-03-10,09:45:00,,,,2025-05-22 16:58:50
4449,6,775,2025-01-29,13:15:00,,,,2025-05-22 16:58:50
4450,1,326,2023-11-04,14:00:00,,5,,2025-05-22 16:58:50
4451,2,830,2023-06-10,16:00:00,,5,,2025-05-22 16:58:50
4452,1,121,2024-04-05,13:15:00,,3,,2025-05-22 16:58:50
4453,7,800,2024-04-20,14:00:00,,,,2025-05-22 16:58:50
4454,3,905,2023-10-31,10:45:00,,3,,2025-05-22 16:58:50
4455,10,902,2024-09-20,09:00:00,,4,,2025-05-22 16:58:50
4456,5,805,2023-11-24,13:15:00,,,,2025-05-22 16:58:50
4457,5,133,2024-07-20,11:45:00,,,,2025-05-22 16:58:50
4458,5,684,2024-08-23,14:45:00,,4,,2025-05-22 16:58:50
4459,2,44,2024-11-06,11:30:00,,3,,2025-05-22 16:58:50
4460,2,840,2024-02-07,13:30:00,,,,2025-05-22 16:58:50
4461,5,662,2024-10-06,09:45:00,,4,,2025-05-22 16:58:50
4462,11,70,2025-02-15,12:30:00,,5,,2025-05-22 16:58:50
4463,1,896,2025-04-19,11:45:00,,4,,2025-05-22 16:58:50
4464,7,10,2023-09-14,12:15:00,,4,,2025-05-22 16:58:50
4465,6,66,2024-03-25,14:30:00,,,,2025-05-22 16:58:50
4466,1,370,2023-06-27,12:45:00,,4,,2025-05-22 16:58:50
4467,6,54,2025-05-22,13:30:00,,,,2025-05-22 16:58:50
4468,1,191,2025-04-23,12:15:00,,3,建议增加外语讲解服务。,2025-05-22 16:58:50
4469,8,342,2024-11-21,09:15:00,,3,,2025-05-22 16:58:50
4470,9,375,2024-02-25,13:45:00,,4,,2025-05-22 16:58:50
4471,5,678,2024-05-02,15:15:00,,,,2025-05-22 16:58:50
4472,10,771,2024-12-02,11:30:00,,3,,2025-05-22 16:58:50
4473,2,124,2024-12-23,12:30:00,,3,,2025-05-22 16:58:50
4474,5,701,2025-04-07,12:15:00,,3,,2025-05-22 16:58:50
4475,5,136,2025-03-20,09:30:00,,3,部分展区很精彩，部分展区一般。,2025-05-22 16:58:50
4476,4,586,2024-08-16,15:30:00,,3,,2025-05-22 16:58:50
4477,4,378,2025-02-02,13:45:00,49,,,2025-05-22 16:58:50
4478,9,706,2024-04-04,14:15:00,,,,2025-05-22 16:58:50
4479,3,880,2024-10-04,11:00:00,,5,很适合带孩子来参观学习。,2025-05-22 16:58:50
4480,9,352,2024-11-21,14:15:00,,,,2025-05-22 16:58:50
4481,6,767,2023-11-10,15:30:00,,3,停车不太方便。,2025-05-22 16:58:50
4482,5,884,2024-08-31,16:45:00,,,,2025-05-22 16:58:50
4483,7,840,2024-05-12,10:45:00,,4,,2025-05-22 16:58:50
4484,2,657,2024-03-12,14:45:00,,,希望能增加互动性的展品。,2025-05-22 16:58:50
4485,5,360,2024-08-16,15:30:00,,,,2025-05-22 16:58:50
4486,4,685,2023-12-03,12:45:00,,4,,2025-05-22 16:58:50
4487,7,20,2025-04-08,15:30:00,,,,2025-05-22 16:58:50
4488,6,770,2024-06-28,16:15:00,29,3,,2025-05-22 16:58:50
4489,5,20,2023-10-29,09:00:00,,3,,2025-05-22 16:58:50
4490,7,353,2023-12-06,14:00:00,,4,,2025-05-22 16:58:50
4491,8,772,2025-04-24,14:00:00,,,,2025-05-22 16:58:50
4492,2,994,2024-07-04,11:15:00,,,,2025-05-22 16:58:50
4493,7,350,2024-08-28,14:30:00,,5,,2025-05-22 16:58:50
4494,6,202,2024-03-23,15:45:00,,,整体还不错，但有提升空间。,2025-05-22 16:58:50
4495,8,537,2024-03-19,12:00:00,,4,,2025-05-22 16:58:50
4496,11,660,2024-09-09,13:30:00,,3,整体还不错，但有提升空间。,2025-05-22 16:58:50
4497,7,93,2023-07-09,11:00:00,,4,,2025-05-22 16:58:50
4498,11,235,2024-10-13,11:00:00,,,,2025-05-22 16:58:50
4499,4,667,2023-11-01,09:30:00,,5,,2025-05-22 16:58:50
4500,1,331,2023-10-19,12:45:00,,3,停车不太方便。,2025-05-22 16:58:50
4501,3,849,2024-09-11,10:15:00,,3,,2025-05-22 16:58:50
4502,3,743,2024-11-19,10:45:00,,,,2025-05-22 16:58:50
4503,6,273,2025-05-02,10:00:00,,,,2025-05-22 16:58:50
4504,7,549,2024-10-23,10:45:00,,5,,2025-05-22 16:58:50
4505,8,304,2024-01-22,13:30:00,,,,2025-05-22 16:58:50
4506,2,642,2024-11-13,12:45:00,,,,2025-05-22 16:58:50
4507,1,565,2025-01-10,12:45:00,,,,2025-05-22 16:58:50
4508,6,532,2023-07-19,10:30:00,,3,,2025-05-22 16:58:50
4509,8,355,2025-02-17,14:45:00,,5,,2025-05-22 16:58:50
4510,7,641,2023-06-05,16:00:00,,4,,2025-05-22 16:58:50
4511,10,40,2024-09-02,16:15:00,,,,2025-05-22 16:58:50
4512,3,168,2025-01-18,14:15:00,,4,活动组织得很好，环境舒适。,2025-05-22 16:58:50
4513,7,935,2024-10-30,16:30:00,,3,,2025-05-22 16:58:50
4514,5,684,2023-08-05,12:30:00,,5,,2025-05-22 16:58:50
4515,8,102,2024-04-21,12:15:00,,4,,2025-05-22 16:58:50
4516,10,2,2025-05-14,15:30:00,,,,2025-05-22 16:58:50
4517,2,133,2025-02-16,12:15:00,,,,2025-05-22 16:58:50
4518,2,707,2023-10-31,09:00:00,,,,2025-05-22 16:58:50
4519,5,264,2024-11-13,12:45:00,,,,2025-05-22 16:58:50
4520,7,389,2024-06-20,10:45:00,,,,2025-05-22 16:58:50
4521,5,40,2024-09-11,16:45:00,,,整体还不错，但有提升空间。,2025-05-22 16:58:50
4522,11,360,2023-05-28,09:15:00,,3,,2025-05-22 16:58:50
4523,2,377,2025-02-14,15:15:00,,,,2025-05-22 16:58:50
4524,3,625,2024-02-06,11:30:00,,5,,2025-05-22 16:58:50
4525,4,563,2025-05-09,11:30:00,,4,,2025-05-22 16:58:50
4526,6,927,2025-03-09,09:15:00,,5,,2025-05-22 16:58:50
4527,3,653,2024-09-23,09:00:00,,5,,2025-05-22 16:58:50
4528,7,476,2025-03-16,15:45:00,,,,2025-05-22 16:58:50
4529,4,933,2024-07-06,11:15:00,,5,,2025-05-22 16:58:50
4530,3,640,2025-03-14,14:30:00,,3,,2025-05-22 16:58:50
4531,6,94,2023-10-25,13:30:00,,,,2025-05-22 16:58:50
4532,8,726,2024-04-01,11:45:00,,,,2025-05-22 16:58:50
4533,9,253,2024-01-27,10:30:00,,,,2025-05-22 16:58:50
4534,7,246,2025-03-23,09:15:00,,5,,2025-05-22 16:58:50
4535,10,161,2025-05-19,13:00:00,,3,,2025-05-22 16:58:50
4536,2,48,2023-08-31,13:45:00,,5,,2025-05-22 16:58:50
4537,1,503,2023-11-05,16:30:00,,,,2025-05-22 16:58:50
4538,10,122,2024-11-14,10:45:00,,3,,2025-05-22 16:58:50
4539,10,903,2025-01-01,09:15:00,,,,2025-05-22 16:58:50
4540,3,442,2023-08-27,16:15:00,,5,,2025-05-22 16:58:50
4541,5,889,2024-10-21,11:30:00,,5,,2025-05-22 16:58:50
4542,1,290,2023-06-28,11:30:00,,,,2025-05-22 16:58:50
4543,1,162,2024-12-04,16:15:00,,4,,2025-05-22 16:58:50
4544,9,296,2025-05-08,09:30:00,,4,交通便利，设施完善。,2025-05-22 16:58:50
4545,5,683,2024-11-24,12:30:00,,3,,2025-05-22 16:58:50
4546,11,281,2024-03-27,09:00:00,,5,,2025-05-22 16:58:50
4547,6,952,2023-08-22,09:45:00,,4,,2025-05-22 16:58:50
4548,1,852,2024-09-13,15:15:00,,,,2025-05-22 16:58:50
4549,10,660,2025-03-14,09:00:00,,3,停车不太方便。,2025-05-22 16:58:50
4550,3,630,2023-08-07,15:45:00,,,,2025-05-22 16:58:50
4551,6,436,2025-04-21,12:15:00,,4,,2025-05-22 16:58:50
4552,8,586,2024-01-11,15:15:00,,4,很适合带孩子来参观学习。,2025-05-22 16:58:50
4553,8,102,2024-12-13,16:15:00,,3,,2025-05-22 16:58:50
4554,4,959,2024-01-21,13:00:00,,,部分展区很精彩，部分展区一般。,2025-05-22 16:58:50
4555,11,488,2025-03-25,12:45:00,,,,2025-05-22 16:58:50
4556,1,869,2023-09-28,16:30:00,,5,,2025-05-22 16:58:50
4557,1,310,2023-09-15,11:45:00,,3,,2025-05-22 16:58:50
4558,1,895,2024-12-10,09:15:00,,,,2025-05-22 16:58:50
4559,5,826,2024-07-25,09:15:00,,3,,2025-05-22 16:58:50
4560,1,544,2023-07-26,16:15:00,,,,2025-05-22 16:58:50
4561,2,577,2024-11-28,14:15:00,,,停车不太方便。,2025-05-22 16:58:50
4562,4,148,2023-12-01,15:00:00,,,停车不太方便。,2025-05-22 16:58:50
4563,10,791,2025-05-14,16:30:00,,4,讲解员专业知识丰富，讲解生动。,2025-05-22 16:58:50
4564,7,632,2025-05-13,13:45:00,,,,2025-05-22 16:58:50
4565,9,482,2024-09-08,13:30:00,23,4,,2025-05-22 16:58:50
4566,5,891,2023-12-04,16:15:00,,5,,2025-05-22 16:58:50
4567,6,238,2023-09-25,16:45:00,,,,2025-05-22 16:58:50
4568,4,332,2025-02-10,10:15:00,,3,,2025-05-22 16:58:50
4569,6,315,2025-03-01,10:45:00,,5,,2025-05-22 16:58:50
4570,2,791,2024-09-20,10:30:00,,5,,2025-05-22 16:58:50
4571,5,438,2024-11-24,11:30:00,,3,,2025-05-22 16:58:50
4572,7,968,2023-10-25,13:30:00,,,停车不太方便。,2025-05-22 16:58:50
4573,5,888,2024-01-09,13:00:00,,3,,2025-05-22 16:58:50
4574,3,261,2025-03-04,09:30:00,,5,,2025-05-22 16:58:50
4575,1,763,2025-04-10,14:30:00,,,,2025-05-22 16:58:50
4576,4,379,2025-02-02,11:15:00,49,,,2025-05-22 16:58:50
4577,7,354,2025-03-05,09:15:00,,,,2025-05-22 16:58:50
4578,7,91,2024-08-12,13:00:00,,,,2025-05-22 16:58:50
4579,9,726,2024-06-20,10:45:00,,4,,2025-05-22 16:58:50
4580,7,475,2025-04-04,14:00:00,,,,2025-05-22 16:58:50
4581,9,372,2023-07-01,09:15:00,,4,很适合带孩子来参观学习。,2025-05-22 16:58:50
4582,6,763,2024-02-02,14:45:00,,3,,2025-05-22 16:58:50
4583,3,903,2023-10-17,11:15:00,,4,,2025-05-22 16:58:50
4584,9,951,2024-11-21,15:30:00,,4,,2025-05-22 16:58:50
4585,3,489,2024-05-22,11:15:00,,,,2025-05-22 16:58:50
4586,6,515,2023-07-11,16:15:00,,4,,2025-05-22 16:58:50
4587,10,120,2024-08-31,11:45:00,,3,,2025-05-22 16:58:50
4588,4,534,2024-01-20,13:45:00,,3,建议增加外语讲解服务。,2025-05-22 16:58:50
4589,8,3,2024-11-28,09:30:00,,4,,2025-05-22 16:58:50
4590,10,616,2024-12-03,14:15:00,,3,,2025-05-22 16:58:50
4591,5,778,2024-04-07,11:00:00,,5,,2025-05-22 16:58:50
4592,5,277,2025-04-02,16:30:00,,4,,2025-05-22 16:58:50
4593,2,673,2024-12-09,13:15:00,,3,,2025-05-22 16:58:50
4594,6,143,2024-12-22,14:00:00,,,,2025-05-22 16:58:50
4595,3,842,2024-03-05,11:15:00,,5,,2025-05-22 16:58:50
4596,6,289,2023-11-26,13:00:00,,,,2025-05-22 16:58:50
4597,1,988,2024-09-30,14:30:00,,,,2025-05-22 16:58:50
4598,8,643,2024-11-02,12:45:00,37,,希望能增加互动性的展品。,2025-05-22 16:58:50
4599,8,895,2024-07-13,09:45:00,,4,,2025-05-22 16:58:50
4600,4,529,2024-09-02,10:30:00,,5,,2025-05-22 16:58:50
4601,9,924,2024-05-25,16:30:00,,,,2025-05-22 16:58:50
4602,2,568,2024-09-25,11:30:00,,4,,2025-05-22 16:58:50
4603,2,148,2024-12-18,10:45:00,,,,2025-05-22 16:58:50
4604,2,271,2023-07-19,16:15:00,,3,,2025-05-22 16:58:50
4605,5,844,2024-02-25,10:45:00,,,,2025-05-22 16:58:50
4606,6,260,2025-05-03,10:45:00,,3,,2025-05-22 16:58:50
4607,7,841,2024-02-26,13:30:00,,4,,2025-05-22 16:58:50
4608,6,173,2025-02-23,12:30:00,,3,,2025-05-22 16:58:50
4609,1,107,2024-05-24,14:00:00,,,部分展区很精彩，部分展区一般。,2025-05-22 16:58:50
4610,9,21,2024-06-30,12:00:00,23,5,,2025-05-22 16:58:50
4611,5,186,2024-02-14,14:30:00,,,,2025-05-22 16:58:50
4612,11,108,2025-01-15,15:45:00,,,整体还不错，但有提升空间。,2025-05-22 16:58:50
4613,7,604,2024-11-12,09:00:00,,,,2025-05-22 16:58:50
4614,3,525,2025-01-05,15:00:00,,5,,2025-05-22 16:58:50
4615,7,773,2024-02-01,14:00:00,,,,2025-05-22 16:58:50
4616,8,272,2025-01-22,13:15:00,,4,展览内容非常丰富，很有教育意义。,2025-05-22 16:58:50
4617,2,920,2024-03-24,13:30:00,,5,,2025-05-22 16:58:50
4618,11,873,2025-04-13,15:00:00,,4,,2025-05-22 16:58:50
4619,5,251,2025-04-26,10:15:00,,5,,2025-05-22 16:58:50
4620,7,627,2023-10-22,15:00:00,,5,交通便利，设施完善。,2025-05-22 16:58:50
4621,3,966,2023-07-29,16:15:00,,3,,2025-05-22 16:58:50
4622,7,163,2024-10-25,09:45:00,,3,,2025-05-22 16:58:50
4623,4,329,2024-10-16,16:15:00,,,建议增加外语讲解服务。,2025-05-22 16:58:50
4624,3,63,2024-11-19,09:30:00,,,,2025-05-22 16:58:50
4625,1,870,2025-03-21,11:30:00,,5,,2025-05-22 16:58:50
4626,1,192,2024-01-03,11:30:00,,,,2025-05-22 16:58:50
4627,8,365,2024-04-19,14:15:00,,4,讲解员专业知识丰富，讲解生动。,2025-05-22 16:58:50
4628,7,372,2024-10-12,13:45:00,,,整体还不错，但有提升空间。,2025-05-22 16:58:50
4629,1,30,2024-08-29,10:00:00,,,,2025-05-22 16:58:50
4630,9,856,2024-10-04,14:45:00,,4,,2025-05-22 16:58:50
4631,4,504,2024-03-25,10:15:00,,5,,2025-05-22 16:58:50
4632,5,234,2024-11-28,12:45:00,,4,,2025-05-22 16:58:50
4633,1,993,2024-08-08,10:30:00,,5,交通便利，设施完善。,2025-05-22 16:58:50
4634,5,323,2023-07-12,15:30:00,,,,2025-05-22 16:58:50
4635,4,694,2024-05-06,10:30:00,,4,,2025-05-22 16:58:50
4636,8,645,2024-01-26,11:45:00,,,,2025-05-22 16:58:50
4637,2,400,2024-12-13,12:15:00,,4,,2025-05-22 16:58:50
4638,3,584,2024-11-26,09:30:00,,,,2025-05-22 16:58:50
4639,5,415,2025-05-06,15:30:00,,3,,2025-05-22 16:58:50
4640,2,238,2023-06-16,10:45:00,,3,停车不太方便。,2025-05-22 16:58:50
4641,11,924,2025-02-18,09:45:00,,,希望能增加互动性的展品。,2025-05-22 16:58:50
4642,2,854,2024-06-17,10:30:00,,4,,2025-05-22 16:58:50
4643,7,327,2025-02-11,12:45:00,,,,2025-05-22 16:58:50
4644,1,496,2023-06-07,14:30:00,,5,,2025-05-22 16:58:50
4645,8,258,2025-02-15,09:30:00,,,,2025-05-22 16:58:50
4646,6,888,2024-12-09,12:15:00,,,整体还不错，但有提升空间。,2025-05-22 16:58:50
4647,2,603,2025-02-16,09:30:00,,5,,2025-05-22 16:58:50
4648,6,330,2025-02-07,12:00:00,,,,2025-05-22 16:58:50
4649,5,302,2025-04-18,11:45:00,,,,2025-05-22 16:58:50
4650,2,565,2024-08-25,15:00:00,,,,2025-05-22 16:58:50
4651,11,324,2024-06-07,14:00:00,,5,,2025-05-22 16:58:50
4652,5,423,2025-03-20,13:00:00,,,整体还不错，但有提升空间。,2025-05-22 16:58:50
4653,8,215,2023-08-07,15:45:00,,4,,2025-05-22 16:58:50
4654,6,61,2025-03-06,11:00:00,,4,,2025-05-22 16:58:50
4655,3,423,2023-07-21,12:45:00,,5,,2025-05-22 16:58:50
4656,11,932,2025-01-14,16:00:00,,3,,2025-05-22 16:58:50
4657,1,799,2024-08-19,10:15:00,,,,2025-05-22 16:58:50
4658,7,635,2024-01-16,12:45:00,,,,2025-05-22 16:58:50
4659,10,936,2024-03-18,11:00:00,,3,,2025-05-22 16:58:50
4660,10,516,2024-05-30,13:30:00,,5,展览内容非常丰富，很有教育意义。,2025-05-22 16:58:50
4661,2,492,2024-11-15,14:15:00,,3,,2025-05-22 16:58:50
4662,6,929,2024-06-03,15:30:00,29,,整体还不错，但有提升空间。,2025-05-22 16:58:50
4663,9,295,2024-06-19,15:00:00,,5,,2025-05-22 16:58:50
4664,10,258,2025-01-21,16:30:00,,,,2025-05-22 16:58:50
4665,9,741,2024-04-01,13:15:00,,,,2025-05-22 16:58:50
4666,9,17,2024-08-01,11:45:00,23,4,,2025-05-22 16:58:50
4667,9,68,2024-09-15,09:45:00,,,,2025-05-22 16:58:50
4668,10,196,2024-10-19,12:30:00,,3,部分展区很精彩，部分展区一般。,2025-05-22 16:58:50
4669,1,490,2023-06-30,12:00:00,,,建议增加外语讲解服务。,2025-05-22 16:58:50
4670,4,198,2025-02-09,10:15:00,,,,2025-05-22 16:58:50
4671,5,412,2024-10-29,09:15:00,,4,,2025-05-22 16:58:50
4672,11,549,2024-08-11,09:45:00,,,,2025-05-22 16:58:50
4673,3,762,2024-07-29,14:45:00,,5,展览内容非常丰富，很有教育意义。,2025-05-22 16:58:50
4674,11,660,2025-01-05,12:45:00,,4,,2025-05-22 16:58:50
4675,4,199,2024-01-20,15:45:00,,3,,2025-05-22 16:58:50
4676,1,570,2024-10-01,09:30:00,,,,2025-05-22 16:58:50
4677,7,150,2025-03-20,10:45:00,,5,交通便利，设施完善。,2025-05-22 16:58:50
4678,5,268,2024-04-23,09:15:00,,,,2025-05-22 16:58:50
4679,1,110,2023-12-11,14:30:00,,,,2025-05-22 16:58:50
4680,6,140,2023-09-21,13:00:00,,,希望能增加互动性的展品。,2025-05-22 16:58:50
4681,8,890,2023-05-24,16:00:00,,,停车不太方便。,2025-05-22 16:58:50
4682,3,865,2024-04-17,13:00:00,,,,2025-05-22 16:58:50
4683,7,987,2024-10-22,15:45:00,,4,,2025-05-22 16:58:50
4684,5,422,2024-09-17,14:15:00,,,整体还不错，但有提升空间。,2025-05-22 16:58:50
4685,9,782,2024-04-06,16:15:00,,,,2025-05-22 16:58:50
4686,2,565,2025-03-02,11:45:00,,,建议增加外语讲解服务。,2025-05-22 16:58:50
4687,9,936,2023-11-24,09:30:00,,3,,2025-05-22 16:58:50
4688,2,127,2024-06-04,10:00:00,,5,讲解员专业知识丰富，讲解生动。,2025-05-22 16:58:50
4689,6,162,2025-01-17,10:15:00,,4,,2025-05-22 16:58:50
4690,4,317,2024-07-24,15:15:00,,5,,2025-05-22 16:58:50
4691,6,550,2023-10-03,11:15:00,,3,建议增加外语讲解服务。,2025-05-22 16:58:50
4692,4,915,2024-05-06,11:15:00,,3,,2025-05-22 16:58:50
4693,7,15,2024-09-09,13:30:00,,,,2025-05-22 16:58:50
4694,7,8,2024-11-24,09:45:00,,3,,2025-05-22 16:58:50
4695,5,78,2024-09-27,15:45:00,,5,,2025-05-22 16:58:50
4696,11,169,2024-08-16,11:30:00,,,,2025-05-22 16:58:50
4697,2,717,2025-04-01,15:15:00,,5,,2025-05-22 16:58:50
4698,6,775,2024-07-15,09:45:00,29,,,2025-05-22 16:58:50
4699,9,629,2024-08-31,11:00:00,,,部分展区很精彩，部分展区一般。,2025-05-22 16:58:50
4700,7,977,2024-08-26,13:45:00,,,,2025-05-22 16:58:50
4701,1,62,2023-06-11,14:45:00,,5,,2025-05-22 16:58:50
4702,9,521,2024-04-13,13:15:00,,4,,2025-05-22 16:58:50
4703,8,975,2023-08-03,13:45:00,,4,,2025-05-22 16:58:50
4704,6,457,2024-03-26,16:00:00,,,,2025-05-22 16:58:50
4705,5,733,2024-10-17,12:30:00,,4,,2025-05-22 16:58:50
4706,2,498,2025-05-16,12:00:00,,,,2025-05-22 16:58:50
4707,4,876,2024-04-28,15:45:00,,4,,2025-05-22 16:58:50
4708,3,522,2024-12-15,16:30:00,,,停车不太方便。,2025-05-22 16:58:50
4709,6,83,2023-12-23,10:30:00,,,,2025-05-22 16:58:50
4710,9,933,2024-07-21,10:30:00,,,部分展区很精彩，部分展区一般。,2025-05-22 16:58:50
4711,4,908,2025-03-23,11:00:00,,,建议增加外语讲解服务。,2025-05-22 16:58:50
4712,8,570,2024-08-30,09:00:00,,3,,2025-05-22 16:58:50
4713,3,807,2023-09-08,13:00:00,,5,展览内容非常丰富，很有教育意义。,2025-05-22 16:58:50
4714,5,473,2024-05-04,12:45:00,,,,2025-05-22 16:58:50
4715,6,535,2024-10-20,10:00:00,,3,,2025-05-22 16:58:50
4716,3,293,2024-07-21,11:45:00,,4,,2025-05-22 16:58:50
4717,1,237,2025-05-11,10:30:00,,3,,2025-05-22 16:58:50
4718,1,511,2024-10-20,13:00:00,,,希望能增加互动性的展品。,2025-05-22 16:58:50
4719,7,873,2023-06-08,10:15:00,,3,,2025-05-22 16:58:50
4720,2,234,2024-05-13,13:15:00,,3,,2025-05-22 16:58:50
4721,4,587,2025-05-05,13:45:00,,4,交通便利，设施完善。,2025-05-22 16:58:50
4722,11,473,2024-11-21,09:30:00,,,部分展区很精彩，部分展区一般。,2025-05-22 16:58:50
4723,3,406,2024-01-31,13:15:00,,5,,2025-05-22 16:58:50
4724,3,976,2023-10-19,13:15:00,,,,2025-05-22 16:58:50
4725,3,936,2023-08-15,11:00:00,,5,,2025-05-22 16:58:50
4726,3,309,2025-03-21,16:45:00,,5,,2025-05-22 16:58:50
4727,6,575,2024-03-10,11:45:00,,,,2025-05-22 16:58:50
4728,1,782,2023-08-25,13:30:00,,5,,2025-05-22 16:58:50
4729,1,210,2025-04-19,12:00:00,,3,,2025-05-22 16:58:50
4730,7,587,2024-10-22,13:30:00,,4,,2025-05-22 16:58:50
4731,6,905,2024-07-16,10:45:00,29,3,,2025-05-22 16:58:50
4732,9,971,2024-12-12,10:15:00,,3,,2025-05-22 16:58:50
4733,3,899,2024-04-10,14:30:00,,5,,2025-05-22 16:58:50
4734,2,505,2025-05-12,09:30:00,,,,2025-05-22 16:58:50
4735,2,211,2025-02-03,09:45:00,,,,2025-05-22 16:58:50
4736,11,457,2024-04-21,11:30:00,,4,,2025-05-22 16:58:50
4737,10,678,2025-05-02,16:30:00,,,希望能增加互动性的展品。,2025-05-22 16:58:50
4738,8,431,2023-08-03,15:15:00,,5,,2025-05-22 16:58:50
4739,4,829,2023-11-03,12:15:00,,4,,2025-05-22 16:58:50
4740,2,20,2023-12-25,11:00:00,,4,,2025-05-22 16:58:50
4741,2,966,2023-09-14,14:15:00,,,希望能增加互动性的展品。,2025-05-22 16:58:50
4742,7,346,2024-11-20,16:45:00,,,整体还不错，但有提升空间。,2025-05-22 16:58:50
4743,7,573,2023-06-11,10:30:00,,,,2025-05-22 16:58:50
4744,1,546,2025-02-27,10:30:00,,4,活动组织得很好，环境舒适。,2025-05-22 16:58:50
4745,6,187,2023-12-11,15:15:00,,4,,2025-05-22 16:58:50
4746,9,420,2024-01-18,12:30:00,,,,2025-05-22 16:58:50
4747,9,211,2024-08-21,11:00:00,,,希望能增加互动性的展品。,2025-05-22 16:58:50
4748,11,222,2024-08-13,09:45:00,,5,,2025-05-22 16:58:50
4749,3,824,2025-04-21,12:30:00,,,,2025-05-22 16:58:50
4750,2,265,2024-05-25,10:45:00,,5,讲解员专业知识丰富，讲解生动。,2025-05-22 16:58:50
4751,4,810,2024-08-16,14:45:00,,4,,2025-05-22 16:58:50
4752,6,922,2025-04-28,11:30:00,,,,2025-05-22 16:58:50
4753,5,610,2024-11-12,11:30:00,,,,2025-05-22 16:58:50
4754,1,681,2025-03-11,15:45:00,,,,2025-05-22 16:58:50
4755,5,741,2024-01-08,16:45:00,,,部分展区很精彩，部分展区一般。,2025-05-22 16:58:50
4756,3,485,2024-12-29,09:15:00,,3,,2025-05-22 16:58:50
4757,9,46,2024-11-19,15:15:00,,3,,2025-05-22 16:58:50
4758,4,49,2023-12-12,14:00:00,,,整体还不错，但有提升空间。,2025-05-22 16:58:50
4759,9,687,2024-08-20,10:45:00,,,,2025-05-22 16:58:50
4760,5,613,2025-03-09,09:45:00,,3,,2025-05-22 16:58:50
4761,5,400,2024-03-26,14:15:00,,,,2025-05-22 16:58:50
4762,11,13,2024-11-13,14:00:00,,4,,2025-05-22 16:58:50
4763,6,750,2024-12-13,10:00:00,,3,,2025-05-22 16:58:50
4764,2,806,2024-09-01,11:30:00,,5,,2025-05-22 16:58:50
4765,8,139,2024-10-17,09:15:00,,,,2025-05-22 16:58:50
4766,1,630,2025-01-06,11:30:00,,,,2025-05-22 16:58:50
4767,5,211,2024-08-08,16:30:00,,5,,2025-05-22 16:58:50
4768,5,117,2024-07-08,12:00:00,,3,,2025-05-22 16:58:50
4769,2,298,2024-04-19,16:00:00,,,,2025-05-22 16:58:50
4770,1,439,2025-02-09,14:15:00,,,,2025-05-22 16:58:50
4771,7,625,2024-11-18,10:45:00,,4,很适合带孩子来参观学习。,2025-05-22 16:58:50
4772,11,141,2023-12-14,15:30:00,,5,,2025-05-22 16:58:50
4773,8,121,2024-08-28,12:30:00,,5,,2025-05-22 16:58:50
4774,4,284,2025-03-04,11:30:00,49,5,,2025-05-22 16:58:50
4775,1,910,2024-06-01,12:45:00,,4,,2025-05-22 16:58:50
4776,8,935,2023-12-30,13:30:00,,4,交通便利，设施完善。,2025-05-22 16:58:50
4777,8,206,2024-03-31,10:15:00,,,整体还不错，但有提升空间。,2025-05-22 16:58:50
4778,3,429,2023-07-02,10:15:00,,3,,2025-05-22 16:58:50
4779,8,964,2024-05-30,10:00:00,,3,,2025-05-22 16:58:50
4780,6,445,2024-06-08,12:15:00,,,,2025-05-22 16:58:50
4781,1,943,2024-08-25,12:00:00,,,停车不太方便。,2025-05-22 16:58:50
4782,4,198,2024-11-06,10:00:00,,4,,2025-05-22 16:58:50
4783,4,825,2024-03-06,09:00:00,,3,,2025-05-22 16:58:50
4784,8,277,2024-02-19,15:15:00,,3,,2025-05-22 16:58:50
4785,5,38,2024-09-30,14:30:00,,,,2025-05-22 16:58:50
4786,3,521,2023-07-21,14:45:00,,,,2025-05-22 16:58:50
4787,3,389,2024-03-17,09:00:00,,5,,2025-05-22 16:58:50
4788,4,805,2024-11-08,10:15:00,,,,2025-05-22 16:58:50
4789,2,411,2023-11-28,15:30:00,,4,,2025-05-22 16:58:50
4790,10,469,2025-03-18,12:00:00,,4,,2025-05-22 16:58:50
4791,3,168,2024-03-31,14:45:00,,4,,2025-05-22 16:58:50
4792,7,470,2024-10-22,14:00:00,,,部分展区很精彩，部分展区一般。,2025-05-22 16:58:50
4793,3,993,2023-10-01,12:15:00,,5,,2025-05-22 16:58:50
4794,6,435,2025-01-18,16:45:00,,,,2025-05-22 16:58:50
4795,6,598,2024-02-19,10:00:00,,5,,2025-05-22 16:58:50
4796,5,378,2023-06-28,11:30:00,,,,2025-05-22 16:58:50
4797,2,952,2023-06-22,13:00:00,,,,2025-05-22 16:58:50
4798,3,726,2025-04-12,10:15:00,,,,2025-05-22 16:58:50
4799,3,741,2024-10-19,12:00:00,,5,交通便利，设施完善。,2025-05-22 16:58:50
4800,6,123,2024-08-31,14:00:00,,3,,2025-05-22 16:58:50
4801,9,356,2024-11-24,13:00:00,,4,,2025-05-22 16:58:50
4802,6,653,2024-04-15,14:15:00,,,,2025-05-22 16:58:50
4803,1,11,2025-03-26,10:45:00,,4,,2025-05-22 16:58:50
4804,8,592,2024-10-09,12:30:00,,,整体还不错，但有提升空间。,2025-05-22 16:58:50
4805,7,579,2024-08-20,09:15:00,,4,,2025-05-22 16:58:50
4806,8,276,2025-03-17,16:15:00,,3,,2025-05-22 16:58:50
4807,8,328,2025-05-19,14:00:00,,5,,2025-05-22 16:58:50
4808,9,549,2024-11-22,16:45:00,,3,,2025-05-22 16:58:50
4809,3,128,2024-11-24,14:45:00,,3,,2025-05-22 16:58:50
4810,8,185,2024-11-06,12:15:00,,4,,2025-05-22 16:58:50
4811,8,470,2024-09-20,11:15:00,,3,部分展区很精彩，部分展区一般。,2025-05-22 16:58:50
4812,10,383,2024-07-07,13:30:00,,,,2025-05-22 16:58:50
4813,8,319,2024-07-17,15:00:00,,,,2025-05-22 16:58:50
4814,11,6,2024-05-18,13:30:00,,,,2025-05-22 16:58:50
4815,1,331,2025-03-30,15:45:00,,,,2025-05-22 16:58:50
4816,8,792,2024-07-25,12:00:00,,,,2025-05-22 16:58:50
4817,3,116,2025-03-06,14:00:00,,,,2025-05-22 16:58:50
4818,6,227,2024-10-03,15:30:00,,4,,2025-05-22 16:58:50
4819,2,771,2025-05-17,15:45:00,,,,2025-05-22 16:58:50
4820,8,143,2024-03-17,10:00:00,,,,2025-05-22 16:58:50
4821,8,94,2023-08-22,09:30:00,,4,,2025-05-22 16:58:50
4822,7,51,2025-05-11,12:00:00,,5,,2025-05-22 16:58:50
4823,9,305,2025-04-13,16:15:00,,4,讲解员专业知识丰富，讲解生动。,2025-05-22 16:58:50
4824,7,607,2024-11-24,14:00:00,,5,交通便利，设施完善。,2025-05-22 16:58:50
4825,3,898,2025-04-07,12:00:00,,5,展览内容非常丰富，很有教育意义。,2025-05-22 16:58:50
4826,11,968,2025-03-24,10:45:00,,3,,2025-05-22 16:58:50
4827,4,410,2025-04-23,16:15:00,,3,,2025-05-22 16:58:50
4828,8,983,2025-03-05,12:30:00,,4,,2025-05-22 16:58:50
4829,7,380,2025-02-28,10:45:00,,5,,2025-05-22 16:58:50
4830,4,378,2024-07-13,14:45:00,,,,2025-05-22 16:58:50
4831,4,995,2024-06-09,16:00:00,,,,2025-05-22 16:58:50
4832,6,657,2025-03-16,15:15:00,,,,2025-05-22 16:58:50
4833,1,540,2024-01-06,09:30:00,,4,,2025-05-22 16:58:50
4834,11,543,2024-04-06,14:30:00,,5,,2025-05-22 16:58:50
4835,1,30,2025-05-22,09:15:00,,,,2025-05-22 16:58:50
4836,6,485,2024-07-05,14:45:00,29,4,,2025-05-22 16:58:50
4837,8,596,2024-07-23,12:00:00,,5,,2025-05-22 16:58:50
4838,5,417,2024-02-26,11:45:00,,,,2025-05-22 16:58:50
4839,7,758,2023-10-24,09:30:00,,,部分展区很精彩，部分展区一般。,2025-05-22 16:58:50
4840,1,910,2023-12-08,11:45:00,,,,2025-05-22 16:58:50
4841,2,755,2024-06-05,16:00:00,,4,,2025-05-22 16:58:50
4842,3,961,2024-11-13,09:30:00,,4,,2025-05-22 16:58:50
4843,6,273,2024-09-18,10:15:00,,,,2025-05-22 16:58:50
4844,10,649,2024-12-06,12:45:00,,3,部分展区很精彩，部分展区一般。,2025-05-22 16:58:50
4845,2,751,2024-11-03,13:45:00,,3,,2025-05-22 16:58:50
4846,6,228,2024-05-04,10:00:00,,3,,2025-05-22 16:58:50
4847,9,674,2024-03-19,14:45:00,,5,,2025-05-22 16:58:50
4848,2,344,2024-11-26,12:15:00,,,整体还不错，但有提升空间。,2025-05-22 16:58:50
4849,8,983,2024-08-16,10:15:00,39,,,2025-05-22 16:58:50
4850,11,673,2024-09-30,10:30:00,,4,,2025-05-22 16:58:50
4851,9,396,2024-07-01,13:00:00,23,4,,2025-05-22 16:58:50
4852,10,255,2025-01-02,13:30:00,,4,,2025-05-22 16:58:50
4853,2,451,2023-10-20,12:30:00,,4,活动组织得很好，环境舒适。,2025-05-22 16:58:50
4854,2,48,2024-11-22,12:15:00,,3,,2025-05-22 16:58:50
4855,3,825,2023-08-21,15:15:00,,4,,2025-05-22 16:58:50
4856,7,385,2024-12-04,09:00:00,,5,,2025-05-22 16:58:50
4857,1,40,2024-09-27,11:15:00,,5,,2025-05-22 16:58:50
4858,2,441,2024-09-28,10:15:00,,,,2025-05-22 16:58:50
4859,6,982,2025-04-15,16:00:00,,3,,2025-05-22 16:58:50
4860,1,392,2024-03-17,09:00:00,,,,2025-05-22 16:58:50
4861,5,111,2023-08-26,11:45:00,,5,,2025-05-22 16:58:50
4862,8,443,2024-12-15,13:15:00,,,希望能增加互动性的展品。,2025-05-22 16:58:50
4863,10,511,2024-12-19,13:30:00,,,,2025-05-22 16:58:50
4864,9,18,2024-09-08,11:00:00,23,5,,2025-05-22 16:58:50
4865,9,978,2024-09-13,16:00:00,23,,,2025-05-22 16:58:50
4866,2,487,2024-03-24,10:15:00,,4,,2025-05-22 16:58:50
4867,10,459,2023-06-28,16:45:00,,5,,2025-05-22 16:58:50
4868,7,122,2023-07-07,16:15:00,,,整体还不错，但有提升空间。,2025-05-22 16:58:50
4869,7,552,2024-02-26,10:00:00,,,,2025-05-22 16:58:50
4870,1,107,2023-07-10,14:30:00,,4,展览内容非常丰富，很有教育意义。,2025-05-22 16:58:50
4871,1,237,2023-11-16,09:30:00,,,部分展区很精彩，部分展区一般。,2025-05-22 16:58:50
4872,6,360,2024-05-03,13:15:00,,5,,2025-05-22 16:58:50
4873,11,880,2023-07-13,13:45:00,,3,,2025-05-22 16:58:50
4874,4,798,2025-05-13,11:30:00,,5,,2025-05-22 16:58:50
4875,3,482,2024-12-31,09:00:00,,,,2025-05-22 16:58:50
4876,5,983,2023-09-13,09:00:00,,,,2025-05-22 16:58:50
4877,3,293,2025-03-17,16:15:00,,,,2025-05-22 16:58:50
4878,10,783,2025-02-01,15:15:00,,,,2025-05-22 16:58:50
4879,5,396,2023-10-28,12:45:00,,3,,2025-05-22 16:58:50
4880,1,583,2024-03-20,10:15:00,,3,,2025-05-22 16:58:50
4881,6,721,2025-04-08,09:30:00,,,,2025-05-22 16:58:50
4882,10,870,2025-01-14,13:45:00,,3,,2025-05-22 16:58:50
4883,9,289,2024-06-14,09:30:00,,5,,2025-05-22 16:58:50
4884,9,942,2024-11-01,10:30:00,,5,交通便利，设施完善。,2025-05-22 16:58:50
4885,2,106,2024-04-27,11:45:00,,4,,2025-05-22 16:58:50
4886,1,778,2025-02-19,16:45:00,,,希望能增加互动性的展品。,2025-05-22 16:58:50
4887,9,268,2023-10-05,09:30:00,,4,,2025-05-22 16:58:50
4888,2,809,2024-10-19,14:00:00,,,,2025-05-22 16:58:50
4889,6,156,2024-07-10,10:45:00,,4,,2025-05-22 16:58:50
4890,2,670,2023-12-19,09:15:00,,5,,2025-05-22 16:58:50
4891,6,353,2023-06-25,09:00:00,,5,,2025-05-22 16:58:50
4892,6,754,2023-12-01,10:00:00,,5,,2025-05-22 16:58:50
4893,9,33,2023-08-17,12:45:00,,3,,2025-05-22 16:58:50
4894,2,45,2024-11-26,10:30:00,,5,,2025-05-22 16:58:50
4895,7,659,2024-11-04,14:30:00,,,,2025-05-22 16:58:50
4896,2,238,2023-10-10,16:45:00,,4,,2025-05-22 16:58:50
4897,8,985,2024-06-29,12:00:00,,3,,2025-05-22 16:58:50
4898,4,319,2025-04-07,12:15:00,,4,,2025-05-22 16:58:50
4899,8,196,2024-11-14,11:15:00,,4,,2025-05-22 16:58:50
4900,3,986,2024-05-30,14:30:00,,,,2025-05-22 16:58:50
4901,6,829,2023-11-08,15:00:00,,,,2025-05-22 16:58:50
4902,3,617,2024-07-15,09:30:00,,,,2025-05-22 16:58:50
4903,11,222,2024-10-30,14:15:00,,,,2025-05-22 16:58:50
4904,6,59,2023-12-02,13:00:00,,,停车不太方便。,2025-05-22 16:58:50
4905,2,338,2024-02-16,11:15:00,,,,2025-05-22 16:58:50
4906,3,770,2023-07-09,10:30:00,,4,展览内容非常丰富，很有教育意义。,2025-05-22 16:58:50
4907,9,746,2025-04-18,16:30:00,,3,,2025-05-22 16:58:50
4908,7,935,2023-07-09,15:00:00,,3,,2025-05-22 16:58:50
4909,5,304,2025-01-22,14:00:00,,5,,2025-05-22 16:58:50
4910,11,83,2024-04-27,09:15:00,,,,2025-05-22 16:58:50
4911,8,566,2025-02-21,14:45:00,,,,2025-05-22 16:58:50
4912,1,300,2024-01-18,14:00:00,,3,,2025-05-22 16:58:50
4913,5,281,2024-02-07,10:45:00,,3,,2025-05-22 16:58:50
4914,1,922,2024-04-12,10:00:00,,4,,2025-05-22 16:58:50
4915,10,691,2025-04-05,14:30:00,,,,2025-05-22 16:58:50
4916,2,195,2025-03-09,14:30:00,,3,,2025-05-22 16:58:50
4917,8,134,2025-01-08,12:00:00,,5,,2025-05-22 16:58:50
4918,4,158,2024-11-04,12:45:00,,5,,2025-05-22 16:58:50
4919,9,114,2025-05-21,16:15:00,,3,,2025-05-22 16:58:50
4920,4,371,2025-03-06,11:00:00,,,,2025-05-22 16:58:50
4921,3,554,2023-12-11,09:30:00,,5,,2025-05-22 16:58:50
4922,2,632,2025-01-23,15:45:00,,5,展览内容非常丰富，很有教育意义。,2025-05-22 16:58:50
4923,1,446,2023-09-12,15:15:00,,,,2025-05-22 16:58:50
4924,6,299,2024-09-24,09:45:00,,5,,2025-05-22 16:58:50
4925,10,442,2023-06-12,10:45:00,,,,2025-05-22 16:58:50
4926,8,735,2023-09-11,09:15:00,,,,2025-05-22 16:58:50
4927,7,607,2025-04-08,15:00:00,,,,2025-05-22 16:58:50
4928,7,322,2023-12-13,10:30:00,,,,2025-05-22 16:58:50
4929,4,872,2023-09-16,11:00:00,,,,2025-05-22 16:58:50
4930,1,603,2025-04-01,14:15:00,,3,,2025-05-22 16:58:50
4931,1,45,2024-03-11,15:30:00,,3,,2025-05-22 16:58:50
4932,7,55,2024-02-15,09:00:00,,,停车不太方便。,2025-05-22 16:58:50
4933,4,158,2024-11-09,10:45:00,,,,2025-05-22 16:58:50
4934,9,221,2024-10-21,14:30:00,,5,,2025-05-22 16:58:50
4935,8,820,2024-10-17,12:45:00,37,3,建议增加外语讲解服务。,2025-05-22 16:58:50
4936,4,322,2024-08-09,13:00:00,,3,整体还不错，但有提升空间。,2025-05-22 16:58:50
4937,8,34,2023-12-26,09:00:00,,5,,2025-05-22 16:58:50
4938,8,689,2024-10-31,14:30:00,37,,,2025-05-22 16:58:50
4939,7,892,2025-01-02,16:15:00,,,,2025-05-22 16:58:50
4940,6,353,2024-02-01,09:00:00,,5,,2025-05-22 16:58:50
4941,5,632,2024-02-21,10:45:00,,,,2025-05-22 16:58:50
4942,2,566,2025-01-02,12:15:00,,5,,2025-05-22 16:58:50
4943,1,986,2024-01-15,09:15:00,,5,很适合带孩子来参观学习。,2025-05-22 16:58:50
4944,5,430,2025-05-11,10:00:00,,3,,2025-05-22 16:58:50
4945,3,796,2025-04-25,10:45:00,,4,,2025-05-22 16:58:50
4946,6,632,2023-11-04,13:30:00,,,,2025-05-22 16:58:50
4947,6,699,2024-12-31,16:15:00,,,,2025-05-22 16:58:50
4948,6,848,2024-12-21,12:30:00,,5,,2025-05-22 16:58:50
4949,3,831,2023-07-18,15:30:00,,4,,2025-05-22 16:58:50
4950,8,163,2024-11-20,13:30:00,,3,,2025-05-22 16:58:50
4951,5,356,2023-11-03,12:45:00,,4,,2025-05-22 16:58:50
4952,10,180,2024-01-03,10:45:00,,,,2025-05-22 16:58:50
4953,5,845,2024-09-15,10:15:00,,4,讲解员专业知识丰富，讲解生动。,2025-05-22 16:58:50
4954,4,994,2024-11-20,14:45:00,,3,,2025-05-22 16:58:50
4955,4,17,2025-05-04,14:45:00,,,,2025-05-22 16:58:50
4956,5,447,2024-04-12,14:45:00,,,,2025-05-22 16:58:50
4957,2,30,2025-05-10,15:30:00,,,,2025-05-22 16:58:50
4958,7,845,2023-08-03,12:15:00,,5,展览内容非常丰富，很有教育意义。,2025-05-22 16:58:50
4959,2,16,2025-05-05,13:30:00,,5,,2025-05-22 16:58:50
4960,6,507,2025-02-14,13:30:00,,3,,2025-05-22 16:58:50
4961,1,981,2025-05-07,10:30:00,,3,,2025-05-22 16:58:50
4962,5,906,2024-03-05,09:15:00,,4,,2025-05-22 16:58:50
4963,8,391,2025-05-05,15:30:00,,4,,2025-05-22 16:58:50
4964,7,537,2024-07-23,12:45:00,,3,希望能增加互动性的展品。,2025-05-22 16:58:50
4965,8,776,2025-01-10,10:45:00,,,,2025-05-22 16:58:50
4966,8,534,2025-04-15,14:30:00,,4,讲解员专业知识丰富，讲解生动。,2025-05-22 16:58:50
4967,9,401,2024-11-23,14:15:00,,3,建议增加外语讲解服务。,2025-05-22 16:58:50
4968,7,772,2025-05-19,13:45:00,,3,,2025-05-22 16:58:50
4969,3,475,2025-01-13,09:45:00,,,,2025-05-22 16:58:50
4970,1,35,2025-04-05,09:15:00,,3,,2025-05-22 16:58:50
4971,2,467,2024-12-03,10:00:00,,,,2025-05-22 16:58:50
4972,6,380,2025-01-15,11:45:00,,4,展览内容非常丰富，很有教育意义。,2025-05-22 16:58:50
4973,9,899,2023-10-18,14:45:00,,4,,2025-05-22 16:58:50
4974,3,109,2025-05-11,14:15:00,,5,,2025-05-22 16:58:50
4975,7,838,2024-06-09,13:30:00,,3,,2025-05-22 16:58:50
4976,7,281,2025-01-31,12:45:00,,5,,2025-05-22 16:58:50
4977,7,981,2024-11-22,14:00:00,,,,2025-05-22 16:58:50
4978,3,306,2023-08-29,11:30:00,,4,,2025-05-22 16:58:50
4979,4,884,2024-06-22,13:00:00,,3,,2025-05-22 16:58:50
4980,2,7,2024-02-16,13:45:00,,5,,2025-05-22 16:58:50
4981,11,22,2024-11-17,16:30:00,,4,,2025-05-22 16:58:50
4982,3,584,2024-11-27,13:30:00,,5,,2025-05-22 16:58:50
4983,3,7,2024-11-28,13:45:00,,,,2025-05-22 16:58:50
4984,11,613,2024-11-23,10:15:00,15,5,,2025-05-22 16:58:50
4985,4,455,2024-09-20,14:15:00,,3,,2025-05-22 16:58:50
4986,6,7,2024-09-24,15:45:00,,5,,2025-05-22 16:58:50
4987,2,589,2024-10-31,14:00:00,,5,,2025-05-22 16:58:50
4988,2,460,2024-12-28,10:30:00,43,5,,2025-05-22 16:58:50
4989,9,522,2025-04-13,15:45:00,,4,,2025-05-22 16:58:50
4990,6,702,2025-05-19,10:30:00,,3,,2025-05-22 16:58:50
4991,5,623,2024-07-06,13:45:00,,,,2025-05-22 16:58:50
4992,6,399,2025-02-16,12:00:00,,,部分展区很精彩，部分展区一般。,2025-05-22 16:58:50
4993,5,415,2023-12-22,11:45:00,,,停车不太方便。,2025-05-22 16:58:50
4994,8,572,2023-12-14,16:30:00,,3,,2025-05-22 16:58:50
4995,11,86,2024-08-09,12:15:00,,5,,2025-05-22 16:58:50
4996,7,681,2024-10-02,12:00:00,,3,,2025-05-22 16:58:50
4997,6,619,2025-04-08,10:15:00,,,停车不太方便。,2025-05-22 16:58:50
4998,4,51,2023-08-26,14:30:00,,,,2025-05-22 16:58:50
4999,2,166,2023-07-01,15:00:00,,4,讲解员专业知识丰富，讲解生动。,2025-05-22 16:58:50
5000,6,389,2025-02-24,14:30:00,,3,,2025-05-22 16:58:50
5001,3,826,2024-09-18,13:45:00,,3,整体还不错，但有提升空间。,2025-05-22 16:58:50
5002,11,683,2024-06-26,10:45:00,,,,2025-05-22 16:58:50
5003,10,750,2024-11-22,13:45:00,,,,2025-05-22 16:58:50
5004,2,274,2024-02-29,13:45:00,,5,,2025-05-22 16:58:50
5005,1,858,2024-09-27,15:30:00,,5,,2025-05-22 16:58:50
5006,9,751,2024-09-28,09:45:00,,3,,2025-05-22 16:58:50
5007,6,53,2025-02-03,11:15:00,,5,讲解员专业知识丰富，讲解生动。,2025-05-22 16:58:50
5008,5,667,2024-07-04,09:15:00,,5,展览内容非常丰富，很有教育意义。,2025-05-22 16:58:50
5009,8,41,2025-02-07,14:45:00,,3,,2025-05-22 16:58:50
5010,7,369,2025-01-17,14:30:00,,,,2025-05-22 16:58:50
5011,3,956,2024-03-18,09:30:00,,,,2025-05-22 16:58:50
5012,2,989,2023-11-02,15:45:00,,5,,2025-05-22 16:58:50
5013,3,384,2025-02-12,10:15:00,,5,,2025-05-22 16:58:50
5014,1,103,2024-06-29,15:45:00,,4,,2025-05-22 16:58:50
5015,1,279,2024-05-10,09:15:00,,4,,2025-05-22 16:58:50
5016,3,163,2024-06-21,15:30:00,,5,,2025-05-22 16:58:50
5017,1,90,2024-06-06,16:30:00,,,,2025-05-22 16:58:50
5018,4,425,2024-02-08,09:15:00,,5,,2025-05-22 16:58:50
5019,8,757,2025-02-11,10:15:00,,3,,2025-05-22 16:58:50
5020,2,903,2025-01-13,12:15:00,,,,2025-05-22 16:58:50
5021,2,103,2023-09-04,10:15:00,,5,,2025-05-22 16:58:50
5022,7,966,2024-06-21,11:30:00,,,,2025-05-22 16:58:50
5023,9,140,2024-02-12,15:45:00,,,,2025-05-22 16:58:50
5024,1,554,2024-01-15,13:15:00,,,,2025-05-22 16:58:50
5025,6,863,2025-05-13,13:15:00,,5,,2025-05-22 16:58:50
5026,7,258,2025-05-03,10:45:00,3,5,,2025-05-22 16:58:50
5027,6,693,2024-05-10,10:30:00,,,,2025-05-22 16:58:50
5028,4,526,2024-12-31,10:45:00,,4,,2025-05-22 16:58:50
5029,2,149,2023-12-13,16:30:00,,3,,2025-05-22 16:58:50
5030,1,288,2024-08-15,09:45:00,,,,2025-05-22 16:58:50
5031,5,259,2025-03-22,10:15:00,,5,,2025-05-22 16:58:50
5032,7,130,2025-05-19,14:00:00,,4,,2025-05-22 16:58:50
5033,7,372,2025-03-17,10:45:00,,5,,2025-05-22 16:58:50
5034,11,934,2024-10-24,13:00:00,,,,2025-05-22 16:58:50
5035,5,996,2024-06-02,13:45:00,,4,,2025-05-22 16:58:50
5036,1,89,2025-03-17,14:30:00,,,整体还不错，但有提升空间。,2025-05-22 16:58:50
5037,2,86,2023-09-15,12:00:00,,4,,2025-05-22 16:58:50
5038,5,327,2024-06-04,15:30:00,,5,,2025-05-22 16:58:50
5039,7,208,2025-03-27,14:45:00,,,,2025-05-22 16:58:50
5040,4,305,2024-09-08,12:00:00,,3,,2025-05-22 16:58:50
5041,5,103,2024-10-07,15:15:00,,3,希望能增加互动性的展品。,2025-05-22 16:58:50
5042,9,106,2024-08-29,16:45:00,,3,,2025-05-22 16:58:50
5043,9,375,2024-09-07,11:00:00,,,,2025-05-22 16:58:50
5044,8,322,2024-10-04,09:15:00,,4,,2025-05-22 16:58:50
5045,2,89,2025-02-22,11:15:00,,,,2025-05-22 16:58:50
5046,1,796,2024-12-29,16:15:00,,3,,2025-05-22 16:58:50
5047,5,592,2023-08-20,10:15:00,,3,,2025-05-22 16:58:50
5048,3,627,2024-01-11,12:45:00,,4,,2025-05-22 16:58:50
5049,6,902,2024-11-17,14:00:00,,3,,2025-05-22 16:58:50
5050,4,99,2024-10-27,16:15:00,,3,,2025-05-22 16:58:50
5051,4,857,2024-07-21,12:15:00,,,,2025-05-22 16:58:50
5052,3,855,2023-08-31,14:15:00,,5,,2025-05-22 16:58:50
5053,11,935,2025-04-17,11:30:00,11,,,2025-05-22 16:58:50
5054,3,897,2024-06-07,13:15:00,,4,,2025-05-22 16:58:50
5055,11,14,2024-08-22,12:15:00,,,建议增加外语讲解服务。,2025-05-22 16:58:50
5056,1,516,2025-02-02,11:00:00,,,建议增加外语讲解服务。,2025-05-22 16:58:50
5057,1,47,2023-10-17,16:30:00,,4,,2025-05-22 16:58:50
5058,10,158,2023-10-31,12:15:00,,5,,2025-05-22 16:58:50
5059,4,702,2023-07-05,12:45:00,,,,2025-05-22 16:58:50
5060,4,863,2024-09-12,09:30:00,,,,2025-05-22 16:58:50
5061,2,711,2024-11-15,14:00:00,,5,,2025-05-22 16:58:50
5062,10,750,2024-09-22,10:30:00,,,整体还不错，但有提升空间。,2025-05-22 16:58:50
5063,11,850,2023-06-15,14:00:00,,5,,2025-05-22 16:58:50
5064,2,408,2023-10-08,12:30:00,,4,,2025-05-22 16:58:50
5065,4,646,2024-09-21,15:15:00,,5,,2025-05-22 16:58:50
5066,8,57,2023-08-20,14:30:00,,5,,2025-05-22 16:58:50
5067,5,267,2023-11-13,12:15:00,,,建议增加外语讲解服务。,2025-05-22 16:58:50
5068,3,514,2025-05-07,12:15:00,,5,,2025-05-22 16:58:50
5069,5,664,2025-04-01,12:30:00,,5,,2025-05-22 16:58:50
5070,3,757,2023-11-11,09:45:00,,4,,2025-05-22 16:58:50
5071,9,192,2025-03-01,13:30:00,,4,,2025-05-22 16:58:50
5072,10,874,2024-07-21,11:00:00,,,,2025-05-22 16:58:50
5073,1,962,2024-11-23,11:15:00,,5,交通便利，设施完善。,2025-05-22 16:58:50
5074,7,862,2024-08-15,16:15:00,,,建议增加外语讲解服务。,2025-05-22 16:58:50
5075,4,767,2024-08-27,12:45:00,,3,,2025-05-22 16:58:50
5076,5,199,2023-08-03,10:30:00,,,,2025-05-22 16:58:50
5077,1,934,2024-09-05,16:45:00,,,,2025-05-22 16:58:50
5078,7,911,2024-09-06,14:45:00,,,,2025-05-22 16:58:50
5079,7,888,2025-03-15,11:45:00,,3,,2025-05-22 16:58:50
5080,2,506,2024-01-04,13:00:00,,,,2025-05-22 16:58:50
5081,1,958,2024-10-15,09:15:00,,5,,2025-05-22 16:58:50
5082,3,513,2024-06-19,10:45:00,,,,2025-05-22 16:58:50
5083,4,261,2024-02-01,12:15:00,,4,,2025-05-22 16:58:50
5084,7,244,2023-08-25,14:15:00,,4,,2025-05-22 16:58:50
5085,2,698,2024-12-17,11:30:00,,5,,2025-05-22 16:58:50
5086,2,308,2023-12-12,10:45:00,,3,,2025-05-22 16:58:50
5087,7,227,2024-12-21,16:45:00,,5,,2025-05-22 16:58:50
5088,2,54,2024-08-01,14:00:00,,4,,2025-05-22 16:58:50
5089,7,775,2024-06-17,10:45:00,,,,2025-05-22 16:58:50
5090,6,911,2023-10-31,14:15:00,,,,2025-05-22 16:58:50
5091,11,865,2024-06-27,15:00:00,,,,2025-05-22 16:58:50
5092,5,794,2024-08-23,12:45:00,,,,2025-05-22 16:58:50
5093,3,70,2024-08-09,12:15:00,,4,,2025-05-22 16:58:50
5094,1,82,2024-06-16,09:15:00,,5,,2025-05-22 16:58:50
5095,11,508,2024-11-06,13:00:00,,3,整体还不错，但有提升空间。,2025-05-22 16:58:50
5096,9,9,2024-02-29,14:45:00,,4,,2025-05-22 16:58:50
5097,8,305,2024-12-04,14:00:00,,5,,2025-05-22 16:58:50
5098,6,273,2024-07-01,10:45:00,,,建议增加外语讲解服务。,2025-05-22 16:58:50
5099,2,148,2025-04-08,12:15:00,,5,讲解员专业知识丰富，讲解生动。,2025-05-22 16:58:50
5100,9,144,2024-11-02,14:45:00,,,,2025-05-22 16:58:50
5101,9,997,2024-06-12,12:45:00,23,4,,2025-05-22 16:58:50
5102,8,841,2024-10-03,12:45:00,37,,建议增加外语讲解服务。,2025-05-22 16:58:50
5103,1,537,2025-02-01,16:00:00,,4,,2025-05-22 16:58:50
5104,1,13,2024-07-08,13:00:00,,3,,2025-05-22 16:58:50
5105,8,187,2025-05-08,13:00:00,,4,,2025-05-22 16:58:50
5106,8,417,2025-05-11,11:30:00,,,停车不太方便。,2025-05-22 16:58:50
5107,7,251,2024-06-26,12:45:00,,,,2025-05-22 16:58:50
5108,4,937,2024-11-10,16:45:00,49,,建议增加外语讲解服务。,2025-05-22 16:58:50
5109,9,554,2023-07-07,11:30:00,,,建议增加外语讲解服务。,2025-05-22 16:58:50
5110,2,512,2024-08-23,14:30:00,,5,,2025-05-22 16:58:50
5111,4,502,2024-06-15,14:00:00,,,,2025-05-22 16:58:50
5112,8,836,2025-01-13,10:30:00,,,,2025-05-22 16:58:50
5113,9,821,2024-11-09,16:30:00,,5,,2025-05-22 16:58:50
5114,1,583,2024-07-09,10:15:00,,3,停车不太方便。,2025-05-22 16:58:50
5115,3,321,2023-07-09,14:45:00,,3,整体还不错，但有提升空间。,2025-05-22 16:58:50
5116,9,90,2024-05-17,16:45:00,,,,2025-05-22 16:58:50
5117,2,557,2023-12-17,10:00:00,,,部分展区很精彩，部分展区一般。,2025-05-22 16:58:50
5118,8,804,2023-06-28,12:30:00,,3,整体还不错，但有提升空间。,2025-05-22 16:58:50
5119,3,462,2023-11-21,14:15:00,,,,2025-05-22 16:58:50
5120,3,899,2025-02-09,13:15:00,,4,交通便利，设施完善。,2025-05-22 16:58:50
5121,1,456,2024-08-31,12:45:00,,5,,2025-05-22 16:58:50
5122,5,828,2024-07-28,16:15:00,,3,,2025-05-22 16:58:50
5123,3,449,2024-09-22,09:30:00,,,,2025-05-22 16:58:50
5124,6,153,2023-06-09,16:15:00,,,希望能增加互动性的展品。,2025-05-22 16:58:50
5125,8,334,2023-06-10,16:45:00,,5,,2025-05-22 16:58:50
5126,3,149,2023-08-01,15:15:00,,,,2025-05-22 16:58:50
5127,4,145,2025-02-20,11:45:00,,3,,2025-05-22 16:58:50
5128,4,507,2025-02-08,12:30:00,,3,,2025-05-22 16:58:50
5129,2,257,2024-10-19,16:15:00,,4,,2025-05-22 16:58:50
5130,7,252,2024-12-25,09:45:00,,5,,2025-05-22 16:58:50
5131,7,261,2024-01-29,12:00:00,,,,2025-05-22 16:58:50
5132,2,197,2024-10-10,13:30:00,,,部分展区很精彩，部分展区一般。,2025-05-22 16:58:50
5133,3,264,2023-11-30,09:00:00,,3,,2025-05-22 16:58:50
5134,6,823,2024-01-17,10:15:00,,,部分展区很精彩，部分展区一般。,2025-05-22 16:58:50
5135,8,868,2025-05-07,12:45:00,,3,建议增加外语讲解服务。,2025-05-22 16:58:50
5136,9,724,2023-08-28,09:45:00,,,,2025-05-22 16:58:50
5137,4,28,2024-10-07,09:30:00,,,整体还不错，但有提升空间。,2025-05-22 16:58:50
5138,4,355,2023-06-01,09:15:00,,3,,2025-05-22 16:58:50
5139,4,354,2024-08-18,15:45:00,,5,,2025-05-22 16:58:50
5140,8,519,2024-06-02,15:15:00,,4,活动组织得很好，环境舒适。,2025-05-22 16:58:50
5141,5,741,2024-10-17,10:30:00,,4,,2025-05-22 16:58:50
5142,11,102,2025-05-22,16:30:00,,,停车不太方便。,2025-05-22 16:58:50
5143,3,694,2024-03-31,16:45:00,,4,,2025-05-22 16:58:50
5144,5,244,2025-03-05,16:45:00,,5,,2025-05-22 16:58:50
5145,3,490,2024-06-12,12:00:00,,,,2025-05-22 16:58:50
5146,8,777,2024-05-19,11:15:00,,,整体还不错，但有提升空间。,2025-05-22 16:58:50
5147,1,146,2023-07-17,09:15:00,,4,,2025-05-22 16:58:50
5148,2,44,2023-09-11,13:15:00,,4,,2025-05-22 16:58:50
5149,1,79,2024-11-23,14:00:00,33,3,停车不太方便。,2025-05-22 16:58:50
5150,1,514,2024-02-15,15:00:00,,,,2025-05-22 16:58:50
5151,7,806,2023-07-11,16:30:00,,,建议增加外语讲解服务。,2025-05-22 16:58:50
5152,1,181,2023-09-14,09:15:00,,,,2025-05-22 16:58:50
5153,1,127,2024-11-14,14:15:00,,,,2025-05-22 16:58:50
5154,2,684,2024-05-22,09:00:00,,3,,2025-05-22 16:58:50
5155,4,696,2024-06-09,16:30:00,,5,,2025-05-22 16:58:50
5156,1,908,2024-06-22,15:00:00,,5,,2025-05-22 16:58:50
5157,9,283,2024-08-25,15:00:00,,4,展览内容非常丰富，很有教育意义。,2025-05-22 16:58:50
5158,7,631,2025-04-06,10:30:00,,5,,2025-05-22 16:58:50
5159,1,982,2024-06-26,11:30:00,,5,,2025-05-22 16:58:50
5160,7,707,2025-01-01,11:45:00,,4,讲解员专业知识丰富，讲解生动。,2025-05-22 16:58:50
5161,3,712,2025-01-24,09:45:00,,,,2025-05-22 16:58:50
5162,7,9,2025-04-18,16:00:00,3,,,2025-05-22 16:58:50
5163,9,94,2024-03-28,14:30:00,,4,交通便利，设施完善。,2025-05-22 16:58:50
5164,1,344,2024-03-02,12:00:00,,5,,2025-05-22 16:58:50
5165,9,255,2023-06-09,14:00:00,,5,,2025-05-22 16:58:50
5166,1,462,2024-12-14,15:15:00,,5,,2025-05-22 16:58:50
5167,9,825,2025-02-07,10:00:00,,5,,2025-05-22 16:58:50
5168,7,204,2023-09-20,14:45:00,,4,讲解员专业知识丰富，讲解生动。,2025-05-22 16:58:50
5169,7,1,2023-09-17,15:15:00,,5,,2025-05-22 16:58:50
5170,6,871,2023-11-12,09:30:00,,3,,2025-05-22 16:58:50
5171,2,866,2025-01-04,15:30:00,,3,,2025-05-22 16:58:50
5172,3,732,2023-10-31,09:00:00,,,,2025-05-22 16:58:50
5173,3,263,2024-08-01,14:15:00,,5,,2025-05-22 16:58:50
5174,7,40,2024-12-09,09:30:00,,,,2025-05-22 16:58:50
5175,2,222,2025-01-09,11:00:00,,,,2025-05-22 16:58:50
5176,8,737,2023-06-22,14:00:00,,4,,2025-05-22 16:58:50
5177,5,607,2024-07-16,09:30:00,,5,,2025-05-22 16:58:50
5178,11,227,2024-03-06,11:30:00,,3,,2025-05-22 16:58:50
5179,11,246,2024-06-17,12:00:00,,,,2025-05-22 16:58:50
5180,11,813,2024-06-18,10:45:00,,5,,2025-05-22 16:58:50
5181,9,434,2023-06-14,15:00:00,,,,2025-05-22 16:58:50
5182,4,840,2023-08-29,09:45:00,,4,,2025-05-22 16:58:50
5183,2,809,2024-07-10,16:30:00,,3,,2025-05-22 16:58:50
5184,7,807,2023-05-28,14:15:00,,5,,2025-05-22 16:58:50
5185,8,676,2024-12-17,14:00:00,,4,,2025-05-22 16:58:50
5186,11,365,2023-08-11,10:30:00,,,,2025-05-22 16:58:50
5187,8,802,2023-09-20,14:00:00,,4,,2025-05-22 16:58:50
5188,11,527,2024-08-14,12:45:00,,3,,2025-05-22 16:58:50
5189,5,81,2023-08-21,16:45:00,,,整体还不错，但有提升空间。,2025-05-22 16:58:50
5190,1,300,2025-05-16,11:45:00,,5,,2025-05-22 16:58:50
5191,1,761,2025-04-02,10:45:00,,,,2025-05-22 16:58:50
5192,2,757,2025-02-14,16:45:00,,4,,2025-05-22 16:58:50
5193,1,522,2023-11-20,14:15:00,,,,2025-05-22 16:58:50
5194,7,861,2024-12-29,10:00:00,,,,2025-05-22 16:58:50
5195,2,954,2024-07-11,10:00:00,,4,,2025-05-22 16:58:50
5196,9,3,2025-05-20,13:30:00,,,,2025-05-22 16:58:50
5197,8,63,2024-12-01,14:00:00,,4,,2025-05-22 16:58:50
5198,10,269,2024-07-05,10:00:00,,,,2025-05-22 16:58:50
5199,4,645,2024-11-30,09:00:00,,,停车不太方便。,2025-05-22 16:58:50
5200,5,497,2024-06-01,14:15:00,,,,2025-05-22 16:58:50
5201,6,771,2024-05-25,15:15:00,,,,2025-05-22 16:58:50
5202,6,57,2024-12-08,12:45:00,,4,,2025-05-22 16:58:50
5203,3,607,2024-11-21,16:00:00,,,整体还不错，但有提升空间。,2025-05-22 16:58:50
5204,8,430,2023-12-16,11:30:00,,4,,2025-05-22 16:58:50
5205,9,205,2023-11-17,09:30:00,,5,,2025-05-22 16:58:50
5206,1,302,2024-11-30,16:45:00,,5,,2025-05-22 16:58:50
5207,3,541,2024-07-20,14:15:00,,,,2025-05-22 16:58:50
5208,6,606,2024-10-13,12:15:00,,4,,2025-05-22 16:58:50
5209,9,902,2023-09-02,12:15:00,,4,,2025-05-22 16:58:50
5210,4,804,2024-06-25,12:45:00,,,,2025-05-22 16:58:50
5211,3,100,2024-05-01,10:15:00,,3,,2025-05-22 16:58:50
5212,8,322,2024-11-07,11:15:00,,,,2025-05-22 16:58:50
5213,8,349,2024-10-05,09:30:00,39,,,2025-05-22 16:58:50
5214,7,149,2025-04-30,14:45:00,,,,2025-05-22 16:58:50
5215,8,899,2025-03-12,13:30:00,,4,,2025-05-22 16:58:50
5216,8,318,2025-03-12,15:45:00,,,,2025-05-22 16:58:50
5217,8,632,2024-06-20,12:45:00,,4,,2025-05-22 16:58:50
5218,5,912,2024-04-09,14:15:00,,3,,2025-05-22 16:58:50
5219,10,408,2024-12-24,13:45:00,,,,2025-05-22 16:58:50
5220,9,249,2024-03-08,15:45:00,,,,2025-05-22 16:58:50
5221,5,367,2023-09-21,13:45:00,,,,2025-05-22 16:58:50
5222,8,836,2024-05-01,15:00:00,,5,,2025-05-22 16:58:50
5223,6,531,2024-01-27,13:45:00,,3,,2025-05-22 16:58:50
5224,11,265,2024-02-27,16:45:00,,,,2025-05-22 16:58:50
5225,9,888,2025-03-29,12:00:00,,4,,2025-05-22 16:58:50
5226,8,941,2024-05-25,09:00:00,,4,活动组织得很好，环境舒适。,2025-05-22 16:58:50
5227,8,413,2024-07-14,15:15:00,,,,2025-05-22 16:58:50
5228,9,364,2024-07-05,11:00:00,,,,2025-05-22 16:58:50
5229,7,857,2025-04-12,13:00:00,,4,,2025-05-22 16:58:50
5230,1,524,2024-09-16,14:30:00,,,,2025-05-22 16:58:50
5231,3,74,2024-06-20,12:00:00,,,希望能增加互动性的展品。,2025-05-22 16:58:50
5232,2,521,2025-04-25,14:45:00,,3,,2025-05-22 16:58:50
5233,7,347,2024-10-30,10:00:00,,3,,2025-05-22 16:58:50
5234,5,801,2024-07-14,10:45:00,,4,,2025-05-22 16:58:50
5235,6,381,2024-12-18,10:30:00,,3,希望能增加互动性的展品。,2025-05-22 16:58:50
5236,4,27,2024-02-23,13:45:00,,,,2025-05-22 16:58:50
5237,3,499,2025-05-11,12:15:00,,,,2025-05-22 16:58:50
5238,2,603,2024-01-08,09:15:00,,4,,2025-05-22 16:58:50
5239,3,361,2025-02-19,16:30:00,,,,2025-05-22 16:58:50
5240,5,678,2024-11-12,13:00:00,,3,,2025-05-22 16:58:50
5241,1,351,2023-07-25,09:00:00,,4,,2025-05-22 16:58:50
5242,10,437,2024-06-26,13:15:00,,3,,2025-05-22 16:58:50
5243,1,859,2025-04-01,14:45:00,,4,,2025-05-22 16:58:50
5244,1,448,2024-08-13,09:00:00,,,,2025-05-22 16:58:50
5245,1,738,2023-09-16,10:15:00,,4,,2025-05-22 16:58:50
5246,2,356,2024-11-09,13:15:00,,3,,2025-05-22 16:58:50
5247,9,248,2024-08-08,15:00:00,,4,,2025-05-22 16:58:50
5248,7,629,2024-02-10,15:45:00,,4,,2025-05-22 16:58:50
5249,8,112,2024-09-03,09:45:00,,5,,2025-05-22 16:58:50
5250,2,108,2024-12-03,10:00:00,,5,,2025-05-22 16:58:50
5251,6,327,2025-02-21,14:15:00,,4,交通便利，设施完善。,2025-05-22 16:58:50
5252,7,725,2024-10-12,09:30:00,,,部分展区很精彩，部分展区一般。,2025-05-22 16:58:50
5253,8,645,2023-12-17,16:15:00,,5,,2025-05-22 16:58:50
5254,1,186,2025-04-28,10:00:00,,4,,2025-05-22 16:58:50
5255,10,327,2024-07-26,16:30:00,,3,,2025-05-22 16:58:50
5256,1,707,2025-05-14,11:15:00,,5,,2025-05-22 16:58:50
5257,9,427,2024-09-13,11:00:00,23,,,2025-05-22 16:58:50
5258,9,19,2024-08-02,09:15:00,,5,,2025-05-22 16:58:50
5259,6,311,2024-09-07,09:45:00,,4,,2025-05-22 16:58:50
5260,2,733,2023-10-30,11:15:00,,4,,2025-05-22 16:58:50
5261,4,684,2023-11-04,15:45:00,,5,,2025-05-22 16:58:50
5262,5,243,2023-06-13,11:15:00,,3,建议增加外语讲解服务。,2025-05-22 16:58:50
5263,7,966,2025-04-01,14:00:00,,3,,2025-05-22 16:58:50
5264,2,343,2024-12-28,12:45:00,43,,,2025-05-22 16:58:50
5265,7,607,2025-01-01,16:30:00,,,,2025-05-22 16:58:50
5266,2,856,2023-09-12,15:45:00,,,,2025-05-22 16:58:50
5267,4,363,2024-09-02,10:30:00,,5,展览内容非常丰富，很有教育意义。,2025-05-22 16:58:50
5268,10,16,2023-09-10,09:45:00,,5,,2025-05-22 16:58:50
5269,7,544,2024-09-29,13:00:00,,5,,2025-05-22 16:58:50
5270,2,269,2023-08-12,13:00:00,,3,,2025-05-22 16:58:50
5271,3,8,2023-10-23,11:15:00,,5,,2025-05-22 16:58:50
5272,11,844,2024-06-11,10:30:00,,5,,2025-05-22 16:58:50
5273,2,87,2024-08-02,12:45:00,,,,2025-05-22 16:58:50
5274,7,943,2024-10-22,13:30:00,,,,2025-05-22 16:58:50
5275,3,408,2023-10-31,11:30:00,,3,,2025-05-22 16:58:50
5276,10,801,2024-08-04,14:30:00,,3,,2025-05-22 16:58:50
5277,2,303,2024-06-29,15:30:00,,,希望能增加互动性的展品。,2025-05-22 16:58:50
5278,4,512,2024-02-05,13:00:00,,,,2025-05-22 16:58:50
5279,9,872,2024-09-04,09:00:00,,4,展览内容非常丰富，很有教育意义。,2025-05-22 16:58:50
5280,2,734,2023-12-05,09:30:00,,4,,2025-05-22 16:58:50
5281,2,231,2024-08-07,13:45:00,,5,展览内容非常丰富，很有教育意义。,2025-05-22 16:58:50
5282,7,999,2024-09-24,16:00:00,,,,2025-05-22 16:58:50
5283,6,616,2024-08-12,09:00:00,,,,2025-05-22 16:58:50
5284,8,259,2023-10-31,15:45:00,,3,,2025-05-22 16:58:50
5285,5,808,2024-01-16,15:30:00,,3,整体还不错，但有提升空间。,2025-05-22 16:58:50
5286,8,566,2023-06-13,13:30:00,,4,,2025-05-22 16:58:50
5287,7,848,2025-05-19,14:15:00,,,希望能增加互动性的展品。,2025-05-22 16:58:50
5288,11,881,2025-03-21,16:30:00,,,,2025-05-22 16:58:50
5289,1,415,2023-06-21,15:15:00,,4,,2025-05-22 16:58:50
5290,11,285,2024-11-26,10:15:00,,3,,2025-05-22 16:58:50
5291,2,513,2024-08-22,11:30:00,,,,2025-05-22 16:58:50
5292,4,764,2025-04-01,10:00:00,,4,活动组织得很好，环境舒适。,2025-05-22 16:58:50
5293,8,278,2023-10-02,11:45:00,,,,2025-05-22 16:58:50
5294,7,771,2024-11-30,11:00:00,,4,,2025-05-22 16:58:50
5295,3,620,2024-11-04,12:45:00,,5,,2025-05-22 16:58:50
5296,5,26,2024-07-29,13:45:00,,4,,2025-05-22 16:58:50
5297,2,134,2025-05-08,11:15:00,,5,,2025-05-22 16:58:50
5298,9,123,2025-04-14,11:00:00,,3,,2025-05-22 16:58:50
5299,9,505,2024-07-12,16:15:00,23,,,2025-05-22 16:58:50
5300,8,291,2023-06-02,12:15:00,,5,,2025-05-22 16:58:50
5301,3,882,2025-02-05,16:45:00,,4,,2025-05-22 16:58:50
5302,2,556,2025-04-27,12:00:00,,3,,2025-05-22 16:58:50
5303,2,659,2024-10-11,12:00:00,,,,2025-05-22 16:58:50
5304,2,29,2024-03-18,09:15:00,,,,2025-05-22 16:58:50
5305,6,434,2025-04-22,13:15:00,,5,,2025-05-22 16:58:50
5306,2,558,2024-09-10,16:30:00,,3,,2025-05-22 16:58:50
5307,5,556,2024-12-18,12:30:00,,4,,2025-05-22 16:58:50
5308,3,386,2025-03-17,16:30:00,,4,,2025-05-22 16:58:50
5309,9,48,2023-09-03,09:00:00,,5,,2025-05-22 16:58:50
5310,6,22,2024-04-20,09:30:00,,,,2025-05-22 16:58:50
5311,4,471,2025-02-11,09:00:00,49,,,2025-05-22 16:58:50
5312,6,511,2025-01-25,12:30:00,,,,2025-05-22 16:58:50
5313,6,973,2024-08-06,09:45:00,29,4,,2025-05-22 16:58:50
5314,7,457,2023-07-11,15:45:00,,5,,2025-05-22 16:58:50
5315,9,396,2025-02-13,14:00:00,,,,2025-05-22 16:58:50
5316,11,860,2023-10-24,12:15:00,,,,2025-05-22 16:58:50
5317,3,982,2024-12-10,13:45:00,,3,建议增加外语讲解服务。,2025-05-22 16:58:50
5318,7,828,2024-03-20,11:45:00,,,,2025-05-22 16:58:50
5319,4,582,2024-06-17,10:45:00,,,,2025-05-22 16:58:50
5320,6,579,2023-10-20,15:30:00,,,,2025-05-22 16:58:50
5321,1,127,2025-03-06,09:15:00,,5,讲解员专业知识丰富，讲解生动。,2025-05-22 16:58:50
5322,7,81,2023-09-14,14:00:00,,4,,2025-05-22 16:58:50
5323,7,272,2024-07-31,11:00:00,,4,,2025-05-22 16:58:50
5324,4,413,2025-02-01,16:15:00,,3,,2025-05-22 16:58:50
5325,11,220,2025-03-06,10:45:00,,5,交通便利，设施完善。,2025-05-22 16:58:50
5326,6,279,2024-12-28,10:30:00,,3,,2025-05-22 16:58:50
5327,9,407,2024-12-14,14:15:00,,,,2025-05-22 16:58:50
5328,2,27,2024-05-27,16:45:00,,4,,2025-05-22 16:58:50
5329,1,768,2024-11-01,16:30:00,,,,2025-05-22 16:58:50
5330,6,581,2025-02-27,16:00:00,,5,展览内容非常丰富，很有教育意义。,2025-05-22 16:58:50
5331,9,293,2024-08-13,16:15:00,,5,活动组织得很好，环境舒适。,2025-05-22 16:58:50
5332,1,858,2025-03-07,12:30:00,,3,部分展区很精彩，部分展区一般。,2025-05-22 16:58:50
5333,7,685,2024-12-23,16:45:00,,3,,2025-05-22 16:58:50
5334,4,325,2025-03-12,16:15:00,,,,2025-05-22 16:58:50
5335,9,965,2025-04-17,09:15:00,,,,2025-05-22 16:58:50
5336,6,779,2024-07-19,10:30:00,,4,,2025-05-22 16:58:50
5337,2,644,2025-01-11,14:30:00,,3,,2025-05-22 16:58:50
5338,7,816,2025-04-21,13:00:00,3,3,,2025-05-22 16:58:50
5339,9,98,2025-03-08,09:30:00,,5,,2025-05-22 16:58:50
5340,1,181,2025-03-15,15:15:00,,3,部分展区很精彩，部分展区一般。,2025-05-22 16:58:50
5341,9,249,2024-11-09,10:15:00,,,,2025-05-22 16:58:50
5342,11,114,2025-01-13,13:00:00,,,,2025-05-22 16:58:50
5343,2,294,2024-11-01,14:45:00,,,,2025-05-22 16:58:50
5344,6,312,2025-05-14,10:30:00,,3,,2025-05-22 16:58:50
5345,5,551,2024-11-05,09:45:00,,4,,2025-05-22 16:58:50
5346,4,512,2025-01-13,10:45:00,,,,2025-05-22 16:58:50
5347,10,414,2025-02-18,11:45:00,,3,,2025-05-22 16:58:50
5348,5,938,2024-10-15,12:15:00,,4,,2025-05-22 16:58:50
5349,6,683,2025-02-22,12:00:00,,3,,2025-05-22 16:58:50
5350,3,917,2024-10-01,15:30:00,,,,2025-05-22 16:58:50
5351,4,452,2025-02-14,12:30:00,,5,,2025-05-22 16:58:50
5352,5,863,2024-06-22,09:30:00,,4,,2025-05-22 16:58:50
5353,1,696,2024-09-08,14:15:00,,3,,2025-05-22 16:58:50
5354,7,633,2024-11-05,15:45:00,,3,希望能增加互动性的展品。,2025-05-22 16:58:50
5355,9,473,2023-12-21,15:15:00,,4,,2025-05-22 16:58:50
5356,8,238,2025-02-08,12:30:00,,5,讲解员专业知识丰富，讲解生动。,2025-05-22 16:58:50
5357,1,883,2024-03-20,13:15:00,,,停车不太方便。,2025-05-22 16:58:50
5358,1,578,2024-07-01,13:00:00,,5,,2025-05-22 16:58:50
5359,6,257,2024-08-09,10:00:00,,3,,2025-05-22 16:58:50
5360,6,369,2024-04-12,09:00:00,,,,2025-05-22 16:58:50
5361,2,683,2025-05-01,10:00:00,,3,,2025-05-22 16:58:50
5362,1,970,2024-11-04,10:30:00,,,,2025-05-22 16:58:50
5363,7,94,2024-11-29,14:30:00,,3,整体还不错，但有提升空间。,2025-05-22 16:58:50
5364,7,17,2025-04-18,16:30:00,,4,,2025-05-22 16:58:50
5365,10,510,2023-08-03,12:30:00,,5,,2025-05-22 16:58:50
5366,6,810,2023-06-26,12:15:00,,5,,2025-05-22 16:58:50
5367,8,743,2025-05-16,15:45:00,,,建议增加外语讲解服务。,2025-05-22 16:58:50
5368,8,788,2023-11-05,11:15:00,,3,,2025-05-22 16:58:50
5369,2,647,2023-11-05,14:15:00,,4,,2025-05-22 16:58:50
5370,9,925,2023-11-12,12:45:00,,3,建议增加外语讲解服务。,2025-05-22 16:58:50
5371,2,383,2023-09-17,12:15:00,,4,,2025-05-22 16:58:50
5372,2,818,2023-07-23,16:15:00,,,希望能增加互动性的展品。,2025-05-22 16:58:50
5373,8,587,2023-07-30,15:15:00,,,,2025-05-22 16:58:50
5374,3,243,2025-04-11,09:15:00,,5,,2025-05-22 16:58:50
5375,3,940,2023-07-02,14:00:00,,,,2025-05-22 16:58:50
5376,7,455,2024-07-16,14:00:00,,,,2025-05-22 16:58:50
5377,2,562,2025-03-29,12:30:00,,5,,2025-05-22 16:58:50
5378,7,723,2023-12-25,16:45:00,,3,,2025-05-22 16:58:50
5379,7,464,2024-08-13,10:45:00,,,,2025-05-22 16:58:50
5380,1,304,2023-07-29,10:30:00,,4,,2025-05-22 16:58:50
5381,4,927,2024-03-09,09:15:00,,3,,2025-05-22 16:58:50
5382,5,83,2025-04-22,16:30:00,,,,2025-05-22 16:58:50
5383,5,158,2025-04-24,15:45:00,,5,,2025-05-22 16:58:50
5384,5,739,2024-09-24,10:45:00,,4,展览内容非常丰富，很有教育意义。,2025-05-22 16:58:50
5385,11,672,2023-08-12,12:15:00,,4,,2025-05-22 16:58:50
5386,7,547,2024-02-29,15:15:00,,3,希望能增加互动性的展品。,2025-05-22 16:58:50
5387,6,634,2024-09-02,15:30:00,,5,,2025-05-22 16:58:50
5388,3,521,2024-01-20,13:30:00,,,,2025-05-22 16:58:50
5389,5,537,2024-06-03,15:30:00,,3,,2025-05-22 16:58:50
5390,8,67,2024-02-11,12:00:00,,4,,2025-05-22 16:58:50
5391,4,354,2025-04-06,11:45:00,,4,,2025-05-22 16:58:50
5392,5,36,2024-03-24,12:45:00,,,,2025-05-22 16:58:50
5393,7,321,2023-07-29,16:15:00,,,,2025-05-22 16:58:50
5394,3,357,2025-02-06,16:30:00,,3,,2025-05-22 16:58:50
5395,3,754,2023-11-28,13:45:00,,3,,2025-05-22 16:58:50
5396,10,853,2025-01-20,15:30:00,,,停车不太方便。,2025-05-22 16:58:50
5397,2,982,2024-07-08,09:30:00,,,,2025-05-22 16:58:50
5398,6,669,2025-03-21,13:15:00,,,,2025-05-22 16:58:50
5399,9,86,2024-02-14,16:00:00,,3,整体还不错，但有提升空间。,2025-05-22 16:58:50
5400,8,119,2023-08-16,15:30:00,,5,,2025-05-22 16:58:50
5401,1,870,2024-11-05,12:00:00,,5,,2025-05-22 16:58:50
5402,10,511,2024-02-26,15:30:00,,3,,2025-05-22 16:58:50
5403,1,16,2023-11-06,16:45:00,,5,,2025-05-22 16:58:50
5404,9,847,2023-10-21,13:00:00,,4,,2025-05-22 16:58:50
5405,8,496,2025-04-15,14:15:00,,3,,2025-05-22 16:58:50
5406,4,571,2025-03-26,14:30:00,,,,2025-05-22 16:58:50
5407,11,367,2023-12-17,16:00:00,,,部分展区很精彩，部分展区一般。,2025-05-22 16:58:50
5408,5,803,2023-06-10,10:30:00,,5,,2025-05-22 16:58:50
5409,4,411,2023-06-06,10:30:00,,,,2025-05-22 16:58:50
5410,4,360,2024-11-19,16:30:00,,3,,2025-05-22 16:58:50
5411,6,961,2023-07-25,12:00:00,,4,,2025-05-22 16:58:50
5412,2,770,2025-01-30,12:45:00,,,,2025-05-22 16:58:50
5413,5,54,2025-03-06,12:45:00,,4,,2025-05-22 16:58:50
5414,2,978,2024-10-03,13:00:00,,5,,2025-05-22 16:58:50
5415,1,689,2023-08-12,12:45:00,,,,2025-05-22 16:58:50
5416,3,791,2024-11-24,15:15:00,,3,整体还不错，但有提升空间。,2025-05-22 16:58:50
5417,9,131,2024-06-19,12:30:00,,4,讲解员专业知识丰富，讲解生动。,2025-05-22 16:58:50
5418,5,265,2024-05-18,10:45:00,,,,2025-05-22 16:58:50
5419,9,830,2024-05-09,13:45:00,,,,2025-05-22 16:58:50
5420,8,723,2023-11-10,13:15:00,,,部分展区很精彩，部分展区一般。,2025-05-22 16:58:50
5421,9,193,2025-03-14,10:00:00,,,,2025-05-22 16:58:50
5422,7,633,2025-01-06,12:30:00,,4,,2025-05-22 16:58:50
5423,4,776,2025-02-06,12:00:00,,5,,2025-05-22 16:58:50
5424,1,27,2024-06-17,09:30:00,,4,,2025-05-22 16:58:50
5425,9,991,2025-02-18,10:15:00,,3,,2025-05-22 16:58:50
5426,3,805,2024-06-27,16:45:00,,,,2025-05-22 16:58:50
5427,7,91,2023-10-02,14:00:00,,5,,2025-05-22 16:58:50
5428,6,245,2024-08-15,12:30:00,,5,,2025-05-22 16:58:50
5429,2,782,2024-08-09,14:30:00,,,,2025-05-22 16:58:50
5430,1,315,2024-01-20,16:45:00,,3,希望能增加互动性的展品。,2025-05-22 16:58:50
5431,7,256,2024-02-20,14:00:00,,5,讲解员专业知识丰富，讲解生动。,2025-05-22 16:58:50
5432,11,595,2023-12-05,12:15:00,,,,2025-05-22 16:58:50
5433,11,462,2025-04-17,13:15:00,,,,2025-05-22 16:58:50
5434,9,296,2024-09-03,10:45:00,23,3,,2025-05-22 16:58:50
5435,11,38,2024-12-14,15:00:00,,,,2025-05-22 16:58:50
5436,2,499,2024-10-31,12:45:00,,,,2025-05-22 16:58:50
5437,4,374,2025-02-22,13:45:00,,4,,2025-05-22 16:58:50
5438,9,549,2025-04-13,11:00:00,,3,,2025-05-22 16:58:50
5439,9,351,2024-04-29,14:00:00,,4,,2025-05-22 16:58:50
5440,4,32,2023-09-13,14:30:00,,5,,2025-05-22 16:58:50
5441,3,219,2024-04-03,11:30:00,,4,活动组织得很好，环境舒适。,2025-05-22 16:58:50
5442,11,533,2024-07-20,14:45:00,,5,,2025-05-22 16:58:50
5443,11,100,2023-06-20,10:30:00,,,,2025-05-22 16:58:50
5444,3,976,2023-05-28,10:30:00,,3,,2025-05-22 16:58:50
5445,4,63,2024-10-18,09:00:00,,,,2025-05-22 16:58:50
5446,1,878,2024-09-02,10:15:00,,,,2025-05-22 16:58:50
5447,8,336,2023-11-28,16:15:00,,4,,2025-05-22 16:58:50
5448,8,970,2024-11-19,13:00:00,,3,,2025-05-22 16:58:50
5449,11,600,2024-09-27,11:30:00,,,,2025-05-22 16:58:50
5450,5,422,2024-11-14,13:30:00,,4,,2025-05-22 16:58:50
5451,7,866,2024-04-12,13:30:00,,4,展览内容非常丰富，很有教育意义。,2025-05-22 16:58:50
5452,4,611,2023-11-08,13:00:00,,4,,2025-05-22 16:58:50
5453,6,67,2024-02-02,13:45:00,,5,,2025-05-22 16:58:50
5454,9,734,2025-04-23,09:45:00,,,建议增加外语讲解服务。,2025-05-22 16:58:50
5455,6,483,2024-02-17,10:15:00,,3,,2025-05-22 16:58:50
5456,6,281,2024-03-04,16:15:00,,,,2025-05-22 16:58:50
5457,2,120,2023-07-26,16:30:00,,,,2025-05-22 16:58:50
5458,8,799,2024-08-04,14:45:00,39,4,,2025-05-22 16:58:50
5459,2,19,2024-07-02,15:45:00,,,,2025-05-22 16:58:50
5460,1,922,2023-06-29,16:15:00,,3,,2025-05-22 16:58:50
5461,6,688,2024-10-01,11:30:00,,4,,2025-05-22 16:58:50
5462,2,484,2025-05-17,13:00:00,,4,,2025-05-22 16:58:50
5463,6,165,2024-09-09,14:45:00,,4,,2025-05-22 16:58:50
5464,9,221,2025-05-10,12:00:00,,,,2025-05-22 16:58:50
5465,3,346,2024-03-25,13:00:00,,,,2025-05-22 16:58:50
5466,10,140,2025-02-10,16:00:00,,,,2025-05-22 16:58:50
5467,4,281,2023-09-02,10:30:00,,,整体还不错，但有提升空间。,2025-05-22 16:58:50
5468,4,805,2025-01-27,16:45:00,,,,2025-05-22 16:58:50
5469,8,623,2025-04-29,09:45:00,,5,,2025-05-22 16:58:50
5470,8,636,2024-09-11,12:45:00,,4,交通便利，设施完善。,2025-05-22 16:58:50
5471,8,347,2025-03-19,14:15:00,,,部分展区很精彩，部分展区一般。,2025-05-22 16:58:50
5472,4,685,2025-05-10,12:30:00,,4,,2025-05-22 16:58:50
5473,9,467,2023-06-15,14:00:00,,3,,2025-05-22 16:58:50
5474,10,520,2023-12-06,10:00:00,,,停车不太方便。,2025-05-22 16:58:50
5475,3,676,2024-10-28,12:00:00,,4,讲解员专业知识丰富，讲解生动。,2025-05-22 16:58:50
5476,5,198,2024-07-09,10:30:00,,,整体还不错，但有提升空间。,2025-05-22 16:58:50
5477,8,730,2024-06-16,10:45:00,,5,交通便利，设施完善。,2025-05-22 16:58:50
5478,4,13,2025-05-06,11:00:00,,5,,2025-05-22 16:58:50
5479,7,131,2024-09-20,10:00:00,,4,,2025-05-22 16:58:50
5480,9,275,2024-01-29,14:30:00,,3,,2025-05-22 16:58:50
5481,8,559,2023-10-07,15:45:00,,5,,2025-05-22 16:58:50
5482,5,187,2024-03-01,12:45:00,,,,2025-05-22 16:58:50
5483,4,349,2024-10-03,16:15:00,,3,,2025-05-22 16:58:50
5484,4,94,2025-02-21,15:45:00,49,4,,2025-05-22 16:58:50
5485,6,237,2024-12-12,10:00:00,,4,,2025-05-22 16:58:50
5486,8,970,2025-02-05,13:45:00,,5,,2025-05-22 16:58:50
5487,7,723,2024-11-10,16:00:00,,3,,2025-05-22 16:58:50
5488,5,491,2023-12-20,11:45:00,,3,,2025-05-22 16:58:50
5489,9,218,2024-09-30,16:15:00,,3,,2025-05-22 16:58:50
5490,1,83,2024-01-05,12:15:00,,3,,2025-05-22 16:58:50
5491,4,557,2025-04-19,15:45:00,,,,2025-05-22 16:58:50
5492,9,503,2025-05-22,14:30:00,,5,,2025-05-22 16:58:50
5493,4,341,2025-02-20,16:15:00,,5,活动组织得很好，环境舒适。,2025-05-22 16:58:50
5494,7,802,2023-07-10,11:30:00,,,停车不太方便。,2025-05-22 16:58:50
5495,1,948,2024-11-25,11:00:00,,3,整体还不错，但有提升空间。,2025-05-22 16:58:50
5496,7,651,2024-06-18,14:15:00,,,希望能增加互动性的展品。,2025-05-22 16:58:50
5497,6,972,2025-03-13,16:15:00,,,,2025-05-22 16:58:50
5498,11,874,2023-05-26,14:00:00,,3,整体还不错，但有提升空间。,2025-05-22 16:58:50
5499,1,519,2023-09-28,09:15:00,,,建议增加外语讲解服务。,2025-05-22 16:58:50
5500,8,47,2024-10-21,15:00:00,,,部分展区很精彩，部分展区一般。,2025-05-22 16:58:50
5501,9,449,2024-02-03,16:15:00,,3,,2025-05-22 16:58:50
5502,1,130,2023-06-11,13:15:00,,,,2025-05-22 16:58:50
5503,4,565,2023-06-14,10:00:00,,4,,2025-05-22 16:58:50
5504,9,138,2024-11-29,11:45:00,,4,交通便利，设施完善。,2025-05-22 16:58:50
5505,9,86,2024-10-02,14:45:00,,,,2025-05-22 16:58:50
5506,5,879,2025-02-20,16:30:00,,5,,2025-05-22 16:58:50
5507,4,580,2025-05-22,09:30:00,,,,2025-05-22 16:58:50
5508,3,750,2024-09-02,09:15:00,,,,2025-05-22 16:58:50
5509,9,890,2025-03-05,14:15:00,,3,,2025-05-22 16:58:50
5510,9,149,2024-05-06,12:15:00,,,部分展区很精彩，部分展区一般。,2025-05-22 16:58:50
5511,1,488,2025-02-24,09:30:00,,4,,2025-05-22 16:58:50
5512,1,611,2024-06-20,15:30:00,,3,停车不太方便。,2025-05-22 16:58:50
5513,9,908,2024-02-02,10:30:00,,5,,2025-05-22 16:58:50
5514,1,951,2024-11-03,13:30:00,,5,,2025-05-22 16:58:50
5515,9,259,2024-12-11,12:45:00,,,,2025-05-22 16:58:50
5516,11,803,2024-12-27,16:15:00,,4,,2025-05-22 16:58:50
5517,4,555,2023-12-21,14:15:00,,5,,2025-05-22 16:58:50
5518,9,648,2025-05-11,11:30:00,,,,2025-05-22 16:58:50
5519,7,279,2024-12-07,11:15:00,,4,很适合带孩子来参观学习。,2025-05-22 16:58:50
5520,9,493,2025-03-30,16:30:00,,5,,2025-05-22 16:58:50
5521,8,239,2024-12-31,15:00:00,,4,,2025-05-22 16:58:50
5522,9,318,2025-03-07,11:30:00,,5,,2025-05-22 16:58:50
5523,10,335,2024-03-21,09:00:00,,3,整体还不错，但有提升空间。,2025-05-22 16:58:50
5524,8,282,2023-08-19,15:45:00,,4,,2025-05-22 16:58:50
5525,1,317,2025-02-16,16:45:00,,,整体还不错，但有提升空间。,2025-05-22 16:58:50
5526,8,871,2025-01-05,14:45:00,,4,展览内容非常丰富，很有教育意义。,2025-05-22 16:58:50
5527,8,144,2025-01-08,15:00:00,,4,,2025-05-22 16:58:50
5528,4,579,2023-09-20,15:00:00,,5,,2025-05-22 16:58:50
5529,1,995,2025-03-05,11:00:00,,,,2025-05-22 16:58:50
5530,2,448,2024-10-27,11:15:00,,4,,2025-05-22 16:58:50
5531,4,251,2024-11-01,11:45:00,,,整体还不错，但有提升空间。,2025-05-22 16:58:50
5532,11,636,2025-01-07,11:30:00,,,,2025-05-22 16:58:50
5533,11,794,2024-07-23,11:30:00,,5,,2025-05-22 16:58:50
5534,7,211,2024-06-07,13:15:00,,5,,2025-05-22 16:58:50
5535,1,271,2025-01-15,11:30:00,,4,,2025-05-22 16:58:50
5536,5,864,2024-09-01,14:30:00,,,,2025-05-22 16:58:50
5537,5,516,2024-06-04,15:15:00,,3,,2025-05-22 16:58:50
5538,5,817,2023-12-21,13:30:00,,,,2025-05-22 16:58:50
5539,2,52,2023-09-07,10:00:00,,4,交通便利，设施完善。,2025-05-22 16:58:50
5540,4,168,2023-11-19,14:30:00,,4,,2025-05-22 16:58:50
5541,6,816,2024-08-21,12:30:00,,,,2025-05-22 16:58:50
5542,8,984,2025-04-03,14:45:00,,3,,2025-05-22 16:58:50
5543,4,917,2024-09-21,11:30:00,,3,,2025-05-22 16:58:50
5544,6,844,2024-06-21,12:15:00,,,,2025-05-22 16:58:50
5545,5,142,2023-05-24,15:00:00,,4,,2025-05-22 16:58:50
5546,8,730,2025-02-23,09:00:00,,5,活动组织得很好，环境舒适。,2025-05-22 16:58:50
5547,7,206,2023-09-02,16:15:00,,4,,2025-05-22 16:58:50
5548,1,30,2024-11-04,12:45:00,,3,,2025-05-22 16:58:50
5549,9,659,2024-06-26,12:00:00,,5,,2025-05-22 16:58:50
5550,2,800,2024-08-29,10:15:00,,3,停车不太方便。,2025-05-22 16:58:50
5551,8,407,2025-03-26,13:45:00,,4,,2025-05-22 16:58:50
5552,4,683,2024-01-15,13:00:00,,,,2025-05-22 16:58:50
5553,8,255,2024-01-07,13:00:00,,5,,2025-05-22 16:58:50
5554,3,339,2024-12-07,15:45:00,,5,,2025-05-22 16:58:50
5555,1,998,2023-06-04,13:15:00,,,整体还不错，但有提升空间。,2025-05-22 16:58:50
5556,3,449,2023-09-15,09:45:00,,,,2025-05-22 16:58:50
5557,10,944,2024-06-25,11:00:00,,,,2025-05-22 16:58:50
5558,9,873,2024-09-01,16:45:00,,5,,2025-05-22 16:58:50
5559,2,674,2025-02-06,14:30:00,,3,,2025-05-22 16:58:50
5560,11,206,2023-07-19,13:00:00,,4,很适合带孩子来参观学习。,2025-05-22 16:58:50
5561,3,885,2024-11-25,15:45:00,,5,,2025-05-22 16:58:50
5562,9,35,2024-10-13,10:00:00,,5,,2025-05-22 16:58:50
5563,1,668,2024-09-22,12:00:00,,3,,2025-05-22 16:58:50
5564,9,121,2024-09-21,13:00:00,,,,2025-05-22 16:58:50
5565,3,758,2024-11-25,10:30:00,,,,2025-05-22 16:58:50
5566,9,545,2024-12-01,10:30:00,,,,2025-05-22 16:58:50
5567,6,790,2023-08-14,15:00:00,,4,很适合带孩子来参观学习。,2025-05-22 16:58:50
5568,7,510,2023-09-18,16:30:00,,5,,2025-05-22 16:58:50
5569,6,646,2025-05-22,09:00:00,,3,,2025-05-22 16:58:50
5570,5,171,2024-07-05,09:30:00,,3,,2025-05-22 16:58:50
5571,9,715,2025-02-13,13:45:00,,,,2025-05-22 16:58:50
5572,11,166,2024-03-03,11:00:00,,5,,2025-05-22 16:58:50
5573,8,589,2023-09-05,16:30:00,,,,2025-05-22 16:58:50
5574,4,926,2025-04-17,16:15:00,,,部分展区很精彩，部分展区一般。,2025-05-22 16:58:50
5575,8,909,2024-06-11,15:00:00,,4,,2025-05-22 16:58:50
5576,3,618,2023-12-10,16:30:00,,,,2025-05-22 16:58:50
5577,9,549,2023-07-29,12:15:00,,5,,2025-05-22 16:58:50
5578,4,433,2024-01-29,11:00:00,,3,,2025-05-22 16:58:50
5579,3,730,2024-10-10,16:15:00,,,,2025-05-22 16:58:50
5580,7,523,2024-05-30,12:45:00,,5,,2025-05-22 16:58:50
5581,8,338,2025-03-01,12:15:00,,,建议增加外语讲解服务。,2025-05-22 16:58:50
5582,9,387,2025-04-25,12:45:00,,,,2025-05-22 16:58:50
5583,8,789,2025-04-10,12:15:00,,3,,2025-05-22 16:58:50
5584,3,308,2025-03-24,14:45:00,,,,2025-05-22 16:58:50
5585,8,398,2025-02-02,09:30:00,,,整体还不错，但有提升空间。,2025-05-22 16:58:50
5586,1,730,2024-01-18,12:30:00,,3,,2025-05-22 16:58:50
5587,5,521,2023-11-26,14:45:00,,,,2025-05-22 16:58:50
5588,11,215,2024-12-07,12:00:00,,,,2025-05-22 16:58:50
5589,7,437,2024-08-04,11:15:00,,4,,2025-05-22 16:58:50
5590,3,487,2024-07-18,12:00:00,,,希望能增加互动性的展品。,2025-05-22 16:58:50
5591,6,427,2024-11-07,12:45:00,,4,,2025-05-22 16:58:50
5592,6,740,2024-09-26,16:45:00,,,建议增加外语讲解服务。,2025-05-22 16:58:50
5593,7,723,2025-03-01,16:00:00,,3,,2025-05-22 16:58:50
5594,3,787,2025-02-21,16:30:00,,5,活动组织得很好，环境舒适。,2025-05-22 16:58:50
5595,9,979,2024-08-15,15:30:00,,3,,2025-05-22 16:58:50
5596,2,192,2025-04-14,11:45:00,,3,,2025-05-22 16:58:50
5597,9,511,2023-06-18,10:00:00,,,,2025-05-22 16:58:50
5598,4,523,2024-10-21,09:15:00,,,,2025-05-22 16:58:50
5599,10,453,2024-09-10,14:00:00,,,,2025-05-22 16:58:50
5600,6,422,2024-04-29,15:00:00,,5,,2025-05-22 16:58:50
5601,3,258,2024-09-24,16:45:00,,3,,2025-05-22 16:58:50
5602,3,977,2024-03-25,15:45:00,,,,2025-05-22 16:58:50
5603,7,991,2024-11-12,10:00:00,,4,展览内容非常丰富，很有教育意义。,2025-05-22 16:58:50
5604,8,207,2023-09-15,16:00:00,,3,,2025-05-22 16:58:50
5605,7,595,2025-01-21,10:45:00,,3,,2025-05-22 16:58:50
5606,1,172,2024-11-21,12:30:00,,,希望能增加互动性的展品。,2025-05-22 16:58:50
5607,5,392,2025-04-25,16:00:00,,4,交通便利，设施完善。,2025-05-22 16:58:50
5608,9,255,2024-11-10,15:00:00,,3,,2025-05-22 16:58:50
5609,8,518,2023-06-01,14:00:00,,5,,2025-05-22 16:58:50
5610,1,587,2023-06-04,14:45:00,,5,,2025-05-22 16:58:50
5611,1,37,2024-09-21,12:45:00,,5,,2025-05-22 16:58:50
5612,4,258,2024-08-14,13:30:00,,3,,2025-05-22 16:58:50
5613,1,519,2024-09-03,14:15:00,,5,,2025-05-22 16:58:50
5614,11,21,2024-10-06,13:45:00,,4,,2025-05-22 16:58:50
5615,3,832,2024-08-14,16:45:00,,,,2025-05-22 16:58:50
5616,11,131,2024-11-03,09:00:00,,,,2025-05-22 16:58:50
5617,4,487,2024-10-05,11:45:00,,3,,2025-05-22 16:58:50
5618,10,142,2025-04-22,10:30:00,,4,,2025-05-22 16:58:50
5619,7,121,2024-10-25,14:15:00,,5,,2025-05-22 16:58:50
5620,4,987,2024-11-26,14:15:00,49,,部分展区很精彩，部分展区一般。,2025-05-22 16:58:50
5621,1,960,2024-12-06,11:30:00,,,部分展区很精彩，部分展区一般。,2025-05-22 16:58:50
5622,3,674,2024-05-30,14:00:00,,5,,2025-05-22 16:58:50
5623,8,128,2024-05-18,12:00:00,,,,2025-05-22 16:58:50
5624,10,540,2024-07-26,16:45:00,,3,,2025-05-22 16:58:50
5625,8,1,2024-04-24,15:45:00,,5,讲解员专业知识丰富，讲解生动。,2025-05-22 16:58:50
5626,1,459,2025-05-07,12:45:00,,,,2025-05-22 16:58:50
5627,8,57,2024-10-13,16:45:00,,,,2025-05-22 16:58:50
5628,5,392,2024-06-04,12:00:00,,4,,2025-05-22 16:58:50
5629,3,888,2025-01-05,12:15:00,,4,,2025-05-22 16:58:50
5630,5,663,2024-06-22,09:15:00,,5,讲解员专业知识丰富，讲解生动。,2025-05-22 16:58:50
5631,9,404,2024-07-26,09:30:00,,,整体还不错，但有提升空间。,2025-05-22 16:58:50
5632,8,234,2024-08-29,10:30:00,,3,,2025-05-22 16:58:50
5633,9,967,2024-01-11,10:00:00,,,,2025-05-22 16:58:50
5634,4,875,2025-04-24,11:00:00,,,,2025-05-22 16:58:50
5635,8,164,2023-10-07,12:15:00,,,,2025-05-22 16:58:50
5636,7,590,2023-09-04,13:30:00,,,,2025-05-22 16:58:50
5637,5,786,2024-02-10,16:45:00,,,,2025-05-22 16:58:50
5638,3,790,2023-10-21,11:15:00,,4,,2025-05-22 16:58:50
5639,6,211,2024-08-23,10:15:00,,,,2025-05-22 16:58:50
5640,5,969,2024-12-29,12:15:00,,5,交通便利，设施完善。,2025-05-22 16:58:50
5641,8,419,2024-02-04,12:45:00,,,,2025-05-22 16:58:50
5642,1,612,2024-07-05,16:30:00,,3,,2025-05-22 16:58:50
5643,2,624,2024-06-30,10:45:00,,5,,2025-05-22 16:58:50
5644,2,971,2024-02-04,12:30:00,,4,活动组织得很好，环境舒适。,2025-05-22 16:58:50
5645,6,569,2023-08-22,14:45:00,,4,交通便利，设施完善。,2025-05-22 16:58:50
5646,9,290,2025-05-22,15:30:00,,5,,2025-05-22 16:58:50
5647,11,349,2024-12-31,11:15:00,,3,,2025-05-22 16:58:50
5648,3,539,2024-10-06,14:30:00,,3,,2025-05-22 16:58:50
5649,9,350,2024-08-26,14:45:00,23,,,2025-05-22 16:58:50
5650,2,85,2024-06-18,13:45:00,,4,,2025-05-22 16:58:50
5651,2,451,2023-11-22,11:00:00,,5,,2025-05-22 16:58:50
5652,2,720,2024-11-17,13:45:00,,3,,2025-05-22 16:58:50
5653,2,47,2023-11-22,09:15:00,,3,建议增加外语讲解服务。,2025-05-22 16:58:50
5654,5,81,2025-04-28,11:15:00,,3,,2025-05-22 16:58:50
5655,11,733,2023-12-09,15:30:00,,3,,2025-05-22 16:58:50
5656,11,542,2024-07-11,14:00:00,,3,,2025-05-22 16:58:50
5657,7,163,2024-12-14,15:00:00,,3,,2025-05-22 16:58:50
5658,1,923,2024-04-23,13:30:00,,,,2025-05-22 16:58:50
5659,6,760,2024-02-09,09:45:00,,3,整体还不错，但有提升空间。,2025-05-22 16:58:50
5660,5,763,2023-07-16,14:00:00,,3,停车不太方便。,2025-05-22 16:58:50
5661,6,818,2024-08-22,16:45:00,,5,讲解员专业知识丰富，讲解生动。,2025-05-22 16:58:50
5662,5,229,2024-08-18,14:15:00,,,,2025-05-22 16:58:50
5663,5,569,2024-08-30,13:15:00,,3,,2025-05-22 16:58:50
5664,7,308,2024-04-20,12:15:00,,,,2025-05-22 16:58:50
5665,4,453,2023-10-22,10:00:00,,,停车不太方便。,2025-05-22 16:58:50
5666,6,984,2025-05-14,12:15:00,,5,,2025-05-22 16:58:50
5667,6,287,2023-07-26,13:00:00,,5,,2025-05-22 16:58:50
5668,6,239,2025-02-12,09:15:00,,4,展览内容非常丰富，很有教育意义。,2025-05-22 16:58:50
5669,7,592,2024-06-23,11:45:00,,,部分展区很精彩，部分展区一般。,2025-05-22 16:58:50
5670,8,145,2024-10-11,15:45:00,,4,交通便利，设施完善。,2025-05-22 16:58:50
5671,7,748,2023-09-28,13:45:00,,,,2025-05-22 16:58:50
5672,4,152,2025-01-17,16:30:00,,,,2025-05-22 16:58:50
5673,4,353,2024-04-22,16:00:00,,,停车不太方便。,2025-05-22 16:58:50
5674,11,643,2023-08-01,14:30:00,,,,2025-05-22 16:58:50
5675,9,620,2024-06-02,16:15:00,,5,,2025-05-22 16:58:50
5676,11,849,2024-07-16,14:00:00,,4,,2025-05-22 16:58:50
5677,9,253,2025-04-16,11:30:00,,4,,2025-05-22 16:58:50
5678,5,374,2024-05-14,12:15:00,,,,2025-05-22 16:58:50
5679,7,524,2024-04-14,13:30:00,,5,,2025-05-22 16:58:50
5680,4,706,2024-12-02,13:00:00,,,,2025-05-22 16:58:50
5681,3,788,2024-12-21,14:45:00,,,整体还不错，但有提升空间。,2025-05-22 16:58:50
5682,1,429,2024-08-16,10:30:00,,,,2025-05-22 16:58:50
5683,5,652,2025-02-05,10:00:00,,3,,2025-05-22 16:58:50
5684,2,215,2024-09-13,15:00:00,,,,2025-05-22 16:58:50
5685,4,553,2024-02-02,15:15:00,,5,,2025-05-22 16:58:50
5686,4,984,2024-09-17,11:00:00,,4,,2025-05-22 16:58:50
5687,4,845,2024-08-03,16:45:00,,,部分展区很精彩，部分展区一般。,2025-05-22 16:58:50
5688,5,483,2023-09-29,09:30:00,,3,,2025-05-22 16:58:50
5689,2,714,2023-08-18,09:45:00,,4,,2025-05-22 16:58:50
5690,9,472,2025-02-03,11:45:00,,3,,2025-05-22 16:58:50
5691,6,38,2024-12-02,14:00:00,,,希望能增加互动性的展品。,2025-05-22 16:58:50
5692,11,579,2025-02-28,10:00:00,,,,2025-05-22 16:58:50
5693,6,786,2024-06-16,10:45:00,,3,希望能增加互动性的展品。,2025-05-22 16:58:50
5694,6,956,2024-10-26,11:15:00,,4,,2025-05-22 16:58:50
5695,8,757,2025-01-30,10:15:00,,4,,2025-05-22 16:58:50
5696,7,929,2025-02-10,11:00:00,,4,,2025-05-22 16:58:50
5697,7,387,2023-09-06,15:15:00,,,,2025-05-22 16:58:50
5698,4,712,2024-03-14,09:15:00,,4,,2025-05-22 16:58:50
5699,7,63,2024-07-09,09:00:00,,3,建议增加外语讲解服务。,2025-05-22 16:58:50
5700,3,108,2025-01-06,15:30:00,,,,2025-05-22 16:58:50
5701,10,973,2024-03-04,14:15:00,,3,,2025-05-22 16:58:50
5702,6,265,2025-03-29,15:00:00,,,,2025-05-22 16:58:50
5703,2,871,2025-05-05,16:45:00,,,,2025-05-22 16:58:50
5704,8,410,2025-02-23,10:00:00,,,,2025-05-22 16:58:50
5705,9,469,2023-08-13,15:15:00,,,,2025-05-22 16:58:50
5706,10,101,2025-03-12,16:45:00,,,,2025-05-22 16:58:50
5707,8,14,2023-09-21,10:30:00,,,,2025-05-22 16:58:50
5708,5,579,2024-01-02,09:00:00,,5,很适合带孩子来参观学习。,2025-05-22 16:58:50
5709,4,547,2024-10-22,16:15:00,,3,,2025-05-22 16:58:50
5710,8,222,2023-08-02,09:15:00,,3,,2025-05-22 16:58:50
5711,4,55,2023-11-17,16:45:00,,4,,2025-05-22 16:58:50
5712,3,560,2025-04-29,12:30:00,,,,2025-05-22 16:58:50
5713,4,758,2023-11-06,09:30:00,,,,2025-05-22 16:58:50
5714,5,1000,2025-05-20,13:45:00,,,,2025-05-22 16:58:50
5715,8,708,2024-10-24,10:30:00,,4,,2025-05-22 16:58:50
5716,9,68,2024-11-10,16:30:00,,,,2025-05-22 16:58:50
5717,8,310,2023-09-16,13:30:00,,5,,2025-05-22 16:58:50
5718,11,187,2023-12-01,11:15:00,,,,2025-05-22 16:58:50
5719,5,51,2024-11-13,13:45:00,,,,2025-05-22 16:58:50
5720,9,755,2024-04-11,10:15:00,,,,2025-05-22 16:58:50
5721,4,744,2025-04-22,09:30:00,,,停车不太方便。,2025-05-22 16:58:50
5722,1,374,2024-05-27,11:00:00,,,,2025-05-22 16:58:50
5723,9,523,2024-12-14,10:45:00,,5,交通便利，设施完善。,2025-05-22 16:58:50
5724,8,788,2024-06-21,10:30:00,,,,2025-05-22 16:58:50
5725,4,10,2025-03-27,12:45:00,,5,交通便利，设施完善。,2025-05-22 16:58:50
5726,4,427,2023-09-11,11:15:00,,3,整体还不错，但有提升空间。,2025-05-22 16:58:50
5727,9,903,2024-06-08,10:15:00,,,部分展区很精彩，部分展区一般。,2025-05-22 16:58:50
5728,2,338,2024-12-05,14:30:00,,5,,2025-05-22 16:58:50
5729,6,341,2024-10-25,14:45:00,,4,,2025-05-22 16:58:50
5730,11,209,2023-08-16,12:00:00,,,,2025-05-22 16:58:50
5731,8,409,2024-12-10,14:15:00,,4,,2025-05-22 16:58:50
5732,3,245,2024-07-16,13:15:00,,5,活动组织得很好，环境舒适。,2025-05-22 16:58:50
5733,4,959,2023-07-18,14:00:00,,,,2025-05-22 16:58:50
5734,2,698,2025-02-26,16:15:00,,4,,2025-05-22 16:58:50
5735,4,133,2023-07-06,11:45:00,,5,,2025-05-22 16:58:50
5736,7,755,2024-04-16,12:45:00,,5,,2025-05-22 16:58:50
5737,3,625,2024-06-03,14:30:00,,5,活动组织得很好，环境舒适。,2025-05-22 16:58:50
5738,3,542,2023-10-19,15:45:00,,4,,2025-05-22 16:58:50
5739,2,724,2024-07-17,14:30:00,,5,讲解员专业知识丰富，讲解生动。,2025-05-22 16:58:50
5740,6,834,2024-02-18,11:00:00,,5,,2025-05-22 16:58:50
5741,7,168,2024-09-10,15:45:00,,,,2025-05-22 16:58:50
5742,11,691,2024-07-22,12:45:00,,,,2025-05-22 16:58:50
5743,11,924,2023-11-28,14:15:00,,4,,2025-05-22 16:58:50
5744,4,216,2024-03-13,11:00:00,,,,2025-05-22 16:58:50
5745,7,121,2023-10-11,15:00:00,,3,建议增加外语讲解服务。,2025-05-22 16:58:50
5746,2,738,2024-08-03,12:45:00,,3,建议增加外语讲解服务。,2025-05-22 16:58:50
5747,4,466,2023-10-02,13:45:00,,3,,2025-05-22 16:58:50
5748,6,572,2023-07-11,11:15:00,,4,,2025-05-22 16:58:50
5749,6,193,2025-01-09,10:45:00,,3,希望能增加互动性的展品。,2025-05-22 16:58:50
5750,9,223,2024-05-25,11:45:00,,3,,2025-05-22 16:58:50
5751,10,449,2023-09-10,15:30:00,,3,,2025-05-22 16:58:50
5752,10,143,2024-12-13,15:15:00,,4,,2025-05-22 16:58:50
5753,9,36,2025-04-12,15:00:00,,4,,2025-05-22 16:58:50
5754,9,546,2023-06-26,10:45:00,,,部分展区很精彩，部分展区一般。,2025-05-22 16:58:50
5755,7,729,2024-06-15,16:00:00,,3,,2025-05-22 16:58:50
5756,8,864,2024-09-30,10:00:00,,5,,2025-05-22 16:58:50
5757,4,466,2025-02-08,12:30:00,,,,2025-05-22 16:58:50
5758,5,986,2024-08-27,10:15:00,,,,2025-05-22 16:58:50
5759,6,514,2024-08-28,15:30:00,,5,,2025-05-22 16:58:50
5760,5,953,2024-01-30,14:15:00,,,,2025-05-22 16:58:50
5761,2,990,2024-11-03,13:45:00,,,,2025-05-22 16:58:50
5762,7,508,2024-07-28,11:15:00,,,停车不太方便。,2025-05-22 16:58:50
5763,11,478,2024-10-13,09:30:00,,,,2025-05-22 16:58:50
5764,9,147,2025-02-05,11:15:00,,,,2025-05-22 16:58:50
5765,8,418,2023-06-11,15:45:00,,5,交通便利，设施完善。,2025-05-22 16:58:50
5766,6,486,2024-05-13,13:30:00,,5,,2025-05-22 16:58:50
5767,3,992,2024-11-12,16:45:00,,,建议增加外语讲解服务。,2025-05-22 16:58:50
5768,1,495,2025-05-01,10:15:00,,,,2025-05-22 16:58:50
5769,4,9,2023-07-27,13:15:00,,,,2025-05-22 16:58:50
5770,3,971,2024-12-06,15:00:00,,,,2025-05-22 16:58:50
5771,9,126,2024-05-26,13:30:00,,4,,2025-05-22 16:58:50
5772,7,836,2024-10-14,12:15:00,,4,,2025-05-22 16:58:50
5773,5,353,2024-11-13,16:15:00,,,,2025-05-22 16:58:50
5774,1,181,2025-03-30,12:00:00,,,,2025-05-22 16:58:50
5775,9,980,2025-05-22,10:00:00,,4,,2025-05-22 16:58:50
5776,2,323,2024-10-22,11:30:00,,,,2025-05-22 16:58:50
5777,9,227,2023-07-03,09:30:00,,,,2025-05-22 16:58:50
5778,9,491,2025-04-03,15:45:00,,3,,2025-05-22 16:58:50
5779,9,219,2024-09-17,11:00:00,,,建议增加外语讲解服务。,2025-05-22 16:58:50
5780,4,338,2024-11-22,12:45:00,,,,2025-05-22 16:58:50
5781,11,829,2024-10-09,13:15:00,,,,2025-05-22 16:58:50
5782,5,342,2025-02-23,13:30:00,,,,2025-05-22 16:58:50
5783,11,956,2024-09-27,15:45:00,,4,,2025-05-22 16:58:50
5784,1,718,2023-09-11,11:00:00,,5,活动组织得很好，环境舒适。,2025-05-22 16:58:50
5785,1,208,2024-12-06,16:00:00,,,,2025-05-22 16:58:50
5786,10,967,2024-02-19,11:00:00,,,,2025-05-22 16:58:50
5787,6,199,2025-02-20,12:15:00,,5,,2025-05-22 16:58:50
5788,1,97,2023-11-12,09:30:00,,5,,2025-05-22 16:58:50
5789,2,815,2023-12-31,11:15:00,,5,,2025-05-22 16:58:50
5790,9,191,2025-01-10,12:00:00,,5,,2025-05-22 16:58:50
5791,1,321,2024-07-28,09:15:00,,,,2025-05-22 16:58:50
5792,5,57,2025-02-08,10:15:00,,,,2025-05-22 16:58:50
5793,8,184,2024-06-19,15:00:00,,3,,2025-05-22 16:58:50
5794,6,817,2023-06-20,14:15:00,,5,,2025-05-22 16:58:50
5795,3,696,2024-07-08,14:15:00,,4,,2025-05-22 16:58:50
5796,2,788,2024-01-09,16:45:00,,3,,2025-05-22 16:58:50
5797,6,738,2024-07-23,16:00:00,29,,部分展区很精彩，部分展区一般。,2025-05-22 16:58:50
5798,7,39,2025-01-01,12:30:00,,5,,2025-05-22 16:58:50
5799,6,479,2024-03-26,09:45:00,,,,2025-05-22 16:58:50
5800,2,294,2023-11-17,13:30:00,,4,,2025-05-22 16:58:50
5801,7,282,2023-11-13,12:00:00,,,,2025-05-22 16:58:50
5802,5,632,2025-05-08,12:30:00,,,,2025-05-22 16:58:50
5803,8,208,2024-10-02,16:15:00,,,,2025-05-22 16:58:50
5804,5,278,2024-06-06,15:00:00,,4,,2025-05-22 16:58:50
5805,1,990,2024-06-09,13:45:00,,4,,2025-05-22 16:58:50
5806,10,236,2025-03-11,16:30:00,,5,,2025-05-22 16:58:50
5807,4,687,2023-06-21,09:00:00,,3,,2025-05-22 16:58:50
5808,9,388,2024-05-05,11:15:00,,3,,2025-05-22 16:58:50
5809,2,717,2024-08-05,15:45:00,,5,交通便利，设施完善。,2025-05-22 16:58:50
5810,3,21,2024-07-25,15:45:00,,5,,2025-05-22 16:58:50
5811,6,772,2024-10-14,11:45:00,,4,,2025-05-22 16:58:50
5812,1,590,2024-11-20,14:30:00,,5,,2025-05-22 16:58:50
5813,4,97,2024-06-17,14:15:00,,,,2025-05-22 16:58:50
5814,3,502,2024-03-17,13:30:00,,4,,2025-05-22 16:58:50
5815,2,532,2023-08-23,13:45:00,,3,,2025-05-22 16:58:50
5816,8,243,2024-10-10,15:30:00,,3,,2025-05-22 16:58:50
5817,4,109,2024-08-28,13:00:00,,5,很适合带孩子来参观学习。,2025-05-22 16:58:50
5818,9,109,2025-04-13,09:15:00,,,停车不太方便。,2025-05-22 16:58:50
5819,7,286,2025-01-25,09:15:00,,5,,2025-05-22 16:58:50
5820,4,407,2024-04-24,14:45:00,,,,2025-05-22 16:58:50
5821,9,629,2024-08-03,09:00:00,,,,2025-05-22 16:58:50
5822,3,736,2025-01-28,09:45:00,,3,,2025-05-22 16:58:50
5823,5,747,2024-06-09,14:45:00,,4,,2025-05-22 16:58:50
5824,1,655,2025-04-12,14:45:00,,4,展览内容非常丰富，很有教育意义。,2025-05-22 16:58:50
5825,8,653,2024-12-15,11:30:00,,5,,2025-05-22 16:58:50
5826,7,373,2024-05-13,16:15:00,,,,2025-05-22 16:58:50
5827,3,339,2024-02-02,12:45:00,,4,,2025-05-22 16:58:50
5828,9,435,2025-04-24,16:30:00,,4,,2025-05-22 16:58:50
5829,8,709,2025-03-16,09:30:00,,,,2025-05-22 16:58:50
5830,8,268,2024-05-16,14:00:00,,4,,2025-05-22 16:58:50
5831,11,254,2024-02-06,15:30:00,,3,,2025-05-22 16:58:50
5832,4,890,2025-04-12,11:15:00,,,希望能增加互动性的展品。,2025-05-22 16:58:50
5833,2,728,2025-05-17,12:15:00,,,,2025-05-22 16:58:50
5834,6,833,2023-07-18,12:00:00,,,,2025-05-22 16:58:50
5835,5,214,2024-09-03,11:00:00,,3,停车不太方便。,2025-05-22 16:58:50
5836,1,463,2025-02-08,11:30:00,,,,2025-05-22 16:58:50
5837,8,663,2024-11-12,16:45:00,,,,2025-05-22 16:58:50
5838,8,179,2025-04-30,15:45:00,,4,,2025-05-22 16:58:50
5839,3,110,2024-08-22,13:30:00,,5,,2025-05-22 16:58:50
5840,6,239,2023-07-02,16:45:00,,3,,2025-05-22 16:58:50
5841,3,342,2023-11-30,15:00:00,,,,2025-05-22 16:58:50
5842,5,411,2023-07-25,14:00:00,,,部分展区很精彩，部分展区一般。,2025-05-22 16:58:50
5843,10,108,2023-07-27,14:30:00,,5,,2025-05-22 16:58:50
5844,9,41,2024-06-09,09:30:00,23,,,2025-05-22 16:58:50
5845,2,257,2024-06-13,12:30:00,,4,,2025-05-22 16:58:50
5846,3,449,2023-11-15,14:30:00,,4,活动组织得很好，环境舒适。,2025-05-22 16:58:50
5847,1,36,2025-04-10,12:15:00,,3,,2025-05-22 16:58:50
5848,8,878,2024-11-19,12:00:00,,,,2025-05-22 16:58:50
5849,4,306,2025-04-22,14:00:00,,4,,2025-05-22 16:58:50
5850,4,808,2024-01-01,09:30:00,,,,2025-05-22 16:58:50
5851,11,239,2024-09-08,14:00:00,,5,,2025-05-22 16:58:50
5852,10,944,2023-08-03,13:00:00,,4,,2025-05-22 16:58:50
5853,4,260,2024-05-05,15:30:00,,,希望能增加互动性的展品。,2025-05-22 16:58:50
5854,7,457,2025-01-04,11:15:00,,3,整体还不错，但有提升空间。,2025-05-22 16:58:50
5855,1,698,2024-10-21,11:15:00,,,,2025-05-22 16:58:50
5856,8,236,2024-04-04,13:15:00,,,,2025-05-22 16:58:50
5857,4,915,2024-06-01,15:00:00,,5,,2025-05-22 16:58:50
5858,7,307,2024-12-06,09:45:00,,,,2025-05-22 16:58:50
5859,4,610,2024-08-13,09:15:00,,,部分展区很精彩，部分展区一般。,2025-05-22 16:58:50
5860,8,514,2025-04-13,16:30:00,,4,活动组织得很好，环境舒适。,2025-05-22 16:58:50
5861,1,178,2025-04-30,14:15:00,,4,很适合带孩子来参观学习。,2025-05-22 16:58:50
5862,7,444,2024-05-20,15:45:00,,,建议增加外语讲解服务。,2025-05-22 16:58:50
5863,4,369,2023-12-29,15:15:00,,3,,2025-05-22 16:58:50
5864,10,947,2024-03-28,16:45:00,,5,,2025-05-22 16:58:50
5865,9,270,2024-09-24,15:30:00,,,,2025-05-22 16:58:50
5866,6,177,2023-12-14,11:30:00,,3,,2025-05-22 16:58:50
5867,9,469,2024-12-04,11:00:00,,,,2025-05-22 16:58:50
5868,5,277,2025-02-03,09:30:00,,3,部分展区很精彩，部分展区一般。,2025-05-22 16:58:50
5869,6,587,2025-04-16,13:00:00,,,,2025-05-22 16:58:50
5870,8,467,2024-09-16,15:45:00,37,4,,2025-05-22 16:58:50
5871,2,7,2024-08-08,13:30:00,,,,2025-05-22 16:58:50
5872,6,784,2024-03-24,15:00:00,,5,,2025-05-22 16:58:50
5873,5,244,2024-09-03,11:45:00,,4,交通便利，设施完善。,2025-05-22 16:58:50
5874,2,40,2024-10-12,10:00:00,,5,,2025-05-22 16:58:50
5875,5,673,2024-04-25,14:45:00,,4,,2025-05-22 16:58:50
5876,7,461,2024-01-12,10:45:00,,,,2025-05-22 16:58:50
5877,7,550,2025-02-28,10:15:00,,4,,2025-05-22 16:58:50
5878,4,101,2024-10-27,12:45:00,,,,2025-05-22 16:58:50
5879,1,378,2024-09-08,14:00:00,,,,2025-05-22 16:58:50
5880,7,720,2024-07-20,16:30:00,,,,2025-05-22 16:58:50
5881,9,376,2025-01-12,09:45:00,,,,2025-05-22 16:58:50
5882,7,424,2024-09-24,16:00:00,,,停车不太方便。,2025-05-22 16:58:50
5883,6,736,2024-08-30,14:00:00,,5,展览内容非常丰富，很有教育意义。,2025-05-22 16:58:50
5884,5,87,2023-10-04,12:00:00,,3,,2025-05-22 16:58:50
5885,4,498,2025-01-10,10:30:00,,3,部分展区很精彩，部分展区一般。,2025-05-22 16:58:50
5886,8,125,2025-03-29,15:45:00,,,,2025-05-22 16:58:50
5887,1,710,2024-07-30,11:30:00,,5,,2025-05-22 16:58:50
5888,11,179,2024-04-29,12:15:00,,3,希望能增加互动性的展品。,2025-05-22 16:58:50
5889,1,24,2024-12-18,15:30:00,,4,,2025-05-22 16:58:50
5890,9,810,2024-02-24,12:15:00,,4,,2025-05-22 16:58:50
5891,11,772,2025-05-22,10:00:00,,5,,2025-05-22 16:58:50
5892,7,453,2024-12-14,12:00:00,,5,展览内容非常丰富，很有教育意义。,2025-05-22 16:58:50
5893,5,603,2024-12-08,09:45:00,,4,,2025-05-22 16:58:50
5894,3,70,2024-05-26,11:45:00,,3,,2025-05-22 16:58:50
5895,3,902,2025-01-04,09:00:00,,4,交通便利，设施完善。,2025-05-22 16:58:50
5896,1,785,2024-08-23,14:15:00,,5,,2025-05-22 16:58:50
5897,9,392,2023-10-11,11:30:00,,5,讲解员专业知识丰富，讲解生动。,2025-05-22 16:58:50
5898,4,297,2024-06-30,13:15:00,,,,2025-05-22 16:58:50
5899,5,606,2023-11-23,09:30:00,,3,,2025-05-22 16:58:50
5900,7,267,2025-05-07,16:00:00,3,4,,2025-05-22 16:58:50
5901,6,997,2024-08-05,15:00:00,,,,2025-05-22 16:58:50
5902,9,559,2024-01-12,16:00:00,,4,,2025-05-22 16:58:50
5903,8,2,2024-11-26,16:45:00,,3,,2025-05-22 16:58:50
5904,9,828,2025-01-06,10:30:00,,5,,2025-05-22 16:58:50
5905,3,19,2024-08-22,11:30:00,,,,2025-05-22 16:58:50
5906,3,369,2025-01-22,11:30:00,,,,2025-05-22 16:58:50
5907,8,642,2024-07-20,16:00:00,,,,2025-05-22 16:58:50
5908,2,506,2024-08-07,15:30:00,,3,,2025-05-22 16:58:50
5909,9,580,2023-12-14,16:00:00,,,,2025-05-22 16:58:50
5910,3,536,2023-12-25,16:00:00,,5,,2025-05-22 16:58:50
5911,7,904,2023-09-22,13:30:00,,,,2025-05-22 16:58:50
5912,7,554,2023-09-10,14:00:00,,,整体还不错，但有提升空间。,2025-05-22 16:58:50
5913,4,272,2025-01-28,14:30:00,49,,,2025-05-22 16:58:50
5914,8,615,2025-01-23,13:30:00,,3,,2025-05-22 16:58:50
5915,1,370,2023-09-06,14:00:00,,3,部分展区很精彩，部分展区一般。,2025-05-22 16:58:50
5916,6,181,2025-04-07,11:00:00,,5,讲解员专业知识丰富，讲解生动。,2025-05-22 16:58:50
5917,3,947,2024-10-07,11:00:00,,5,,2025-05-22 16:58:50
5918,9,657,2025-01-31,15:45:00,,5,,2025-05-22 16:58:50
5919,2,234,2025-03-17,12:45:00,,5,,2025-05-22 16:58:50
5920,7,661,2024-03-22,12:15:00,,4,,2025-05-22 16:58:50
5921,8,843,2025-02-21,12:30:00,,,,2025-05-22 16:58:50
5922,1,521,2024-08-18,16:00:00,,,,2025-05-22 16:58:50
5923,8,701,2023-12-30,15:00:00,,4,,2025-05-22 16:58:50
5924,2,119,2025-01-01,12:30:00,,,,2025-05-22 16:58:50
5925,4,874,2025-03-10,12:45:00,,,,2025-05-22 16:58:50
5926,9,989,2024-10-26,15:00:00,,,,2025-05-22 16:58:50
5927,1,334,2025-03-23,12:00:00,,5,讲解员专业知识丰富，讲解生动。,2025-05-22 16:58:50
5928,4,298,2023-10-10,10:45:00,,,,2025-05-22 16:58:50
5929,8,924,2025-04-22,15:15:00,,,,2025-05-22 16:58:50
5930,2,31,2024-02-12,13:00:00,,,,2025-05-22 16:58:50
5931,7,881,2024-05-27,12:00:00,,,建议增加外语讲解服务。,2025-05-22 16:58:50
5932,4,791,2024-12-29,10:15:00,49,,,2025-05-22 16:58:50
5933,3,36,2023-09-17,11:45:00,,4,,2025-05-22 16:58:50
5934,10,935,2024-09-07,16:30:00,,,,2025-05-22 16:58:50
5935,4,330,2024-09-01,12:00:00,,4,,2025-05-22 16:58:50
5936,5,322,2025-04-24,09:30:00,,5,,2025-05-22 16:58:50
5937,4,156,2025-04-15,12:15:00,,3,,2025-05-22 16:58:50
5938,1,821,2025-03-31,12:15:00,,4,,2025-05-22 16:58:50
5939,5,227,2024-09-06,16:15:00,,,,2025-05-22 16:58:50
5940,6,959,2023-07-09,14:00:00,,3,希望能增加互动性的展品。,2025-05-22 16:58:50
5941,3,682,2023-06-30,11:45:00,,5,展览内容非常丰富，很有教育意义。,2025-05-22 16:58:50
5942,9,354,2024-08-09,16:00:00,,3,,2025-05-22 16:58:50
5943,8,920,2024-04-24,11:15:00,,4,交通便利，设施完善。,2025-05-22 16:58:50
5944,11,532,2025-02-12,15:00:00,,,整体还不错，但有提升空间。,2025-05-22 16:58:50
5945,9,717,2024-09-11,10:15:00,,3,建议增加外语讲解服务。,2025-05-22 16:58:50
5946,1,183,2025-03-04,13:15:00,,5,交通便利，设施完善。,2025-05-22 16:58:50
5947,6,63,2025-02-02,13:00:00,,,部分展区很精彩，部分展区一般。,2025-05-22 16:58:50
5948,6,72,2024-10-11,15:00:00,,4,,2025-05-22 16:58:50
5949,3,694,2023-08-14,12:30:00,,3,,2025-05-22 16:58:50
5950,3,611,2023-12-28,09:45:00,,,,2025-05-22 16:58:50
5951,2,387,2024-04-15,12:00:00,,5,,2025-05-22 16:58:50
5952,4,61,2025-05-17,12:30:00,,3,,2025-05-22 16:58:50
5953,9,790,2024-12-14,12:00:00,,5,,2025-05-22 16:58:50
5954,4,791,2023-12-29,16:15:00,,3,,2025-05-22 16:58:50
5955,8,782,2024-05-27,12:00:00,,,,2025-05-22 16:58:50
5956,7,79,2024-09-17,11:15:00,,,,2025-05-22 16:58:50
5957,3,103,2024-05-26,13:15:00,,3,,2025-05-22 16:58:50
5958,4,981,2024-08-21,15:30:00,,3,,2025-05-22 16:58:50
5959,2,769,2025-01-08,14:15:00,,4,,2025-05-22 16:58:50
5960,4,894,2024-06-01,14:00:00,,,,2025-05-22 16:58:50
5961,11,983,2024-08-27,10:15:00,,,,2025-05-22 16:58:50
5962,3,431,2023-11-11,16:00:00,,5,很适合带孩子来参观学习。,2025-05-22 16:58:50
5963,5,153,2024-03-18,16:00:00,,4,,2025-05-22 16:58:50
5964,6,757,2024-02-10,11:45:00,,,,2025-05-22 16:58:50
5965,8,380,2025-01-06,12:45:00,,,,2025-05-22 16:58:50
5966,2,151,2024-08-18,16:45:00,,5,,2025-05-22 16:58:50
5967,2,51,2025-05-21,09:00:00,,4,讲解员专业知识丰富，讲解生动。,2025-05-22 16:58:50
5968,4,182,2024-07-12,12:30:00,,3,停车不太方便。,2025-05-22 16:58:50
5969,1,971,2025-04-07,13:30:00,,,,2025-05-22 16:58:50
5970,5,72,2024-03-31,10:15:00,,4,,2025-05-22 16:58:50
5971,2,522,2023-08-11,13:15:00,,,建议增加外语讲解服务。,2025-05-22 16:58:50
5972,4,274,2024-03-10,13:45:00,,4,,2025-05-22 16:58:50
5973,11,497,2024-11-22,16:30:00,,4,,2025-05-22 16:58:50
5974,4,874,2024-08-30,12:00:00,,5,,2025-05-22 16:58:50
5975,11,168,2024-01-20,11:00:00,,4,,2025-05-22 16:58:50
5976,10,110,2024-03-29,09:45:00,,3,,2025-05-22 16:58:50
5977,2,226,2024-07-06,10:45:00,,,,2025-05-22 16:58:50
5978,5,960,2024-03-28,11:15:00,,,,2025-05-22 16:58:50
5979,1,670,2024-06-01,15:30:00,,4,,2025-05-22 16:58:50
5980,10,901,2024-12-24,15:15:00,,5,,2025-05-22 16:58:50
5981,2,33,2024-02-03,11:30:00,,,,2025-05-22 16:58:50
5982,8,365,2025-02-21,12:00:00,,3,部分展区很精彩，部分展区一般。,2025-05-22 16:58:50
5983,10,505,2024-09-28,13:15:00,,3,希望能增加互动性的展品。,2025-05-22 16:58:50
5984,2,570,2024-04-15,15:45:00,,,整体还不错，但有提升空间。,2025-05-22 16:58:50
5985,8,850,2024-12-26,14:45:00,,,,2025-05-22 16:58:50
5986,8,14,2024-02-29,09:45:00,,,,2025-05-22 16:58:50
5987,11,649,2024-11-03,12:00:00,,5,讲解员专业知识丰富，讲解生动。,2025-05-22 16:58:50
5988,6,367,2024-09-08,10:45:00,,4,,2025-05-22 16:58:50
5989,8,871,2025-05-03,14:15:00,,3,建议增加外语讲解服务。,2025-05-22 16:58:50
5990,8,741,2024-07-19,13:45:00,,,,2025-05-22 16:58:50
5991,2,525,2024-10-03,16:15:00,,4,,2025-05-22 16:58:50
5992,9,170,2024-04-01,10:45:00,,3,,2025-05-22 16:58:50
5993,9,278,2025-03-17,16:00:00,,,整体还不错，但有提升空间。,2025-05-22 16:58:50
5994,5,376,2024-09-08,14:15:00,,,,2025-05-22 16:58:50
5995,8,795,2024-07-29,15:00:00,,,部分展区很精彩，部分展区一般。,2025-05-22 16:58:50
5996,9,837,2024-07-16,13:00:00,23,,,2025-05-22 16:58:50
5997,1,754,2025-02-27,10:45:00,,3,,2025-05-22 16:58:50
5998,6,736,2024-03-07,12:15:00,,,,2025-05-22 16:58:50
5999,6,667,2024-08-19,14:30:00,,,,2025-05-22 16:58:50
6000,7,556,2024-11-01,10:15:00,,5,,2025-05-22 16:58:50
6001,10,284,2025-01-20,10:00:00,,,,2025-05-22 16:58:50
6002,7,809,2025-03-22,11:45:00,3,4,,2025-05-22 16:58:50
6003,4,495,2023-09-07,14:45:00,,3,希望能增加互动性的展品。,2025-05-22 16:58:50
6004,2,667,2025-01-16,13:45:00,,4,,2025-05-22 16:58:50
6005,4,750,2024-11-08,16:45:00,,,,2025-05-22 16:58:50
6006,4,912,2024-08-11,16:15:00,,5,,2025-05-22 16:58:50
6007,4,54,2024-11-30,13:15:00,,3,,2025-05-22 16:58:50
6008,2,451,2024-06-25,11:15:00,,5,,2025-05-22 16:58:50
6009,9,225,2024-10-16,11:15:00,,5,,2025-05-22 16:58:50
6010,4,101,2024-07-30,10:30:00,,5,,2025-05-22 16:58:50
6011,8,521,2023-12-13,12:15:00,,3,,2025-05-22 16:58:50
6012,8,328,2025-05-05,09:45:00,,3,部分展区很精彩，部分展区一般。,2025-05-22 16:58:50
6013,8,353,2025-02-15,15:30:00,,4,很适合带孩子来参观学习。,2025-05-22 16:58:50
6014,4,738,2025-01-02,10:15:00,49,5,,2025-05-22 16:58:50
6015,3,200,2025-01-03,11:30:00,,,,2025-05-22 16:58:50
6016,6,857,2024-11-16,15:45:00,,5,展览内容非常丰富，很有教育意义。,2025-05-22 16:58:50
6017,3,26,2024-12-04,13:00:00,,4,,2025-05-22 16:58:50
6018,9,152,2023-08-24,11:45:00,,5,,2025-05-22 16:58:50
6019,9,799,2024-07-25,11:15:00,,3,,2025-05-22 16:58:50
6020,2,124,2024-04-18,09:45:00,,,希望能增加互动性的展品。,2025-05-22 16:58:50
6021,8,591,2025-03-15,10:15:00,,3,,2025-05-22 16:58:50
6022,6,114,2023-06-07,13:15:00,,4,,2025-05-22 16:58:50
6023,2,762,2024-09-13,12:15:00,,5,,2025-05-22 16:58:50
6024,2,241,2025-03-18,09:15:00,,3,,2025-05-22 16:58:50
6025,10,367,2025-02-27,11:45:00,,,部分展区很精彩，部分展区一般。,2025-05-22 16:58:50
6026,2,280,2024-05-02,13:00:00,,3,整体还不错，但有提升空间。,2025-05-22 16:58:50
6027,6,115,2024-07-30,13:00:00,,3,希望能增加互动性的展品。,2025-05-22 16:58:50
6028,7,642,2024-08-13,15:30:00,,5,,2025-05-22 16:58:50
6029,9,561,2024-08-20,12:30:00,23,,,2025-05-22 16:58:50
6030,1,942,2024-05-07,15:00:00,,4,,2025-05-22 16:58:50
6031,5,798,2024-05-05,15:00:00,,3,,2025-05-22 16:58:50
6032,8,361,2023-11-09,16:15:00,,5,,2025-05-22 16:58:50
6033,6,762,2023-06-02,13:15:00,,5,交通便利，设施完善。,2025-05-22 16:58:50
6034,6,893,2024-10-10,16:00:00,,,,2025-05-22 16:58:50
6035,8,999,2024-06-01,15:00:00,,5,,2025-05-22 16:58:50
6036,9,352,2023-08-12,12:45:00,,3,,2025-05-22 16:58:50
6037,5,432,2023-06-29,11:00:00,,,希望能增加互动性的展品。,2025-05-22 16:58:50
6038,10,943,2023-11-11,11:30:00,,5,,2025-05-22 16:58:50
6039,5,183,2024-05-13,14:45:00,,4,,2025-05-22 16:58:50
6040,7,808,2024-11-02,12:30:00,,,,2025-05-22 16:58:50
6041,2,392,2025-03-22,14:15:00,,,,2025-05-22 16:58:50
6042,6,799,2024-08-01,12:30:00,29,,,2025-05-22 16:58:50
6043,10,635,2024-02-18,12:00:00,,5,很适合带孩子来参观学习。,2025-05-22 16:58:50
6044,4,933,2024-08-01,15:45:00,,5,展览内容非常丰富，很有教育意义。,2025-05-22 16:58:50
6045,1,443,2025-02-10,10:45:00,,3,,2025-05-22 16:58:50
6046,2,222,2024-08-10,15:15:00,,,,2025-05-22 16:58:50
6047,1,56,2024-06-24,15:45:00,,5,展览内容非常丰富，很有教育意义。,2025-05-22 16:58:50
6048,1,864,2024-08-17,09:15:00,,5,,2025-05-22 16:58:50
6049,2,151,2024-06-04,15:45:00,,3,,2025-05-22 16:58:50
6050,8,388,2024-04-22,14:30:00,,,建议增加外语讲解服务。,2025-05-22 16:58:50
6051,3,587,2025-05-22,12:30:00,,3,,2025-05-22 16:58:50
6052,8,614,2025-03-06,10:15:00,,,,2025-05-22 16:58:50
6053,5,917,2024-09-21,11:15:00,,,,2025-05-22 16:58:50
6054,5,579,2024-12-16,09:00:00,,3,,2025-05-22 16:58:50
6055,2,804,2025-03-01,14:30:00,,5,,2025-05-22 16:58:50
6056,10,224,2023-06-21,12:15:00,,,希望能增加互动性的展品。,2025-05-22 16:58:50
6057,1,424,2023-08-18,14:00:00,,3,停车不太方便。,2025-05-22 16:58:50
6058,5,423,2025-01-13,14:00:00,,,,2025-05-22 16:58:50
6059,7,787,2024-11-13,12:30:00,,5,,2025-05-22 16:58:50
6060,7,651,2024-07-11,16:45:00,,,,2025-05-22 16:58:50
6061,7,339,2025-01-05,12:30:00,,,,2025-05-22 16:58:50
6062,1,899,2024-02-25,12:00:00,,,,2025-05-22 16:58:50
6063,10,223,2024-09-04,09:45:00,,4,,2025-05-22 16:58:50
6064,1,903,2023-10-25,11:15:00,,,,2025-05-22 16:58:50
6065,3,637,2023-09-11,13:00:00,,3,,2025-05-22 16:58:50
6066,3,85,2025-02-08,15:30:00,,5,展览内容非常丰富，很有教育意义。,2025-05-22 16:58:50
6067,3,850,2024-10-26,14:30:00,,3,停车不太方便。,2025-05-22 16:58:50
6068,2,57,2025-03-04,09:00:00,,,,2025-05-22 16:58:50
6069,6,442,2024-09-29,14:00:00,,3,,2025-05-22 16:58:50
6070,1,395,2024-12-17,13:45:00,,5,,2025-05-22 16:58:50
6071,8,459,2024-02-09,12:15:00,,4,,2025-05-22 16:58:50
6072,2,626,2023-09-13,13:00:00,,5,,2025-05-22 16:58:50
6073,6,939,2025-02-10,15:00:00,,4,,2025-05-22 16:58:50
6074,9,992,2023-08-20,11:30:00,,,,2025-05-22 16:58:50
6075,3,880,2025-01-27,12:15:00,,4,,2025-05-22 16:58:50
6076,11,847,2024-11-23,14:00:00,,4,,2025-05-22 16:58:50
6077,4,134,2024-06-04,10:15:00,,,希望能增加互动性的展品。,2025-05-22 16:58:50
6078,5,604,2024-04-18,09:45:00,,,,2025-05-22 16:58:50
6079,5,345,2024-05-26,15:15:00,,5,,2025-05-22 16:58:50
6080,10,765,2024-11-22,16:45:00,,,,2025-05-22 16:58:50
6081,11,127,2024-12-01,10:00:00,,,,2025-05-22 16:58:50
6082,2,621,2024-05-02,13:15:00,,3,,2025-05-22 16:58:50
6083,2,86,2024-12-16,14:00:00,,,,2025-05-22 16:58:50
6084,1,711,2025-05-19,09:15:00,50,,,2025-05-22 16:58:50
6085,6,982,2025-04-22,16:45:00,,4,,2025-05-22 16:58:50
6086,6,538,2025-01-25,10:30:00,,3,,2025-05-22 16:58:50
6087,4,257,2024-02-16,13:15:00,,,,2025-05-22 16:58:50
6088,8,956,2024-05-28,09:00:00,,5,交通便利，设施完善。,2025-05-22 16:58:50
6089,2,862,2024-04-08,12:15:00,,4,,2025-05-22 16:58:50
6090,5,506,2024-07-26,15:00:00,,4,,2025-05-22 16:58:50
6091,8,132,2024-12-07,14:30:00,,5,,2025-05-22 16:58:50
6092,2,754,2023-08-04,11:00:00,,,,2025-05-22 16:58:50
6093,6,332,2024-09-09,10:15:00,,4,,2025-05-22 16:58:50
6094,2,935,2025-05-14,09:15:00,,4,,2025-05-22 16:58:50
6095,6,40,2024-02-07,11:00:00,,,,2025-05-22 16:58:50
6096,4,388,2024-06-15,16:30:00,,5,,2025-05-22 16:58:50
6097,5,7,2024-08-16,10:45:00,,,,2025-05-22 16:58:50
6098,5,363,2024-07-02,10:30:00,,3,,2025-05-22 16:58:50
6099,7,873,2025-03-18,12:00:00,3,3,,2025-05-22 16:58:50
6100,2,973,2023-08-13,13:15:00,,,,2025-05-22 16:58:50
6101,4,938,2024-07-20,15:00:00,,3,,2025-05-22 16:58:50
6102,2,797,2024-01-07,13:30:00,,5,,2025-05-22 16:58:50
6103,1,676,2024-10-22,11:00:00,,3,部分展区很精彩，部分展区一般。,2025-05-22 16:58:50
6104,9,695,2024-04-10,16:00:00,,4,,2025-05-22 16:58:50
6105,1,547,2024-03-23,11:00:00,,4,,2025-05-22 16:58:50
6106,3,444,2024-11-07,09:00:00,,4,交通便利，设施完善。,2025-05-22 16:58:50
6107,3,668,2024-02-04,12:45:00,,,,2025-05-22 16:58:50
6108,10,155,2023-07-18,16:30:00,,,,2025-05-22 16:58:50
6109,7,7,2024-06-11,14:15:00,,4,很适合带孩子来参观学习。,2025-05-22 16:58:50
6110,1,972,2025-04-26,10:30:00,,,建议增加外语讲解服务。,2025-05-22 16:58:50
6111,9,536,2025-05-02,10:45:00,,4,,2025-05-22 16:58:50
6112,9,625,2023-10-08,15:15:00,,5,,2025-05-22 16:58:50
6113,6,322,2024-08-23,11:45:00,,5,,2025-05-22 16:58:50
6114,9,593,2024-11-24,11:00:00,,5,,2025-05-22 16:58:50
6115,1,800,2024-05-03,16:30:00,,,,2025-05-22 16:58:50
6116,9,501,2024-08-23,16:00:00,,,,2025-05-22 16:58:50
6117,6,119,2024-08-05,16:15:00,29,,,2025-05-22 16:58:50
6118,1,710,2024-05-22,10:15:00,,,,2025-05-22 16:58:50
6119,2,991,2024-08-15,16:15:00,,5,展览内容非常丰富，很有教育意义。,2025-05-22 16:58:50
6120,9,827,2023-07-28,09:30:00,,,,2025-05-22 16:58:50
6121,9,932,2023-10-20,12:30:00,,,,2025-05-22 16:58:50
6122,11,523,2025-02-28,10:00:00,,,,2025-05-22 16:58:50
6123,9,384,2025-01-15,16:15:00,,5,,2025-05-22 16:58:50
6124,1,171,2023-10-07,12:30:00,,3,,2025-05-22 16:58:50
6125,11,499,2024-02-14,13:00:00,,3,,2025-05-22 16:58:50
6126,10,595,2024-10-03,15:45:00,,,,2025-05-22 16:58:50
6127,3,629,2025-03-11,09:15:00,,4,,2025-05-22 16:58:50
6128,9,746,2025-05-06,09:00:00,,3,,2025-05-22 16:58:50
6129,2,325,2024-04-10,16:00:00,,3,,2025-05-22 16:58:50
6130,8,471,2023-06-02,12:30:00,,,,2025-05-22 16:58:50
6131,9,165,2025-03-02,09:00:00,,4,,2025-05-22 16:58:50
6132,1,145,2024-11-01,10:45:00,,3,整体还不错，但有提升空间。,2025-05-22 16:58:50
6133,2,518,2025-02-06,09:00:00,,5,,2025-05-22 16:58:50
6134,3,699,2025-02-04,14:00:00,,,,2025-05-22 16:58:50
6135,5,67,2024-07-27,15:15:00,,3,,2025-05-22 16:58:50
6136,1,972,2024-07-03,10:00:00,,,,2025-05-22 16:58:50
6137,2,933,2025-01-27,15:00:00,,,,2025-05-22 16:58:50
6138,2,307,2024-08-28,12:30:00,,3,,2025-05-22 16:58:50
6139,1,873,2023-09-21,16:30:00,,4,,2025-05-22 16:58:50
6140,7,288,2023-12-23,09:00:00,,,,2025-05-22 16:58:50
6141,7,231,2025-01-23,10:45:00,,,,2025-05-22 16:58:50
6142,2,171,2024-12-08,15:45:00,,,,2025-05-22 16:58:50
6143,9,404,2025-04-19,15:30:00,,4,,2025-05-22 16:58:50
6144,5,180,2024-08-02,09:15:00,,,整体还不错，但有提升空间。,2025-05-22 16:58:50
6145,4,9,2024-07-16,16:00:00,,5,,2025-05-22 16:58:50
6146,2,545,2023-08-03,13:00:00,,3,,2025-05-22 16:58:50
6147,8,112,2024-11-20,12:15:00,,5,,2025-05-22 16:58:50
6148,1,316,2024-09-26,15:30:00,,,部分展区很精彩，部分展区一般。,2025-05-22 16:58:50
6149,11,879,2025-03-04,12:30:00,,,,2025-05-22 16:58:50
6150,2,327,2024-08-28,10:00:00,,4,,2025-05-22 16:58:50
6151,5,129,2025-02-24,11:30:00,,,部分展区很精彩，部分展区一般。,2025-05-22 16:58:50
6152,2,157,2024-05-26,10:45:00,,4,,2025-05-22 16:58:50
6153,8,545,2024-02-24,11:00:00,,5,,2025-05-22 16:58:50
6154,9,334,2025-01-20,09:00:00,,5,,2025-05-22 16:58:50
6155,9,902,2024-04-10,14:00:00,,,建议增加外语讲解服务。,2025-05-22 16:58:50
6156,7,723,2025-04-17,12:15:00,,,,2025-05-22 16:58:50
6157,3,450,2023-12-23,14:15:00,,,部分展区很精彩，部分展区一般。,2025-05-22 16:58:50
6158,8,972,2023-11-23,09:45:00,,,,2025-05-22 16:58:50
6159,9,74,2024-03-16,10:00:00,,5,展览内容非常丰富，很有教育意义。,2025-05-22 16:58:50
6160,10,221,2025-03-04,09:15:00,,,,2025-05-22 16:58:50
6161,9,29,2024-10-29,15:45:00,,5,,2025-05-22 16:58:50
6162,6,345,2024-05-29,15:15:00,,,,2025-05-22 16:58:50
6163,4,372,2024-01-25,12:45:00,,4,,2025-05-22 16:58:50
6164,6,974,2023-08-21,12:30:00,,,,2025-05-22 16:58:50
6165,2,874,2024-07-19,09:15:00,,5,,2025-05-22 16:58:50
6166,3,996,2023-08-26,13:00:00,,3,,2025-05-22 16:58:50
6167,6,330,2024-07-02,11:30:00,29,4,,2025-05-22 16:58:50
6168,6,847,2024-11-30,15:15:00,,,部分展区很精彩，部分展区一般。,2025-05-22 16:58:50
6169,3,285,2024-11-03,13:30:00,,,,2025-05-22 16:58:50
6170,3,939,2023-06-13,12:00:00,,,建议增加外语讲解服务。,2025-05-22 16:58:50
6171,1,952,2024-09-02,12:00:00,,5,,2025-05-22 16:58:50
6172,6,129,2023-07-30,12:00:00,,3,,2025-05-22 16:58:50
6173,1,396,2025-03-01,12:15:00,,,,2025-05-22 16:58:50
6174,7,347,2025-03-14,11:30:00,3,4,很适合带孩子来参观学习。,2025-05-22 16:58:50
6175,5,739,2025-04-15,12:45:00,,4,展览内容非常丰富，很有教育意义。,2025-05-22 16:58:50
6176,9,468,2024-11-05,12:30:00,,5,,2025-05-22 16:58:50
6177,9,336,2024-08-13,16:00:00,,4,,2025-05-22 16:58:50
6178,4,404,2024-11-27,09:45:00,,,,2025-05-22 16:58:50
6179,2,939,2024-03-27,13:45:00,,3,,2025-05-22 16:58:50
6180,11,354,2024-07-23,16:15:00,,,,2025-05-22 16:58:50
6181,4,109,2023-10-21,09:30:00,,3,,2025-05-22 16:58:50
6182,1,44,2024-09-05,13:30:00,,,,2025-05-22 16:58:50
6183,11,558,2023-11-10,16:45:00,,,,2025-05-22 16:58:50
6184,2,246,2024-07-10,12:45:00,,,,2025-05-22 16:58:50
6185,4,211,2024-09-08,15:15:00,,,,2025-05-22 16:58:50
6186,4,258,2024-03-12,16:30:00,,,,2025-05-22 16:58:50
6187,3,979,2025-03-20,09:45:00,,3,,2025-05-22 16:58:50
6188,4,590,2023-07-07,09:45:00,,4,,2025-05-22 16:58:50
6189,2,749,2024-11-14,09:30:00,,,,2025-05-22 16:58:50
6190,5,723,2025-04-17,11:00:00,,3,,2025-05-22 16:58:50
6191,8,268,2025-01-07,14:30:00,,5,,2025-05-22 16:58:50
6192,10,282,2024-07-25,10:45:00,,3,,2025-05-22 16:58:50
6193,2,972,2025-03-26,16:30:00,,5,,2025-05-22 16:58:50
6194,8,271,2024-08-27,09:15:00,39,,,2025-05-22 16:58:50
6195,4,595,2024-03-13,09:00:00,,,,2025-05-22 16:58:50
6196,4,282,2024-02-23,16:45:00,,3,,2025-05-22 16:58:50
6197,4,390,2024-10-03,14:30:00,,3,,2025-05-22 16:58:50
6198,6,677,2025-03-27,11:30:00,,4,,2025-05-22 16:58:50
6199,1,517,2024-09-16,15:15:00,,4,,2025-05-22 16:58:50
6200,1,261,2024-02-07,13:30:00,,3,,2025-05-22 16:58:50
6201,5,620,2024-08-27,09:30:00,,4,,2025-05-22 16:58:50
6202,3,634,2023-11-04,12:30:00,,5,,2025-05-22 16:58:50
6203,7,166,2024-06-23,14:30:00,,4,,2025-05-22 16:58:50
6204,11,899,2024-12-30,15:30:00,,4,,2025-05-22 16:58:50
6205,10,884,2023-06-05,10:30:00,,4,,2025-05-22 16:58:50
6206,3,278,2024-12-26,16:45:00,,5,,2025-05-22 16:58:50
6207,6,808,2024-09-08,11:30:00,,3,,2025-05-22 16:58:50
6208,3,929,2025-04-19,15:30:00,,5,,2025-05-22 16:58:50
6209,10,92,2024-11-04,11:30:00,,3,,2025-05-22 16:58:50
6210,4,718,2024-12-16,14:45:00,,,,2025-05-22 16:58:50
6211,7,926,2024-09-25,16:15:00,,,,2025-05-22 16:58:50
6212,10,350,2023-06-14,13:30:00,,,,2025-05-22 16:58:50
6213,6,134,2024-08-09,13:00:00,,,,2025-05-22 16:58:50
6214,5,738,2024-10-13,14:30:00,,4,,2025-05-22 16:58:50
6215,1,504,2024-01-30,14:15:00,,3,,2025-05-22 16:58:50
6216,10,845,2024-05-11,12:15:00,,5,,2025-05-22 16:58:50
6217,1,216,2024-10-19,10:30:00,,3,,2025-05-22 16:58:50
6218,1,763,2025-03-14,16:15:00,,,整体还不错，但有提升空间。,2025-05-22 16:58:50
6219,4,841,2024-08-27,13:30:00,,,整体还不错，但有提升空间。,2025-05-22 16:58:50
6220,7,74,2024-11-27,14:30:00,,,,2025-05-22 16:58:50
6221,9,163,2024-05-23,15:45:00,,,希望能增加互动性的展品。,2025-05-22 16:58:50
6222,3,766,2024-01-10,11:45:00,,4,,2025-05-22 16:58:50
6223,9,515,2025-01-11,12:45:00,,4,,2025-05-22 16:58:50
6224,10,407,2023-11-09,11:00:00,,3,,2025-05-22 16:58:50
6225,7,55,2024-11-12,16:45:00,,,,2025-05-22 16:58:50
6226,2,260,2025-04-29,10:00:00,,,,2025-05-22 16:58:50
6227,7,13,2024-01-03,10:45:00,,4,讲解员专业知识丰富，讲解生动。,2025-05-22 16:58:50
6228,5,656,2024-07-29,13:15:00,,,希望能增加互动性的展品。,2025-05-22 16:58:50
6229,11,640,2024-12-07,10:15:00,,,建议增加外语讲解服务。,2025-05-22 16:58:50
6230,3,351,2025-02-28,15:00:00,,,,2025-05-22 16:58:50
6231,2,649,2024-02-18,13:45:00,,,,2025-05-22 16:58:50
6232,5,168,2025-02-27,16:45:00,,,,2025-05-22 16:58:50
6233,1,46,2024-10-09,15:30:00,,,,2025-05-22 16:58:50
6234,11,921,2025-05-16,10:00:00,,3,,2025-05-22 16:58:50
6235,7,46,2024-12-02,09:15:00,,,,2025-05-22 16:58:50
6236,6,400,2025-01-25,14:15:00,,,,2025-05-22 16:58:50
6237,3,52,2023-06-24,11:45:00,,3,,2025-05-22 16:58:50
6238,5,86,2023-06-17,14:45:00,,4,,2025-05-22 16:58:50
6239,2,95,2024-09-02,11:00:00,,5,,2025-05-22 16:58:50
6240,9,365,2024-12-14,11:00:00,,4,,2025-05-22 16:58:50
6241,3,195,2025-02-27,16:30:00,,4,,2025-05-22 16:58:50
6242,2,556,2025-02-26,10:15:00,,5,,2025-05-22 16:58:50
6243,8,740,2023-07-04,11:00:00,,4,,2025-05-22 16:58:50
6244,5,884,2024-12-14,13:00:00,,4,活动组织得很好，环境舒适。,2025-05-22 16:58:50
6245,2,170,2025-02-18,10:00:00,,,,2025-05-22 16:58:50
6246,7,580,2024-09-22,16:45:00,,,,2025-05-22 16:58:50
6247,2,368,2024-06-03,09:45:00,,,,2025-05-22 16:58:50
6248,7,397,2023-06-13,10:30:00,,,,2025-05-22 16:58:50
6249,11,850,2025-05-21,13:15:00,,3,,2025-05-22 16:58:50
6250,2,686,2024-10-14,12:30:00,,3,,2025-05-22 16:58:50
6251,3,349,2023-11-04,15:15:00,,,,2025-05-22 16:58:50
6252,8,102,2023-11-18,15:30:00,,,,2025-05-22 16:58:50
6253,9,917,2024-11-30,11:45:00,,4,活动组织得很好，环境舒适。,2025-05-22 16:58:50
6254,2,622,2024-04-26,09:45:00,,,,2025-05-22 16:58:50
6255,10,515,2024-03-14,09:00:00,,3,,2025-05-22 16:58:50
6256,4,843,2025-04-24,14:15:00,,,,2025-05-22 16:58:50
6257,9,568,2024-10-11,13:30:00,,3,,2025-05-22 16:58:50
6258,9,211,2025-01-25,14:00:00,,5,,2025-05-22 16:58:50
6259,4,869,2024-10-28,09:15:00,,,,2025-05-22 16:58:50
6260,3,860,2024-11-15,09:15:00,,4,,2025-05-22 16:58:50
6261,3,73,2024-08-12,13:45:00,,4,,2025-05-22 16:58:50
6262,6,519,2025-01-04,09:15:00,,,,2025-05-22 16:58:50
6263,5,179,2024-07-03,16:45:00,,3,,2025-05-22 16:58:50
6264,4,881,2024-11-30,11:45:00,,4,展览内容非常丰富，很有教育意义。,2025-05-22 16:58:50
6265,3,954,2024-03-21,12:15:00,,3,,2025-05-22 16:58:50
6266,8,20,2024-08-13,10:15:00,,5,,2025-05-22 16:58:50
6267,4,440,2024-05-26,11:00:00,,5,,2025-05-22 16:58:50
6268,8,353,2024-07-02,16:15:00,,,,2025-05-22 16:58:50
6269,5,505,2023-10-07,15:00:00,,,整体还不错，但有提升空间。,2025-05-22 16:58:50
6270,5,30,2024-05-24,13:30:00,,4,活动组织得很好，环境舒适。,2025-05-22 16:58:50
6271,2,298,2025-04-29,10:00:00,,,,2025-05-22 16:58:50
6272,6,514,2023-08-12,11:45:00,,3,部分展区很精彩，部分展区一般。,2025-05-22 16:58:50
6273,3,515,2023-11-16,13:45:00,,4,,2025-05-22 16:58:50
6274,5,196,2024-01-31,13:30:00,,4,,2025-05-22 16:58:50
6275,7,936,2024-06-02,11:30:00,,3,,2025-05-22 16:58:50
6276,4,232,2024-07-28,15:15:00,,3,希望能增加互动性的展品。,2025-05-22 16:58:50
6277,1,319,2024-08-20,16:15:00,,5,,2025-05-22 16:58:50
6278,2,508,2024-11-14,10:45:00,,5,,2025-05-22 16:58:50
6279,2,236,2024-12-11,10:30:00,,4,,2025-05-22 16:58:50
6280,2,155,2025-02-05,14:00:00,,3,整体还不错，但有提升空间。,2025-05-22 16:58:50
6281,3,596,2025-03-17,16:30:00,,,,2025-05-22 16:58:50
6282,1,828,2024-10-27,09:15:00,,,,2025-05-22 16:58:50
6283,7,941,2025-01-20,10:45:00,,4,活动组织得很好，环境舒适。,2025-05-22 16:58:50
6284,11,793,2024-02-14,13:45:00,,4,讲解员专业知识丰富，讲解生动。,2025-05-22 16:58:50
6285,9,138,2025-04-29,09:30:00,,,,2025-05-22 16:58:50
6286,8,886,2024-12-15,11:45:00,,,建议增加外语讲解服务。,2025-05-22 16:58:50
6287,4,133,2024-10-07,13:45:00,,5,,2025-05-22 16:58:50
6288,9,43,2024-03-14,10:00:00,,5,,2025-05-22 16:58:50
6289,4,453,2024-02-13,11:45:00,,4,,2025-05-22 16:58:50
6290,9,219,2024-06-13,14:00:00,,,建议增加外语讲解服务。,2025-05-22 16:58:50
6291,7,582,2023-10-06,16:00:00,,3,,2025-05-22 16:58:50
6292,2,968,2024-07-09,16:30:00,,3,,2025-05-22 16:58:50
6293,5,739,2024-01-31,09:45:00,,,,2025-05-22 16:58:50
6294,8,787,2024-08-19,14:00:00,,3,,2025-05-22 16:58:50
6295,8,563,2023-09-08,15:00:00,,,,2025-05-22 16:58:50
6296,8,374,2024-10-22,10:15:00,37,,,2025-05-22 16:58:50
6297,4,499,2023-12-19,12:15:00,,4,活动组织得很好，环境舒适。,2025-05-22 16:58:50
6298,4,316,2024-09-14,11:45:00,,,,2025-05-22 16:58:50
6299,10,480,2024-12-25,12:15:00,,3,希望能增加互动性的展品。,2025-05-22 16:58:50
6300,10,768,2024-02-28,15:15:00,,5,交通便利，设施完善。,2025-05-22 16:58:50
6301,3,303,2025-05-20,09:30:00,,,,2025-05-22 16:58:50
6302,3,315,2024-03-03,12:45:00,,,,2025-05-22 16:58:50
6303,2,577,2024-12-24,14:15:00,,,,2025-05-22 16:58:50
6304,1,172,2024-11-22,11:45:00,33,4,,2025-05-22 16:58:50
6305,6,471,2024-01-26,13:45:00,,,,2025-05-22 16:58:50
6306,9,662,2024-05-30,12:45:00,,3,,2025-05-22 16:58:50
6307,11,474,2024-02-05,16:15:00,,,建议增加外语讲解服务。,2025-05-22 16:58:50
6308,4,196,2023-10-16,15:15:00,,,,2025-05-22 16:58:50
6309,3,340,2025-02-02,10:45:00,,4,,2025-05-22 16:58:50
6310,11,609,2024-07-12,10:45:00,,,,2025-05-22 16:58:50
6311,7,239,2025-03-19,12:00:00,,,,2025-05-22 16:58:50
6312,7,596,2024-11-25,13:15:00,,,,2025-05-22 16:58:50
6313,4,928,2025-04-10,16:15:00,,,,2025-05-22 16:58:50
6314,3,460,2024-12-22,10:30:00,,4,,2025-05-22 16:58:50
6315,3,201,2024-07-05,11:15:00,,4,,2025-05-22 16:58:50
6316,1,795,2025-05-03,09:15:00,,,,2025-05-22 16:58:50
6317,7,504,2024-12-28,15:30:00,,,,2025-05-22 16:58:50
6318,6,728,2023-09-07,11:00:00,,3,,2025-05-22 16:58:50
6319,2,991,2023-10-09,11:30:00,,5,交通便利，设施完善。,2025-05-22 16:58:50
6320,6,439,2024-08-01,14:15:00,,4,,2025-05-22 16:58:50
6321,6,502,2023-11-20,09:15:00,,,,2025-05-22 16:58:50
6322,1,173,2025-05-21,13:15:00,,4,,2025-05-22 16:58:50
6323,7,880,2025-04-11,10:30:00,,4,,2025-05-22 16:58:50
6324,11,304,2023-11-17,13:00:00,,3,,2025-05-22 16:58:50
6325,6,103,2024-10-10,14:15:00,,,,2025-05-22 16:58:50
6326,8,373,2024-01-23,11:45:00,,,部分展区很精彩，部分展区一般。,2025-05-22 16:58:50
6327,7,677,2024-11-04,15:15:00,,5,活动组织得很好，环境舒适。,2025-05-22 16:58:50
6328,4,176,2024-07-14,09:45:00,,4,,2025-05-22 16:58:50
6329,9,663,2025-02-15,14:45:00,,4,交通便利，设施完善。,2025-05-22 16:58:50
6330,2,109,2024-09-12,16:30:00,,4,,2025-05-22 16:58:50
6331,10,741,2024-12-18,15:45:00,,5,展览内容非常丰富，很有教育意义。,2025-05-22 16:58:50
6332,1,931,2023-08-01,09:45:00,,3,,2025-05-22 16:58:50
6333,5,712,2024-05-29,14:00:00,,5,,2025-05-22 16:58:50
6334,5,387,2025-02-09,09:30:00,,3,,2025-05-22 16:58:50
6335,7,840,2023-12-09,10:30:00,,3,,2025-05-22 16:58:50
6336,6,284,2024-08-26,15:30:00,,,,2025-05-22 16:58:50
6337,2,753,2025-01-17,15:15:00,,,,2025-05-22 16:58:50
6338,2,793,2024-08-19,16:45:00,,,,2025-05-22 16:58:50
6339,7,112,2023-09-17,10:45:00,,,,2025-05-22 16:58:50
6340,9,883,2023-07-16,14:00:00,,3,希望能增加互动性的展品。,2025-05-22 16:58:50
6341,6,652,2023-08-29,09:45:00,,5,,2025-05-22 16:58:50
6342,5,938,2023-11-07,13:45:00,,5,,2025-05-22 16:58:50
6343,1,467,2024-10-18,12:30:00,,3,,2025-05-22 16:58:50
6344,7,144,2024-05-04,14:45:00,,3,,2025-05-22 16:58:50
6345,4,640,2024-01-26,12:45:00,,3,,2025-05-22 16:58:50
6346,7,380,2024-04-23,10:00:00,,,,2025-05-22 16:58:50
6347,1,925,2023-08-13,15:30:00,,4,交通便利，设施完善。,2025-05-22 16:58:50
6348,1,971,2024-08-14,09:15:00,,,,2025-05-22 16:58:50
6349,5,931,2024-08-20,13:30:00,,4,,2025-05-22 16:58:50
6350,5,663,2024-03-02,12:45:00,,3,,2025-05-22 16:58:50
6351,6,928,2023-08-16,15:45:00,,,,2025-05-22 16:58:50
6352,10,476,2023-06-16,12:30:00,,,,2025-05-22 16:58:50
6353,1,396,2023-10-24,12:15:00,,5,,2025-05-22 16:58:50
6354,1,140,2024-07-04,15:00:00,,5,,2025-05-22 16:58:50
6355,4,869,2024-12-18,12:45:00,,4,,2025-05-22 16:58:50
6356,2,410,2024-09-08,14:15:00,,5,,2025-05-22 16:58:50
6357,7,376,2025-05-09,12:00:00,,4,,2025-05-22 16:58:50
6358,2,279,2024-05-19,14:15:00,,,,2025-05-22 16:58:50
6359,5,868,2024-03-20,14:15:00,,5,活动组织得很好，环境舒适。,2025-05-22 16:58:50
6360,3,410,2025-05-03,10:45:00,,3,,2025-05-22 16:58:50
6361,2,471,2024-08-09,13:15:00,,3,希望能增加互动性的展品。,2025-05-22 16:58:50
6362,3,806,2025-04-20,12:30:00,,4,很适合带孩子来参观学习。,2025-05-22 16:58:50
6363,1,839,2024-07-31,10:45:00,,,,2025-05-22 16:58:50
6364,1,836,2025-03-01,12:15:00,,,建议增加外语讲解服务。,2025-05-22 16:58:50
6365,1,905,2024-05-12,14:00:00,,4,交通便利，设施完善。,2025-05-22 16:58:50
6366,4,984,2024-10-11,14:30:00,,,,2025-05-22 16:58:50
6367,1,849,2023-10-23,15:15:00,,3,,2025-05-22 16:58:50
6368,5,278,2024-12-18,12:30:00,,4,,2025-05-22 16:58:50
6369,7,602,2024-12-09,09:30:00,,3,,2025-05-22 16:58:50
6370,8,501,2024-11-05,09:30:00,,,,2025-05-22 16:58:50
6371,7,58,2024-03-15,13:30:00,,3,,2025-05-22 16:58:50
6372,8,538,2024-09-20,11:00:00,,,,2025-05-22 16:58:50
6373,5,765,2024-11-22,13:15:00,,4,,2025-05-22 16:58:50
6374,1,322,2023-12-16,15:30:00,,5,,2025-05-22 16:58:50
6375,5,55,2025-01-30,16:00:00,,4,,2025-05-22 16:58:50
6376,8,789,2025-05-13,10:45:00,,,,2025-05-22 16:58:50
6377,8,463,2023-10-25,16:30:00,,5,讲解员专业知识丰富，讲解生动。,2025-05-22 16:58:50
6378,1,673,2024-09-15,15:45:00,,,,2025-05-22 16:58:50
6379,10,91,2024-02-10,12:30:00,,4,,2025-05-22 16:58:50
6380,5,756,2024-05-14,09:45:00,,,,2025-05-22 16:58:50
6381,6,493,2025-03-30,16:15:00,,,,2025-05-22 16:58:50
6382,9,439,2023-08-10,11:45:00,,5,,2025-05-22 16:58:50
6383,3,722,2024-10-15,14:00:00,,5,,2025-05-22 16:58:50
6384,9,6,2024-11-09,13:15:00,,3,,2025-05-22 16:58:50
6385,8,10,2023-12-27,15:15:00,,5,,2025-05-22 16:58:50
6386,6,621,2024-07-03,14:45:00,29,4,,2025-05-22 16:58:50
6387,8,850,2023-10-15,10:15:00,,,,2025-05-22 16:58:50
6388,4,66,2023-11-05,09:15:00,,,,2025-05-22 16:58:50
6389,6,80,2025-03-24,15:15:00,,5,,2025-05-22 16:58:50
6390,6,585,2023-11-29,11:45:00,,4,,2025-05-22 16:58:50
6391,10,970,2024-06-10,15:00:00,,3,,2025-05-22 16:58:50
6392,3,680,2025-04-29,12:00:00,,,,2025-05-22 16:58:50
6393,3,791,2024-10-04,09:00:00,,5,活动组织得很好，环境舒适。,2025-05-22 16:58:50
6394,1,104,2024-09-10,15:30:00,,,,2025-05-22 16:58:50
6395,4,872,2024-04-11,11:00:00,,5,,2025-05-22 16:58:50
6396,2,251,2025-05-01,12:15:00,,,,2025-05-22 16:58:50
6397,5,397,2024-08-23,12:00:00,,5,,2025-05-22 16:58:50
6398,11,379,2024-06-18,12:45:00,,,,2025-05-22 16:58:50
6399,10,395,2025-04-27,12:45:00,,3,停车不太方便。,2025-05-22 16:58:50
6400,10,601,2024-02-06,10:00:00,,3,,2025-05-22 16:58:50
6401,5,896,2024-05-19,13:45:00,,4,,2025-05-22 16:58:50
6402,9,214,2024-02-11,09:15:00,,,部分展区很精彩，部分展区一般。,2025-05-22 16:58:50
6403,7,432,2024-07-09,10:45:00,,,,2025-05-22 16:58:50
6404,7,590,2024-03-15,11:30:00,,5,讲解员专业知识丰富，讲解生动。,2025-05-22 16:58:50
6405,2,894,2024-11-22,10:45:00,,5,,2025-05-22 16:58:50
6406,2,30,2025-03-27,12:45:00,,,,2025-05-22 16:58:50
6407,7,257,2024-10-01,10:15:00,,3,,2025-05-22 16:58:50
6408,7,738,2024-01-13,10:00:00,,4,,2025-05-22 16:58:50
6409,5,420,2025-02-10,12:30:00,,5,很适合带孩子来参观学习。,2025-05-22 16:58:50
6410,9,914,2024-09-30,16:15:00,,,,2025-05-22 16:58:50
6411,4,523,2025-02-08,11:30:00,49,,,2025-05-22 16:58:50
6412,1,932,2025-02-24,16:45:00,,4,,2025-05-22 16:58:50
6413,8,831,2024-01-19,10:15:00,,,,2025-05-22 16:58:50
6414,2,790,2024-09-28,09:30:00,,,,2025-05-22 16:58:50
6415,8,415,2025-03-31,11:45:00,,5,,2025-05-22 16:58:50
6416,2,307,2024-03-21,13:15:00,,3,,2025-05-22 16:58:50
6417,9,889,2024-10-28,11:30:00,,,停车不太方便。,2025-05-22 16:58:50
6418,7,229,2023-11-12,13:45:00,,4,,2025-05-22 16:58:50
6419,5,66,2024-07-31,10:30:00,,,,2025-05-22 16:58:50
6420,3,194,2023-10-18,12:45:00,,,,2025-05-22 16:58:50
6421,3,768,2024-01-11,14:00:00,,,,2025-05-22 16:58:50
6422,7,493,2025-02-02,12:15:00,,,,2025-05-22 16:58:50
6423,6,837,2023-10-16,11:45:00,,3,,2025-05-22 16:58:50
6424,5,960,2023-10-09,16:45:00,,,,2025-05-22 16:58:50
6425,5,759,2023-10-09,15:15:00,,,希望能增加互动性的展品。,2025-05-22 16:58:50
6426,5,848,2025-03-02,12:45:00,,3,,2025-05-22 16:58:50
6427,6,418,2024-12-10,13:15:00,,,,2025-05-22 16:58:50
6428,11,43,2025-03-07,11:45:00,,,整体还不错，但有提升空间。,2025-05-22 16:58:50
6429,6,736,2024-09-09,11:45:00,,3,,2025-05-22 16:58:50
6430,11,389,2025-02-08,11:00:00,,3,,2025-05-22 16:58:50
6431,4,257,2024-12-24,11:15:00,,,,2025-05-22 16:58:50
6432,6,367,2024-07-16,12:45:00,,4,,2025-05-22 16:58:50
6433,11,552,2023-11-12,13:45:00,,4,,2025-05-22 16:58:50
6434,7,753,2024-03-05,12:00:00,,,,2025-05-22 16:58:50
6435,9,277,2025-05-09,14:30:00,,,,2025-05-22 16:58:50
6436,9,52,2024-11-23,10:45:00,,5,,2025-05-22 16:58:50
6437,7,626,2024-11-03,15:00:00,,,,2025-05-22 16:58:50
6438,10,310,2025-02-16,16:45:00,,,,2025-05-22 16:58:50
6439,5,759,2024-07-13,11:30:00,,5,,2025-05-22 16:58:50
6440,4,837,2025-03-19,11:30:00,,5,,2025-05-22 16:58:50
6441,8,758,2024-06-18,12:15:00,,4,,2025-05-22 16:58:50
6442,3,4,2025-02-28,12:15:00,,5,,2025-05-22 16:58:50
6443,1,516,2024-10-12,09:15:00,,,,2025-05-22 16:58:50
6444,1,584,2025-03-06,09:15:00,,,,2025-05-22 16:58:50
6445,6,220,2024-06-22,11:30:00,29,,,2025-05-22 16:58:50
6446,9,674,2024-11-01,12:30:00,,5,交通便利，设施完善。,2025-05-22 16:58:50
6447,11,844,2025-04-12,16:30:00,,5,,2025-05-22 16:58:50
6448,8,355,2024-01-20,10:00:00,,3,,2025-05-22 16:58:50
6449,2,558,2023-11-04,11:30:00,,4,,2025-05-22 16:58:50
6450,1,559,2025-02-21,16:15:00,,5,讲解员专业知识丰富，讲解生动。,2025-05-22 16:58:50
6451,3,936,2024-07-04,09:30:00,,5,,2025-05-22 16:58:50
6452,3,381,2024-08-06,11:00:00,,4,,2025-05-22 16:58:50
6453,4,424,2024-09-25,15:45:00,,,,2025-05-22 16:58:50
6454,9,286,2023-11-26,16:45:00,,4,,2025-05-22 16:58:50
6455,8,497,2024-08-06,16:15:00,,,,2025-05-22 16:58:50
6456,7,328,2024-02-22,14:00:00,,4,,2025-05-22 16:58:50
6457,5,414,2023-05-25,14:30:00,,3,,2025-05-22 16:58:50
6458,10,232,2023-07-23,09:15:00,,,,2025-05-22 16:58:50
6459,4,837,2025-03-21,10:30:00,,4,,2025-05-22 16:58:50
6460,7,795,2024-10-16,11:15:00,,,,2025-05-22 16:58:50
6461,7,771,2023-06-08,11:15:00,,,,2025-05-22 16:58:50
6462,4,890,2024-12-03,16:15:00,49,4,,2025-05-22 16:58:50
6463,6,446,2023-07-27,16:30:00,,5,,2025-05-22 16:58:50
6464,10,17,2024-01-28,09:00:00,,,,2025-05-22 16:58:50
6465,7,986,2023-08-28,11:00:00,,3,,2025-05-22 16:58:50
6466,7,295,2024-11-14,15:00:00,,4,,2025-05-22 16:58:50
6467,2,791,2024-01-06,15:30:00,,,,2025-05-22 16:58:50
6468,4,67,2025-02-16,11:45:00,,,,2025-05-22 16:58:50
6469,5,90,2024-10-22,14:15:00,,,,2025-05-22 16:58:50
6470,10,279,2024-04-12,09:45:00,,,,2025-05-22 16:58:50
6471,9,522,2025-02-27,09:45:00,,5,,2025-05-22 16:58:50
6472,1,492,2023-06-13,10:30:00,,,停车不太方便。,2025-05-22 16:58:50
6473,1,771,2024-08-11,16:00:00,,3,,2025-05-22 16:58:50
6474,8,309,2023-07-12,13:00:00,,3,部分展区很精彩，部分展区一般。,2025-05-22 16:58:50
6475,3,924,2024-01-29,15:45:00,,4,讲解员专业知识丰富，讲解生动。,2025-05-22 16:58:50
6476,6,359,2023-06-09,11:15:00,,,,2025-05-22 16:58:50
6477,6,971,2023-09-10,12:30:00,,5,,2025-05-22 16:58:50
6478,9,714,2023-12-05,15:15:00,,,,2025-05-22 16:58:50
6479,7,722,2023-11-02,15:30:00,,,,2025-05-22 16:58:50
6480,1,436,2025-04-02,16:00:00,,3,,2025-05-22 16:58:50
6481,4,970,2025-03-10,11:15:00,,4,很适合带孩子来参观学习。,2025-05-22 16:58:50
6482,7,460,2024-06-25,16:30:00,,,,2025-05-22 16:58:50
6483,8,641,2023-07-27,12:30:00,,,,2025-05-22 16:58:50
6484,7,178,2023-08-18,16:45:00,,,,2025-05-22 16:58:50
6485,5,558,2024-10-10,10:45:00,,5,交通便利，设施完善。,2025-05-22 16:58:50
6486,7,482,2023-06-11,16:15:00,,4,,2025-05-22 16:58:50
6487,3,389,2024-07-15,09:30:00,,,部分展区很精彩，部分展区一般。,2025-05-22 16:58:50
6488,6,313,2025-05-03,13:45:00,,3,,2025-05-22 16:58:50
6489,6,978,2023-09-08,10:45:00,,5,,2025-05-22 16:58:50
6490,8,661,2023-12-14,13:30:00,,,,2025-05-22 16:58:50
6491,1,823,2025-04-25,10:00:00,,5,,2025-05-22 16:58:50
6492,7,974,2025-05-06,11:45:00,3,,,2025-05-22 16:58:50
6493,2,35,2023-08-28,16:00:00,,4,展览内容非常丰富，很有教育意义。,2025-05-22 16:58:50
6494,7,175,2025-01-09,10:30:00,,,,2025-05-22 16:58:50
6495,3,220,2024-09-12,15:15:00,,3,,2025-05-22 16:58:50
6496,9,979,2024-07-06,15:30:00,,5,,2025-05-22 16:58:50
6497,11,635,2023-12-06,09:30:00,,5,交通便利，设施完善。,2025-05-22 16:58:50
6498,9,762,2024-09-20,15:00:00,23,,,2025-05-22 16:58:50
6499,4,924,2024-11-30,12:45:00,49,,部分展区很精彩，部分展区一般。,2025-05-22 16:58:50
6500,2,773,2023-07-23,11:00:00,,,希望能增加互动性的展品。,2025-05-22 16:58:50
6501,7,893,2024-10-31,14:15:00,,3,,2025-05-22 16:58:50
6502,3,75,2024-09-22,14:30:00,,3,,2025-05-22 16:58:50
6503,3,759,2023-08-30,16:00:00,,5,展览内容非常丰富，很有教育意义。,2025-05-22 16:58:50
6504,7,244,2024-07-20,14:30:00,,3,,2025-05-22 16:58:50
6505,3,746,2024-10-30,11:30:00,,5,讲解员专业知识丰富，讲解生动。,2025-05-22 16:58:50
6506,11,332,2024-09-14,13:00:00,,3,,2025-05-22 16:58:50
6507,8,135,2024-10-05,13:45:00,,,部分展区很精彩，部分展区一般。,2025-05-22 16:58:50
6508,2,986,2025-05-22,11:00:00,,,,2025-05-22 16:58:50
6509,2,59,2023-09-04,10:45:00,,5,交通便利，设施完善。,2025-05-22 16:58:50
6510,3,822,2024-08-15,12:15:00,,,,2025-05-22 16:58:50
6511,9,343,2023-07-08,13:00:00,,,,2025-05-22 16:58:50
6512,6,329,2024-08-24,15:30:00,,,,2025-05-22 16:58:50
6513,8,136,2024-04-28,13:00:00,,,,2025-05-22 16:58:50
6514,11,419,2023-09-12,09:00:00,,3,整体还不错，但有提升空间。,2025-05-22 16:58:50
6515,8,28,2023-11-01,13:00:00,,,,2025-05-22 16:58:50
6516,2,637,2023-09-30,14:15:00,,5,,2025-05-22 16:58:50
6517,1,544,2024-12-16,13:30:00,,3,,2025-05-22 16:58:50
6518,1,981,2025-03-03,10:45:00,,,,2025-05-22 16:58:50
6519,8,644,2025-02-19,15:00:00,,,,2025-05-22 16:58:50
6520,8,426,2024-05-29,16:30:00,,,,2025-05-22 16:58:50
6521,3,944,2023-12-14,10:30:00,,,,2025-05-22 16:58:50
6522,7,469,2024-08-25,15:45:00,,,,2025-05-22 16:58:50
6523,10,531,2024-03-06,15:15:00,,5,,2025-05-22 16:58:50
6524,3,257,2024-12-10,14:15:00,,3,,2025-05-22 16:58:50
6525,3,281,2023-12-05,15:45:00,,3,,2025-05-22 16:58:50
6526,8,269,2025-03-28,10:30:00,,4,,2025-05-22 16:58:50
6527,8,630,2025-03-14,15:30:00,,,,2025-05-22 16:58:50
6528,4,190,2024-08-16,11:00:00,,5,,2025-05-22 16:58:50
6529,9,802,2024-05-05,09:30:00,,4,,2025-05-22 16:58:50
6530,8,161,2025-04-24,14:15:00,,,,2025-05-22 16:58:50
6531,5,148,2024-12-08,11:15:00,,3,,2025-05-22 16:58:50
6532,6,651,2025-01-21,10:30:00,,4,展览内容非常丰富，很有教育意义。,2025-05-22 16:58:50
6533,2,66,2024-10-02,13:30:00,,,,2025-05-22 16:58:50
6534,2,80,2023-07-06,12:00:00,,3,,2025-05-22 16:58:50
6535,4,242,2024-01-12,10:30:00,,4,,2025-05-22 16:58:50
6536,11,945,2024-07-19,15:15:00,,3,,2025-05-22 16:58:50
6537,11,221,2023-06-30,11:00:00,,3,,2025-05-22 16:58:50
6538,3,118,2025-01-16,13:00:00,,4,,2025-05-22 16:58:50
6539,5,683,2023-09-24,10:30:00,,,,2025-05-22 16:58:50
6540,10,136,2024-09-03,10:00:00,,3,,2025-05-22 16:58:50
6541,7,431,2023-10-30,10:45:00,,,,2025-05-22 16:58:50
6542,8,720,2024-10-08,09:45:00,,5,,2025-05-22 16:58:50
6543,6,201,2024-09-13,10:15:00,,3,建议增加外语讲解服务。,2025-05-22 16:58:50
6544,6,940,2023-07-31,15:30:00,,3,,2025-05-22 16:58:50
6545,6,762,2023-07-05,09:15:00,,,,2025-05-22 16:58:50
6546,8,386,2024-06-18,09:00:00,,,,2025-05-22 16:58:50
6547,1,3,2025-04-30,14:15:00,,,建议增加外语讲解服务。,2025-05-22 16:58:50
6548,8,613,2025-01-09,12:00:00,,3,,2025-05-22 16:58:50
6549,7,121,2025-01-09,15:45:00,,,,2025-05-22 16:58:50
6550,1,184,2024-06-15,14:45:00,,5,,2025-05-22 16:58:50
6551,1,710,2025-03-10,16:45:00,,,,2025-05-22 16:58:50
6552,7,692,2025-02-25,12:00:00,,,希望能增加互动性的展品。,2025-05-22 16:58:50
6553,9,991,2024-11-21,13:30:00,,4,,2025-05-22 16:58:50
6554,11,856,2023-07-03,13:30:00,,3,,2025-05-22 16:58:50
6555,7,330,2024-01-15,09:15:00,,5,展览内容非常丰富，很有教育意义。,2025-05-22 16:58:50
6556,9,73,2025-01-20,13:30:00,,5,,2025-05-22 16:58:50
6557,5,309,2025-05-05,12:45:00,,4,讲解员专业知识丰富，讲解生动。,2025-05-22 16:58:50
6558,4,143,2024-07-11,12:45:00,,3,,2025-05-22 16:58:50
6559,3,64,2023-05-25,11:30:00,,,,2025-05-22 16:58:50
6560,6,779,2025-03-28,15:00:00,,3,,2025-05-22 16:58:50
6561,6,765,2024-08-05,12:15:00,,4,,2025-05-22 16:58:50
6562,7,718,2024-09-07,13:30:00,,,部分展区很精彩，部分展区一般。,2025-05-22 16:58:50
6563,5,768,2025-04-30,11:00:00,,4,,2025-05-22 16:58:50
6564,2,337,2023-10-28,16:30:00,,,,2025-05-22 16:58:50
6565,2,878,2025-03-14,09:15:00,,,,2025-05-22 16:58:50
6566,5,381,2023-12-01,16:00:00,,4,,2025-05-22 16:58:50
6567,10,101,2023-12-08,16:45:00,,4,,2025-05-22 16:58:50
6568,1,918,2025-01-16,11:45:00,,5,,2025-05-22 16:58:50
6569,9,324,2023-11-25,14:30:00,,4,,2025-05-22 16:58:50
6570,10,236,2024-08-14,14:45:00,,3,希望能增加互动性的展品。,2025-05-22 16:58:50
6571,10,721,2024-08-01,16:45:00,,4,,2025-05-22 16:58:50
6572,2,188,2024-12-04,09:00:00,,,,2025-05-22 16:58:50
6573,2,954,2024-07-29,13:45:00,,,,2025-05-22 16:58:50
6574,3,772,2024-03-03,14:30:00,,,,2025-05-22 16:58:50
6575,11,919,2024-03-19,10:30:00,,,,2025-05-22 16:58:50
6576,2,26,2023-08-29,09:15:00,,5,,2025-05-22 16:58:50
6577,7,203,2024-06-25,09:15:00,,5,,2025-05-22 16:58:50
6578,7,235,2024-05-10,15:30:00,,5,,2025-05-22 16:58:50
6579,5,628,2024-07-27,11:15:00,,,,2025-05-22 16:58:50
6580,11,766,2024-12-03,15:45:00,,,停车不太方便。,2025-05-22 16:58:50
6581,10,832,2024-08-31,11:45:00,,4,,2025-05-22 16:58:50
6582,8,403,2025-03-24,13:00:00,,,,2025-05-22 16:58:50
6583,9,482,2025-03-28,14:00:00,,5,,2025-05-22 16:58:50
6584,6,157,2025-04-18,15:00:00,,4,,2025-05-22 16:58:50
6585,5,518,2025-05-22,16:45:00,,3,,2025-05-22 16:58:50
6586,4,851,2025-02-16,10:45:00,,,,2025-05-22 16:58:50
6587,1,646,2023-12-08,14:45:00,,3,,2025-05-22 16:58:50
6588,8,470,2024-12-28,13:45:00,,5,,2025-05-22 16:58:50
6589,9,83,2024-08-03,11:15:00,,5,,2025-05-22 16:58:50
6590,9,517,2025-03-18,09:15:00,,,,2025-05-22 16:58:50
6591,10,968,2024-06-03,15:45:00,,5,,2025-05-22 16:58:50
6592,1,514,2023-06-03,16:15:00,,4,,2025-05-22 16:58:50
6593,5,231,2023-08-30,15:00:00,,4,,2025-05-22 16:58:50
6594,11,956,2024-05-27,12:15:00,,5,,2025-05-22 16:58:50
6595,1,718,2024-12-26,15:45:00,,,,2025-05-22 16:58:50
6596,1,173,2024-10-16,10:30:00,,,整体还不错，但有提升空间。,2025-05-22 16:58:50
6597,11,393,2023-07-29,10:45:00,,,,2025-05-22 16:58:50
6598,3,219,2024-01-17,14:45:00,,,,2025-05-22 16:58:50
6599,3,406,2023-06-11,14:15:00,,4,,2025-05-22 16:58:50
6600,3,204,2024-01-10,12:00:00,,5,活动组织得很好，环境舒适。,2025-05-22 16:58:50
6601,9,232,2024-02-16,09:00:00,,,停车不太方便。,2025-05-22 16:58:50
6602,1,584,2023-10-01,13:15:00,,,,2025-05-22 16:58:50
6603,1,762,2024-09-10,09:45:00,,,,2025-05-22 16:58:50
6604,3,208,2024-11-21,11:15:00,,4,很适合带孩子来参观学习。,2025-05-22 16:58:50
6605,3,932,2024-10-19,11:30:00,,4,,2025-05-22 16:58:50
6606,8,730,2023-08-07,15:45:00,,,停车不太方便。,2025-05-22 16:58:50
6607,8,935,2025-04-15,16:30:00,,5,讲解员专业知识丰富，讲解生动。,2025-05-22 16:58:50
6608,3,13,2023-10-02,10:15:00,,,,2025-05-22 16:58:50
6609,1,109,2025-02-01,15:00:00,,,停车不太方便。,2025-05-22 16:58:50
6610,7,272,2023-12-05,12:15:00,,5,,2025-05-22 16:58:50
6611,7,254,2023-12-16,13:30:00,,4,活动组织得很好，环境舒适。,2025-05-22 16:58:50
6612,5,12,2023-07-24,12:45:00,,3,,2025-05-22 16:58:50
6613,7,973,2024-09-04,12:00:00,,3,希望能增加互动性的展品。,2025-05-22 16:58:50
6614,10,149,2025-02-04,11:45:00,,4,,2025-05-22 16:58:50
6615,11,955,2023-09-06,12:45:00,,,,2025-05-22 16:58:50
6616,6,152,2023-12-13,10:45:00,,3,,2025-05-22 16:58:50
6617,11,391,2024-11-13,14:00:00,,3,,2025-05-22 16:58:50
6618,9,104,2024-02-29,13:15:00,,,,2025-05-22 16:58:50
6619,9,126,2023-10-24,13:45:00,,4,,2025-05-22 16:58:50
6620,11,749,2024-02-11,16:15:00,,3,,2025-05-22 16:58:50
6621,2,174,2023-06-22,16:45:00,,,希望能增加互动性的展品。,2025-05-22 16:58:50
6622,10,594,2025-03-09,12:15:00,,4,,2025-05-22 16:58:50
6623,1,771,2023-06-16,13:00:00,,,,2025-05-22 16:58:50
6624,4,389,2024-07-10,10:45:00,,3,,2025-05-22 16:58:50
6625,3,437,2024-09-28,11:30:00,,,,2025-05-22 16:58:50
6626,6,837,2024-08-31,14:45:00,,,,2025-05-22 16:58:50
6627,7,54,2025-01-13,11:45:00,,,,2025-05-22 16:58:50
6628,1,226,2025-02-08,14:15:00,,4,,2025-05-22 16:58:50
6629,5,67,2024-11-22,13:15:00,,4,,2025-05-22 16:58:50
6630,6,44,2024-11-05,10:30:00,,,,2025-05-22 16:58:50
6631,10,968,2024-12-17,14:15:00,,,,2025-05-22 16:58:50
6632,2,411,2024-12-19,13:15:00,,,,2025-05-22 16:58:50
6633,10,582,2023-10-08,09:15:00,,5,,2025-05-22 16:58:50
6634,1,742,2023-09-02,16:45:00,,5,,2025-05-22 16:58:50
6635,1,878,2024-08-09,11:45:00,,,,2025-05-22 16:58:50
6636,10,787,2024-05-20,10:15:00,,,,2025-05-22 16:58:50
6637,8,767,2024-11-30,11:15:00,,5,展览内容非常丰富，很有教育意义。,2025-05-22 16:58:50
6638,9,442,2025-01-19,16:15:00,,,,2025-05-22 16:58:50
6639,10,63,2024-12-04,10:30:00,,,,2025-05-22 16:58:50
6640,7,415,2024-02-15,15:15:00,,5,很适合带孩子来参观学习。,2025-05-22 16:58:50
6641,1,876,2025-02-27,11:15:00,,,希望能增加互动性的展品。,2025-05-22 16:58:50
6642,6,716,2025-02-10,14:15:00,,5,,2025-05-22 16:58:50
6643,9,917,2024-10-23,15:15:00,,5,,2025-05-22 16:58:50
6644,6,129,2023-11-05,12:45:00,,5,,2025-05-22 16:58:50
6645,5,730,2024-09-16,12:00:00,,5,,2025-05-22 16:58:50
6646,7,866,2024-05-11,09:00:00,,,,2025-05-22 16:58:50
6647,11,808,2023-10-21,15:45:00,,,,2025-05-22 16:58:50
6648,7,634,2023-10-26,12:45:00,,,,2025-05-22 16:58:50
6649,1,149,2024-10-12,11:45:00,,4,,2025-05-22 16:58:50
6650,3,917,2023-11-06,14:00:00,,3,,2025-05-22 16:58:50
6651,7,250,2024-02-03,13:30:00,,4,,2025-05-22 16:58:50
6652,8,430,2024-02-29,12:15:00,,4,,2025-05-22 16:58:50
6653,8,322,2023-09-18,10:45:00,,,,2025-05-22 16:58:50
6654,11,527,2024-07-07,09:00:00,,,整体还不错，但有提升空间。,2025-05-22 16:58:50
6655,5,296,2025-04-13,11:30:00,,,,2025-05-22 16:58:50
6656,8,938,2024-03-17,09:15:00,,,,2025-05-22 16:58:50
6657,3,54,2024-07-22,11:45:00,,5,,2025-05-22 16:58:50
6658,4,689,2023-09-20,10:15:00,,5,讲解员专业知识丰富，讲解生动。,2025-05-22 16:58:50
6659,4,711,2025-03-25,14:45:00,,,,2025-05-22 16:58:50
6660,8,623,2024-08-09,09:30:00,,3,,2025-05-22 16:58:50
6661,2,702,2024-01-09,14:15:00,,4,,2025-05-22 16:58:50
6662,10,38,2024-10-18,15:30:00,,5,活动组织得很好，环境舒适。,2025-05-22 16:58:50
6663,2,166,2024-12-04,15:45:00,,,,2025-05-22 16:58:50
6664,3,368,2025-01-11,09:30:00,,,,2025-05-22 16:58:50
6665,8,114,2024-06-24,16:00:00,,,希望能增加互动性的展品。,2025-05-22 16:58:50
6666,6,130,2024-07-12,13:15:00,29,,,2025-05-22 16:58:50
6667,11,365,2024-05-28,14:00:00,,3,,2025-05-22 16:58:50
6668,3,590,2024-09-13,14:30:00,,,,2025-05-22 16:58:50
6669,7,548,2025-03-12,15:45:00,,3,,2025-05-22 16:58:50
6670,4,532,2024-09-14,10:45:00,,,希望能增加互动性的展品。,2025-05-22 16:58:50
6671,6,570,2024-09-01,10:45:00,,3,,2025-05-22 16:58:50
6672,2,567,2024-09-08,16:30:00,,,,2025-05-22 16:58:50
6673,3,942,2023-07-04,12:30:00,,4,,2025-05-22 16:58:50
6674,11,63,2024-05-18,12:00:00,,5,很适合带孩子来参观学习。,2025-05-22 16:58:50
6675,9,51,2024-07-05,11:15:00,,5,,2025-05-22 16:58:50
6676,1,111,2024-02-12,10:15:00,,5,,2025-05-22 16:58:50
6677,7,968,2024-08-02,13:30:00,,,,2025-05-22 16:58:50
6678,3,584,2023-11-03,12:00:00,,,,2025-05-22 16:58:50
6679,2,379,2024-03-27,15:45:00,,4,,2025-05-22 16:58:50
6680,6,578,2024-12-02,10:30:00,,5,很适合带孩子来参观学习。,2025-05-22 16:58:50
6681,1,67,2024-02-02,16:45:00,,,整体还不错，但有提升空间。,2025-05-22 16:58:50
6682,11,74,2023-08-16,13:30:00,,4,,2025-05-22 16:58:50
6683,8,815,2025-02-14,15:00:00,,5,,2025-05-22 16:58:50
6684,7,992,2024-02-22,11:15:00,,3,,2025-05-22 16:58:50
6685,6,855,2024-12-28,16:00:00,,4,,2025-05-22 16:58:50
6686,5,127,2024-06-26,13:45:00,,5,交通便利，设施完善。,2025-05-22 16:58:50
6687,11,195,2024-08-24,11:45:00,,4,,2025-05-22 16:58:50
6688,1,391,2024-05-28,14:45:00,,4,很适合带孩子来参观学习。,2025-05-22 16:58:50
6689,7,485,2024-07-22,11:45:00,,,,2025-05-22 16:58:50
6690,2,887,2024-04-08,14:45:00,,,,2025-05-22 16:58:50
6691,9,586,2024-09-06,09:45:00,,3,,2025-05-22 16:58:50
6692,10,413,2023-08-01,14:30:00,,4,,2025-05-22 16:58:50
6693,5,223,2023-11-12,09:45:00,,4,,2025-05-22 16:58:50
6694,9,893,2024-06-14,09:00:00,,5,活动组织得很好，环境舒适。,2025-05-22 16:58:50
6695,4,136,2024-01-05,13:15:00,,4,,2025-05-22 16:58:50
6696,7,189,2024-12-21,16:45:00,,,停车不太方便。,2025-05-22 16:58:50
6697,3,445,2024-09-12,12:15:00,,,,2025-05-22 16:58:50
6698,6,872,2024-07-09,15:45:00,29,,,2025-05-22 16:58:50
6699,6,44,2025-02-18,15:30:00,,3,,2025-05-22 16:58:50
6700,6,606,2024-05-21,09:15:00,,3,,2025-05-22 16:58:50
6701,4,684,2025-05-10,12:45:00,,,,2025-05-22 16:58:50
6702,8,287,2025-01-22,12:00:00,,5,,2025-05-22 16:58:50
6703,10,561,2024-07-19,13:45:00,,,,2025-05-22 16:58:50
6704,2,477,2024-05-25,15:15:00,,,,2025-05-22 16:58:50
6705,1,491,2024-10-19,10:45:00,,4,,2025-05-22 16:58:50
6706,1,866,2024-05-09,10:45:00,,5,,2025-05-22 16:58:50
6707,9,11,2025-05-13,14:45:00,,,,2025-05-22 16:58:50
6708,5,696,2023-06-29,15:00:00,,3,建议增加外语讲解服务。,2025-05-22 16:58:50
6709,2,370,2025-01-06,11:30:00,,5,,2025-05-22 16:58:50
6710,9,217,2024-12-30,12:45:00,,,部分展区很精彩，部分展区一般。,2025-05-22 16:58:50
6711,3,632,2024-07-05,10:00:00,,,,2025-05-22 16:58:50
6712,10,226,2024-10-25,16:15:00,,4,,2025-05-22 16:58:50
6713,10,828,2025-05-05,16:00:00,,4,,2025-05-22 16:58:50
6714,7,555,2023-07-28,10:45:00,,,,2025-05-22 16:58:50
6715,2,816,2025-04-18,13:15:00,,,,2025-05-22 16:58:50
6716,7,128,2024-12-03,16:00:00,,3,,2025-05-22 16:58:50
6717,8,355,2023-11-30,09:30:00,,5,展览内容非常丰富，很有教育意义。,2025-05-22 16:58:50
6718,3,689,2024-07-30,15:00:00,,5,,2025-05-22 16:58:50
6719,9,395,2025-02-20,09:45:00,,,,2025-05-22 16:58:50
6720,6,831,2023-10-09,15:00:00,,4,,2025-05-22 16:58:50
6721,1,710,2024-12-19,10:45:00,,,,2025-05-22 16:58:50
6722,3,457,2024-02-21,15:00:00,,4,,2025-05-22 16:58:50
6723,5,741,2025-02-13,10:15:00,,,,2025-05-22 16:58:50
6724,8,246,2024-07-27,11:15:00,,,,2025-05-22 16:58:50
6725,9,258,2023-11-08,09:45:00,,,,2025-05-22 16:58:50
6726,5,68,2025-03-21,13:45:00,,,,2025-05-22 16:58:50
6727,11,561,2024-08-07,10:00:00,,3,,2025-05-22 16:58:50
6728,2,256,2024-10-24,15:45:00,,3,,2025-05-22 16:58:50
6729,2,924,2024-08-02,14:45:00,,,,2025-05-22 16:58:50
6730,4,769,2024-07-13,12:15:00,,5,,2025-05-22 16:58:50
6731,3,269,2024-12-08,16:30:00,,,,2025-05-22 16:58:50
6732,2,167,2025-02-20,14:00:00,,5,,2025-05-22 16:58:50
6733,4,365,2023-08-19,09:30:00,,3,,2025-05-22 16:58:50
6734,4,405,2024-07-01,15:30:00,,3,,2025-05-22 16:58:50
6735,4,423,2024-01-27,15:30:00,,3,希望能增加互动性的展品。,2025-05-22 16:58:50
6736,9,43,2024-06-24,10:45:00,23,,,2025-05-22 16:58:50
6737,9,243,2024-09-05,10:45:00,23,5,讲解员专业知识丰富，讲解生动。,2025-05-22 16:58:50
6738,11,756,2024-07-06,11:15:00,,5,,2025-05-22 16:58:50
6739,1,787,2024-06-27,12:00:00,,,建议增加外语讲解服务。,2025-05-22 16:58:50
6740,5,775,2024-08-19,12:30:00,,5,,2025-05-22 16:58:50
6741,11,665,2024-09-22,12:00:00,,,,2025-05-22 16:58:50
6742,5,919,2023-12-30,11:30:00,,5,,2025-05-22 16:58:50
6743,6,24,2024-04-03,09:00:00,,,,2025-05-22 16:58:50
6744,2,545,2025-05-22,14:45:00,,,,2025-05-22 16:58:50
6745,11,961,2024-11-16,14:30:00,,,,2025-05-22 16:58:50
6746,2,987,2025-02-05,10:15:00,,3,,2025-05-22 16:58:50
6747,11,486,2025-04-11,13:15:00,,3,,2025-05-22 16:58:50
6748,8,800,2024-08-13,13:30:00,,,,2025-05-22 16:58:50
6749,4,485,2024-12-21,10:00:00,49,3,,2025-05-22 16:58:50
6750,7,925,2025-01-23,10:00:00,,4,,2025-05-22 16:58:50
6751,4,564,2025-04-12,13:30:00,,5,,2025-05-22 16:58:50
6752,4,391,2023-10-17,09:30:00,,4,,2025-05-22 16:58:50
6753,7,692,2024-11-26,10:00:00,,4,展览内容非常丰富，很有教育意义。,2025-05-22 16:58:50
6754,7,584,2025-05-12,09:45:00,,5,,2025-05-22 16:58:50
6755,7,817,2024-08-03,09:15:00,,3,,2025-05-22 16:58:50
6756,7,627,2024-08-18,11:15:00,,3,,2025-05-22 16:58:50
6757,3,911,2024-06-06,16:00:00,,3,,2025-05-22 16:58:50
6758,2,617,2024-10-01,16:15:00,,,,2025-05-22 16:58:50
6759,4,93,2023-10-18,12:30:00,,5,,2025-05-22 16:58:50
6760,4,819,2024-12-05,13:00:00,,3,,2025-05-22 16:58:50
6761,10,193,2024-07-19,16:30:00,,4,,2025-05-22 16:58:50
6762,6,222,2025-03-05,14:15:00,,4,,2025-05-22 16:58:50
6763,5,314,2024-10-19,10:45:00,,5,讲解员专业知识丰富，讲解生动。,2025-05-22 16:58:50
6764,4,400,2024-08-11,10:30:00,,5,,2025-05-22 16:58:50
6765,11,481,2023-06-26,13:30:00,,4,活动组织得很好，环境舒适。,2025-05-22 16:58:50
6766,9,734,2024-10-20,16:15:00,,4,,2025-05-22 16:58:50
6767,9,855,2024-12-12,14:15:00,,3,,2025-05-22 16:58:50
6768,10,455,2025-02-03,12:15:00,,4,,2025-05-22 16:58:50
6769,3,642,2023-09-21,10:00:00,,3,,2025-05-22 16:58:50
6770,7,107,2024-09-23,12:00:00,,3,,2025-05-22 16:58:50
6771,9,679,2024-06-07,16:30:00,23,4,很适合带孩子来参观学习。,2025-05-22 16:58:50
6772,8,960,2024-04-27,16:00:00,,,,2025-05-22 16:58:50
6773,2,845,2024-08-10,10:15:00,,,,2025-05-22 16:58:50
6774,6,321,2023-06-11,12:00:00,,4,,2025-05-22 16:58:50
6775,10,48,2024-10-19,09:00:00,,4,,2025-05-22 16:58:50
6776,8,356,2025-05-02,10:00:00,,3,,2025-05-22 16:58:50
6777,10,432,2024-05-17,12:00:00,,,,2025-05-22 16:58:50
6778,2,624,2024-06-11,16:30:00,,3,,2025-05-22 16:58:50
6779,5,460,2025-05-17,16:30:00,,4,,2025-05-22 16:58:50
6780,4,41,2025-05-15,13:30:00,,,建议增加外语讲解服务。,2025-05-22 16:58:50
6781,4,997,2025-03-19,15:45:00,,4,,2025-05-22 16:58:50
6782,4,799,2024-10-04,13:45:00,,,,2025-05-22 16:58:50
6783,6,308,2023-06-29,13:00:00,,3,,2025-05-22 16:58:50
6784,4,522,2024-05-27,15:15:00,,,整体还不错，但有提升空间。,2025-05-22 16:58:50
6785,4,366,2024-07-25,13:30:00,,3,,2025-05-22 16:58:50
6786,2,596,2025-03-30,12:15:00,,3,部分展区很精彩，部分展区一般。,2025-05-22 16:58:50
6787,7,396,2024-04-15,15:30:00,,3,,2025-05-22 16:58:50
6788,9,672,2025-05-09,16:30:00,,3,整体还不错，但有提升空间。,2025-05-22 16:58:50
6789,9,620,2025-03-10,14:45:00,,3,,2025-05-22 16:58:50
6790,3,844,2025-02-21,14:15:00,,4,,2025-05-22 16:58:50
6791,1,727,2024-10-18,10:15:00,,,,2025-05-22 16:58:50
6792,4,311,2024-03-22,10:30:00,,,,2025-05-22 16:58:50
6793,4,718,2024-05-17,16:00:00,,4,,2025-05-22 16:58:50
6794,6,683,2024-01-29,09:15:00,,3,,2025-05-22 16:58:50
6795,9,256,2025-02-15,12:15:00,,4,,2025-05-22 16:58:50
6796,4,21,2025-05-10,16:30:00,,,,2025-05-22 16:58:50
6797,2,659,2023-10-07,14:00:00,,3,,2025-05-22 16:58:50
6798,8,35,2024-08-19,11:45:00,,4,,2025-05-22 16:58:50
6799,2,725,2023-06-15,12:00:00,,,,2025-05-22 16:58:50
6800,8,82,2025-03-16,10:00:00,,,,2025-05-22 16:58:50
6801,4,185,2025-01-08,13:45:00,49,4,,2025-05-22 16:58:50
6802,9,508,2024-09-18,10:00:00,,3,整体还不错，但有提升空间。,2025-05-22 16:58:50
6803,4,782,2024-11-14,09:00:00,49,5,,2025-05-22 16:58:50
6804,1,599,2024-05-01,13:30:00,,3,,2025-05-22 16:58:50
6805,4,212,2024-01-09,10:00:00,,4,,2025-05-22 16:58:50
6806,9,835,2024-01-26,09:00:00,,,,2025-05-22 16:58:50
6807,9,284,2025-04-11,16:00:00,,,,2025-05-22 16:58:50
6808,1,187,2024-06-02,10:00:00,,4,讲解员专业知识丰富，讲解生动。,2025-05-22 16:58:50
6809,6,62,2023-05-29,12:30:00,,,建议增加外语讲解服务。,2025-05-22 16:58:50
6810,6,220,2024-07-15,12:00:00,,3,建议增加外语讲解服务。,2025-05-22 16:58:50
6811,8,39,2025-03-07,11:15:00,,,停车不太方便。,2025-05-22 16:58:50
6812,2,682,2023-06-19,12:30:00,,3,,2025-05-22 16:58:50
6813,6,792,2024-03-19,11:00:00,,,,2025-05-22 16:58:50
6814,7,418,2023-10-26,11:15:00,,3,,2025-05-22 16:58:50
6815,9,631,2023-09-12,10:30:00,,,整体还不错，但有提升空间。,2025-05-22 16:58:50
6816,3,303,2024-11-06,10:45:00,,4,,2025-05-22 16:58:50
6817,10,595,2025-05-01,12:15:00,,4,,2025-05-22 16:58:50
6818,4,591,2024-09-26,10:45:00,,4,,2025-05-22 16:58:50
6819,9,877,2025-04-05,13:00:00,,5,,2025-05-22 16:58:50
6820,2,229,2023-06-25,13:30:00,,,,2025-05-22 16:58:50
6821,2,441,2023-08-26,12:30:00,,,,2025-05-22 16:58:50
6822,2,30,2025-03-22,11:45:00,,3,部分展区很精彩，部分展区一般。,2025-05-22 16:58:50
6823,9,959,2024-02-15,10:15:00,,3,,2025-05-22 16:58:50
6824,7,598,2024-06-21,11:45:00,,5,,2025-05-22 16:58:50
6825,4,825,2024-03-18,09:45:00,,,,2025-05-22 16:58:50
6826,4,210,2023-12-29,15:15:00,,,,2025-05-22 16:58:50
6827,7,151,2023-10-29,10:15:00,,5,,2025-05-22 16:58:50
6828,8,34,2025-03-31,15:15:00,,5,,2025-05-22 16:58:50
6829,3,633,2023-09-14,09:15:00,,,停车不太方便。,2025-05-22 16:58:50
6830,4,826,2024-05-07,16:00:00,,,,2025-05-22 16:58:50
6831,7,61,2024-08-04,09:00:00,,,,2025-05-22 16:58:50
6832,9,440,2025-01-12,11:00:00,,4,,2025-05-22 16:58:50
6833,8,533,2025-04-10,14:30:00,,4,活动组织得很好，环境舒适。,2025-05-22 16:58:50
6834,2,461,2024-06-26,09:45:00,,,,2025-05-22 16:58:50
6835,3,661,2025-04-15,16:15:00,,5,,2025-05-22 16:58:50
6836,6,791,2025-04-09,14:30:00,,,,2025-05-22 16:58:50
6837,8,70,2023-11-20,11:00:00,,3,,2025-05-22 16:58:50
6838,6,894,2023-07-06,13:45:00,,4,,2025-05-22 16:58:50
6839,4,255,2024-07-09,12:00:00,,5,,2025-05-22 16:58:50
6840,4,607,2025-05-21,15:45:00,,,部分展区很精彩，部分展区一般。,2025-05-22 16:58:50
6841,7,176,2023-07-20,16:30:00,,5,,2025-05-22 16:58:50
6842,9,668,2024-11-29,13:30:00,,3,,2025-05-22 16:58:50
6843,4,706,2023-07-03,15:45:00,,,停车不太方便。,2025-05-22 16:58:50
6844,5,1,2025-01-14,09:30:00,,5,,2025-05-22 16:58:50
6845,8,507,2024-11-18,14:00:00,,4,,2025-05-22 16:58:50
6846,1,393,2025-05-17,10:45:00,,5,交通便利，设施完善。,2025-05-22 16:58:50
6847,11,758,2023-10-28,10:30:00,,,,2025-05-22 16:58:50
6848,1,898,2024-11-01,11:15:00,,4,,2025-05-22 16:58:50
6849,8,40,2023-06-05,11:15:00,,4,,2025-05-22 16:58:50
6850,8,387,2025-01-25,14:30:00,,,,2025-05-22 16:58:50
6851,2,210,2024-11-15,13:30:00,,,,2025-05-22 16:58:50
6852,8,375,2024-09-20,10:45:00,,,,2025-05-22 16:58:50
6853,7,774,2023-11-09,13:15:00,,,,2025-05-22 16:58:50
6854,8,158,2025-02-08,13:00:00,,5,,2025-05-22 16:58:50
6855,4,953,2024-07-14,11:30:00,,,,2025-05-22 16:58:50
6856,2,105,2024-08-21,13:15:00,,3,建议增加外语讲解服务。,2025-05-22 16:58:50
6857,6,400,2024-12-25,11:15:00,,4,,2025-05-22 16:58:50
6858,5,479,2024-01-13,16:15:00,,4,,2025-05-22 16:58:50
6859,11,336,2025-03-30,09:30:00,,,,2025-05-22 16:58:50
6860,8,921,2023-10-04,13:00:00,,4,,2025-05-22 16:58:50
6861,3,565,2024-07-23,11:15:00,,,,2025-05-22 16:58:50
6862,5,691,2024-04-20,13:00:00,,,,2025-05-22 16:58:50
6863,8,76,2023-09-07,14:00:00,,3,,2025-05-22 16:58:50
6864,3,374,2025-02-16,13:00:00,,,建议增加外语讲解服务。,2025-05-22 16:58:50
6865,8,77,2023-08-11,13:30:00,,,,2025-05-22 16:58:50
6866,2,107,2024-01-07,09:30:00,,5,,2025-05-22 16:58:50
6867,3,870,2024-06-16,10:00:00,,4,,2025-05-22 16:58:50
6868,1,100,2023-08-19,15:30:00,,4,展览内容非常丰富，很有教育意义。,2025-05-22 16:58:50
6869,3,442,2025-04-02,12:45:00,,5,,2025-05-22 16:58:50
6870,7,382,2024-08-14,14:30:00,,,停车不太方便。,2025-05-22 16:58:50
6871,1,792,2025-05-17,13:30:00,,,,2025-05-22 16:58:50
6872,2,703,2025-05-06,15:30:00,,5,,2025-05-22 16:58:50
6873,11,556,2023-10-11,13:15:00,,,希望能增加互动性的展品。,2025-05-22 16:58:50
6874,7,8,2024-06-20,13:15:00,,5,很适合带孩子来参观学习。,2025-05-22 16:58:50
6875,6,723,2023-09-03,14:30:00,,,,2025-05-22 16:58:50
6876,3,987,2025-01-06,09:15:00,,,,2025-05-22 16:58:50
6877,8,35,2025-02-17,10:00:00,,4,,2025-05-22 16:58:50
6878,6,595,2024-01-24,12:30:00,,3,,2025-05-22 16:58:50
6879,3,499,2025-02-06,16:00:00,,,,2025-05-22 16:58:50
6880,3,923,2024-10-08,10:30:00,,4,,2025-05-22 16:58:50
6881,5,47,2025-05-02,09:30:00,,5,交通便利，设施完善。,2025-05-22 16:58:50
6882,11,259,2024-12-13,10:45:00,,3,,2025-05-22 16:58:50
6883,9,329,2024-06-24,10:00:00,23,,,2025-05-22 16:58:50
6884,5,339,2023-08-21,12:30:00,,5,,2025-05-22 16:58:50
6885,4,41,2024-07-01,09:45:00,,5,,2025-05-22 16:58:50
6886,10,256,2023-07-29,12:00:00,,,整体还不错，但有提升空间。,2025-05-22 16:58:50
6887,7,819,2025-05-10,13:30:00,,,,2025-05-22 16:58:50
6888,6,574,2023-09-30,16:30:00,,5,,2025-05-22 16:58:50
6889,4,297,2024-05-26,14:00:00,,4,,2025-05-22 16:58:50
6890,2,354,2024-11-24,12:15:00,,3,部分展区很精彩，部分展区一般。,2025-05-22 16:58:50
6891,10,892,2024-09-23,16:45:00,,,,2025-05-22 16:58:50
6892,4,84,2024-03-03,12:30:00,,,希望能增加互动性的展品。,2025-05-22 16:58:50
6893,10,809,2024-08-24,16:30:00,,,,2025-05-22 16:58:50
6894,1,877,2024-09-15,15:00:00,,,,2025-05-22 16:58:50
6895,2,250,2024-06-10,16:30:00,,4,,2025-05-22 16:58:50
6896,10,277,2024-11-17,16:00:00,,,,2025-05-22 16:58:50
6897,9,467,2024-10-21,15:45:00,,3,,2025-05-22 16:58:50
6898,3,639,2024-12-31,12:45:00,,4,,2025-05-22 16:58:50
6899,1,697,2024-10-23,15:30:00,,4,,2025-05-22 16:58:50
6900,2,711,2023-06-25,15:30:00,,,,2025-05-22 16:58:50
6901,9,764,2024-01-23,15:45:00,,4,,2025-05-22 16:58:50
6902,7,824,2023-07-05,15:30:00,,5,交通便利，设施完善。,2025-05-22 16:58:50
6903,6,36,2023-10-14,15:00:00,,5,,2025-05-22 16:58:50
6904,4,143,2023-11-18,12:00:00,,4,,2025-05-22 16:58:50
6905,8,317,2024-10-06,16:15:00,,5,,2025-05-22 16:58:50
6906,2,652,2025-01-19,13:30:00,,,整体还不错，但有提升空间。,2025-05-22 16:58:50
6907,2,261,2024-09-13,11:15:00,,4,,2025-05-22 16:58:50
6908,8,195,2024-02-29,11:15:00,,,,2025-05-22 16:58:50
6909,3,173,2023-12-01,12:15:00,,4,,2025-05-22 16:58:50
6910,10,893,2023-10-06,16:00:00,,4,,2025-05-22 16:58:50
6911,5,917,2024-08-18,10:15:00,,,,2025-05-22 16:58:50
6912,10,67,2023-08-13,13:15:00,,4,,2025-05-22 16:58:50
6913,7,780,2023-08-05,11:00:00,,4,,2025-05-22 16:58:50
6914,1,443,2024-12-27,13:45:00,,,,2025-05-22 16:58:50
6915,8,256,2025-01-29,10:45:00,,4,,2025-05-22 16:58:50
6916,9,442,2025-03-01,12:00:00,,3,,2025-05-22 16:58:50
6917,9,444,2025-05-10,12:30:00,,,,2025-05-22 16:58:50
6918,2,848,2023-08-18,11:15:00,,,,2025-05-22 16:58:50
6919,6,128,2024-03-31,09:15:00,,,停车不太方便。,2025-05-22 16:58:50
6920,9,560,2023-06-29,10:00:00,,,,2025-05-22 16:58:50
6921,4,527,2024-08-15,11:00:00,,3,,2025-05-22 16:58:50
6922,10,992,2024-10-11,13:30:00,,5,,2025-05-22 16:58:50
6923,6,805,2025-03-18,16:00:00,,,,2025-05-22 16:58:50
6924,9,528,2024-11-24,12:30:00,,3,,2025-05-22 16:58:50
6925,1,532,2023-09-02,16:30:00,,5,,2025-05-22 16:58:50
6926,1,903,2024-05-23,09:00:00,,,停车不太方便。,2025-05-22 16:58:50
6927,10,480,2024-09-08,11:15:00,,,,2025-05-22 16:58:50
6928,11,719,2024-07-18,11:00:00,,,,2025-05-22 16:58:50
6929,11,575,2024-01-27,09:15:00,,5,,2025-05-22 16:58:50
6930,11,369,2025-03-18,11:30:00,,5,,2025-05-22 16:58:50
6931,2,417,2024-08-10,16:30:00,,4,,2025-05-22 16:58:50
6932,9,20,2024-11-12,09:15:00,,4,,2025-05-22 16:58:50
6933,11,614,2024-06-24,15:30:00,,3,希望能增加互动性的展品。,2025-05-22 16:58:50
6934,2,176,2024-02-19,13:30:00,,,,2025-05-22 16:58:50
6935,2,549,2025-04-18,10:30:00,,,,2025-05-22 16:58:50
6936,4,641,2024-11-27,16:30:00,,3,整体还不错，但有提升空间。,2025-05-22 16:58:50
6937,2,632,2024-08-17,14:15:00,,,,2025-05-22 16:58:50
6938,9,876,2024-09-19,15:15:00,23,5,,2025-05-22 16:58:50
6939,5,897,2024-08-22,09:15:00,,4,,2025-05-22 16:58:50
6940,7,43,2025-02-11,10:15:00,,,,2025-05-22 16:58:50
6941,9,251,2024-12-29,15:00:00,,5,,2025-05-22 16:58:50
6942,3,428,2023-07-13,10:45:00,,,,2025-05-22 16:58:50
6943,3,587,2024-04-29,15:45:00,,3,,2025-05-22 16:58:50
6944,2,370,2023-06-28,12:15:00,,5,活动组织得很好，环境舒适。,2025-05-22 16:58:50
6945,3,909,2025-01-26,16:00:00,,5,,2025-05-22 16:58:50
6946,3,434,2024-05-11,09:30:00,,4,,2025-05-22 16:58:50
6947,3,159,2024-03-29,09:45:00,,3,,2025-05-22 16:58:50
6948,3,162,2023-05-27,16:30:00,,5,,2025-05-22 16:58:50
6949,10,244,2025-01-22,10:00:00,,3,,2025-05-22 16:58:50
6950,7,49,2024-10-13,15:00:00,,,,2025-05-22 16:58:50
6951,4,989,2025-03-23,12:15:00,,,希望能增加互动性的展品。,2025-05-22 16:58:50
6952,4,278,2025-03-05,11:30:00,49,4,,2025-05-22 16:58:50
6953,4,406,2024-05-18,12:00:00,,,,2025-05-22 16:58:50
6954,2,657,2024-10-24,10:30:00,,3,,2025-05-22 16:58:50
6955,8,342,2025-02-09,09:45:00,,,,2025-05-22 16:58:50
6956,3,159,2024-04-12,13:30:00,,,,2025-05-22 16:58:50
6957,8,252,2025-02-16,15:45:00,,,建议增加外语讲解服务。,2025-05-22 16:58:50
6958,5,66,2023-06-02,10:15:00,,,部分展区很精彩，部分展区一般。,2025-05-22 16:58:50
6959,7,440,2024-11-07,13:00:00,,3,,2025-05-22 16:58:50
6960,7,611,2023-07-08,15:15:00,,3,,2025-05-22 16:58:50
6961,9,280,2024-09-21,15:00:00,,4,活动组织得很好，环境舒适。,2025-05-22 16:58:50
6962,9,574,2023-06-09,09:30:00,,,,2025-05-22 16:58:50
6963,5,890,2025-02-20,10:45:00,,3,,2025-05-22 16:58:50
6964,5,35,2024-08-19,12:00:00,,,,2025-05-22 16:58:50
6965,6,403,2023-07-18,11:30:00,,,,2025-05-22 16:58:50
6966,2,818,2024-12-16,10:30:00,,4,,2025-05-22 16:58:50
6967,5,150,2025-04-29,16:00:00,,,,2025-05-22 16:58:50
6968,2,235,2023-06-17,14:15:00,,,,2025-05-22 16:58:50
6969,7,484,2025-03-14,16:00:00,,4,,2025-05-22 16:58:50
6970,4,88,2023-06-13,11:45:00,,4,,2025-05-22 16:58:50
6971,4,232,2024-12-01,12:00:00,,3,停车不太方便。,2025-05-22 16:58:50
6972,8,326,2025-01-09,16:30:00,,4,,2025-05-22 16:58:50
6973,9,253,2024-09-18,15:30:00,,4,,2025-05-22 16:58:50
6974,6,995,2024-09-19,16:45:00,,5,,2025-05-22 16:58:50
6975,1,682,2024-04-29,10:45:00,,,,2025-05-22 16:58:50
6976,3,295,2024-05-29,09:15:00,,,,2025-05-22 16:58:50
6977,5,258,2025-04-16,12:00:00,,5,,2025-05-22 16:58:50
6978,2,324,2024-07-08,13:45:00,,5,,2025-05-22 16:58:50
6979,11,94,2024-07-12,15:15:00,,4,展览内容非常丰富，很有教育意义。,2025-05-22 16:58:50
6980,8,557,2025-03-08,13:00:00,,3,,2025-05-22 16:58:50
6981,6,139,2024-08-02,13:00:00,,3,,2025-05-22 16:58:50
6982,10,111,2023-08-08,16:15:00,,4,,2025-05-22 16:58:50
6983,4,115,2024-09-13,13:15:00,,,部分展区很精彩，部分展区一般。,2025-05-22 16:58:50
6984,11,758,2024-02-10,14:15:00,,4,,2025-05-22 16:58:50
6985,6,747,2025-01-22,10:00:00,,3,,2025-05-22 16:58:50
6986,2,821,2024-06-03,09:30:00,,,建议增加外语讲解服务。,2025-05-22 16:58:50
6987,9,320,2025-03-18,13:00:00,,,,2025-05-22 16:58:50
6988,2,68,2024-03-20,15:00:00,,,停车不太方便。,2025-05-22 16:58:50
6989,6,126,2025-01-01,12:30:00,,5,很适合带孩子来参观学习。,2025-05-22 16:58:50
6990,2,853,2024-08-12,15:30:00,,4,,2025-05-22 16:58:50
6991,8,787,2024-07-31,12:15:00,,,,2025-05-22 16:58:50
6992,7,972,2024-09-26,09:45:00,,4,,2025-05-22 16:58:50
6993,3,232,2024-09-17,15:45:00,,5,展览内容非常丰富，很有教育意义。,2025-05-22 16:58:50
6994,7,884,2023-10-14,10:15:00,,,,2025-05-22 16:58:50
6995,7,299,2023-10-01,12:45:00,,,,2025-05-22 16:58:50
6996,3,112,2024-08-19,12:00:00,,3,,2025-05-22 16:58:50
6997,7,775,2024-09-28,10:30:00,,5,,2025-05-22 16:58:50
6998,3,551,2023-11-05,13:00:00,,,建议增加外语讲解服务。,2025-05-22 16:58:50
6999,10,83,2024-11-05,16:00:00,,,,2025-05-22 16:58:50
7000,8,329,2025-03-24,09:45:00,,,,2025-05-22 16:58:50
7001,1,333,2023-07-05,13:00:00,,4,,2025-05-22 16:58:50
7002,7,854,2025-01-20,15:30:00,,,部分展区很精彩，部分展区一般。,2025-05-22 16:58:50
7003,9,552,2024-09-12,12:30:00,23,4,,2025-05-22 16:58:50
7004,7,637,2024-06-22,11:30:00,,3,,2025-05-22 16:58:50
7005,1,584,2024-08-11,10:30:00,,3,,2025-05-22 16:58:50
7006,8,349,2024-09-17,13:00:00,,3,,2025-05-22 16:58:50
7007,5,6,2024-11-05,16:30:00,,,,2025-05-22 16:58:50
7008,2,169,2023-12-03,10:15:00,,5,,2025-05-22 16:58:50
7009,7,96,2023-05-29,11:15:00,,5,,2025-05-22 16:58:50
7010,2,756,2024-06-29,11:15:00,,5,,2025-05-22 16:58:50
7011,1,273,2024-08-04,10:45:00,,3,整体还不错，但有提升空间。,2025-05-22 16:58:50
7012,1,192,2024-10-03,10:15:00,,5,,2025-05-22 16:58:50
7013,1,474,2024-12-25,09:30:00,,,整体还不错，但有提升空间。,2025-05-22 16:58:50
7014,5,666,2024-12-21,12:15:00,,,,2025-05-22 16:58:50
7015,6,360,2023-10-21,14:15:00,,3,,2025-05-22 16:58:50
7016,1,343,2025-04-26,11:45:00,,5,讲解员专业知识丰富，讲解生动。,2025-05-22 16:58:50
7017,8,814,2024-06-30,11:00:00,,4,,2025-05-22 16:58:50
7018,7,337,2024-03-25,11:00:00,,3,停车不太方便。,2025-05-22 16:58:50
7019,7,900,2025-01-12,10:30:00,,4,,2025-05-22 16:58:50
7020,5,191,2025-04-20,16:30:00,,4,,2025-05-22 16:58:50
7021,9,312,2024-06-28,16:00:00,23,,停车不太方便。,2025-05-22 16:58:50
7022,5,63,2023-06-18,11:45:00,,3,,2025-05-22 16:58:50
7023,2,406,2024-04-24,15:15:00,,3,,2025-05-22 16:58:50
7024,11,886,2025-01-17,13:30:00,,4,活动组织得很好，环境舒适。,2025-05-22 16:58:50
7025,3,114,2024-10-14,16:45:00,,3,希望能增加互动性的展品。,2025-05-22 16:58:50
7026,4,1001,2024-11-28,14:00:00,,3,,2025-05-22 16:58:50
7027,4,394,2024-05-31,16:15:00,,5,,2025-05-22 16:58:50
7028,4,565,2023-12-23,11:15:00,,5,,2025-05-22 16:58:50
7029,3,861,2024-11-14,15:45:00,,5,交通便利，设施完善。,2025-05-22 16:58:50
7030,1,1000,2024-11-12,14:00:00,,,,2025-05-22 16:58:50
7031,10,784,2024-10-26,12:30:00,,5,,2025-05-22 16:58:50
7032,4,294,2025-01-23,10:00:00,49,,,2025-05-22 16:58:50
7033,9,695,2024-11-17,11:30:00,,,,2025-05-22 16:58:50
7034,4,30,2025-03-13,12:45:00,,4,活动组织得很好，环境舒适。,2025-05-22 16:58:50
7035,10,668,2025-01-17,14:15:00,,4,,2025-05-22 16:58:50
7036,8,230,2024-04-08,16:15:00,,4,,2025-05-22 16:58:50
7037,8,283,2023-08-10,15:15:00,,3,,2025-05-22 16:58:50
7038,8,843,2023-09-14,10:00:00,,,,2025-05-22 16:58:50
7039,7,946,2023-09-23,10:45:00,,5,活动组织得很好，环境舒适。,2025-05-22 16:58:50
7040,7,196,2024-06-28,16:00:00,,,,2025-05-22 16:58:50
7041,3,893,2024-01-22,13:15:00,,3,,2025-05-22 16:58:50
7042,7,239,2025-01-05,16:00:00,,4,讲解员专业知识丰富，讲解生动。,2025-05-22 16:58:50
7043,11,677,2024-07-21,13:30:00,,3,,2025-05-22 16:58:50
7044,6,250,2024-11-29,13:00:00,,3,部分展区很精彩，部分展区一般。,2025-05-22 16:58:50
7045,8,900,2024-10-04,09:30:00,,5,,2025-05-22 16:58:50
7046,1,895,2023-06-10,09:30:00,,,,2025-05-22 16:58:50
7047,2,488,2025-04-02,15:30:00,,4,,2025-05-22 16:58:50
7048,4,496,2025-03-02,14:15:00,49,,,2025-05-22 16:58:50
7049,4,95,2024-06-29,13:30:00,,4,,2025-05-22 16:58:50
7050,3,90,2025-04-05,16:00:00,,3,希望能增加互动性的展品。,2025-05-22 16:58:50
7051,11,581,2025-01-05,09:45:00,,4,展览内容非常丰富，很有教育意义。,2025-05-22 16:58:50
7052,5,367,2023-06-03,13:00:00,,3,希望能增加互动性的展品。,2025-05-22 16:58:50
7053,3,252,2025-03-09,15:30:00,,,,2025-05-22 16:58:50
7054,5,163,2023-07-08,13:45:00,,4,,2025-05-22 16:58:50
7055,7,747,2025-01-16,14:15:00,,,,2025-05-22 16:58:50
7056,4,704,2025-03-06,10:15:00,,,,2025-05-22 16:58:50
7057,3,623,2025-01-14,09:45:00,,3,部分展区很精彩，部分展区一般。,2025-05-22 16:58:50
7058,1,551,2024-07-24,10:30:00,,3,,2025-05-22 16:58:50
7059,4,200,2024-01-23,16:00:00,,5,讲解员专业知识丰富，讲解生动。,2025-05-22 16:58:50
7060,4,730,2024-03-20,14:15:00,,5,,2025-05-22 16:58:50
7061,3,559,2025-05-16,16:00:00,,4,,2025-05-22 16:58:50
7062,8,750,2024-07-28,14:30:00,,4,讲解员专业知识丰富，讲解生动。,2025-05-22 16:58:50
7063,7,743,2024-06-01,13:15:00,,5,,2025-05-22 16:58:50
7064,6,153,2025-01-14,14:15:00,,,建议增加外语讲解服务。,2025-05-22 16:58:50
7065,2,97,2025-05-15,13:30:00,,3,,2025-05-22 16:58:50
7066,9,851,2024-06-24,15:15:00,23,,,2025-05-22 16:58:50
7067,3,15,2023-12-19,14:15:00,,4,,2025-05-22 16:58:50
7068,6,356,2024-06-08,09:45:00,,,,2025-05-22 16:58:50
7069,6,103,2025-02-14,12:15:00,,,,2025-05-22 16:58:50
7070,1,738,2023-06-25,11:00:00,,,建议增加外语讲解服务。,2025-05-22 16:58:50
7071,8,334,2023-08-01,14:15:00,,4,,2025-05-22 16:58:50
7072,3,218,2023-11-03,10:00:00,,,,2025-05-22 16:58:50
7073,7,219,2024-07-30,12:30:00,,5,,2025-05-22 16:58:50
7074,1,332,2024-12-31,13:15:00,,,,2025-05-22 16:58:50
7075,5,875,2023-05-29,09:00:00,,3,,2025-05-22 16:58:50
7076,11,958,2024-12-31,15:45:00,,4,,2025-05-22 16:58:50
7077,4,243,2025-04-03,13:15:00,,5,,2025-05-22 16:58:50
7078,9,198,2024-07-05,09:15:00,23,4,,2025-05-22 16:58:50
7079,9,350,2023-10-13,16:30:00,,,,2025-05-22 16:58:50
7080,4,145,2023-08-21,16:30:00,,3,,2025-05-22 16:58:50
7081,4,710,2023-09-11,14:00:00,,3,,2025-05-22 16:58:50
7082,9,672,2024-11-06,13:15:00,,3,,2025-05-22 16:58:50
7083,6,710,2024-01-13,15:15:00,,,,2025-05-22 16:58:50
7084,4,945,2024-06-27,16:30:00,,5,,2025-05-22 16:58:50
7085,4,669,2023-07-11,14:15:00,,5,,2025-05-22 16:58:50
7086,6,126,2025-03-21,16:15:00,,3,,2025-05-22 16:58:50
7087,6,343,2025-03-13,16:15:00,,4,,2025-05-22 16:58:50
7088,9,777,2025-05-03,12:30:00,,5,,2025-05-22 16:58:50
7089,3,513,2024-12-07,15:15:00,,4,讲解员专业知识丰富，讲解生动。,2025-05-22 16:58:50
7090,2,432,2023-08-05,16:15:00,,4,,2025-05-22 16:58:50
7091,5,511,2025-01-03,14:30:00,,4,很适合带孩子来参观学习。,2025-05-22 16:58:50
7092,3,471,2024-03-05,16:45:00,,,,2025-05-22 16:58:50
7093,6,554,2023-10-19,16:00:00,,4,展览内容非常丰富，很有教育意义。,2025-05-22 16:58:50
7094,8,21,2024-12-09,12:45:00,,,,2025-05-22 16:58:50
7095,10,723,2024-06-30,10:00:00,,4,,2025-05-22 16:58:50
7096,4,821,2024-11-18,11:00:00,,3,建议增加外语讲解服务。,2025-05-22 16:58:50
7097,4,368,2023-07-01,14:15:00,,,,2025-05-22 16:58:50
7098,9,876,2024-10-19,14:30:00,,,,2025-05-22 16:58:50
7099,9,503,2024-11-15,14:15:00,,4,,2025-05-22 16:58:50
7100,2,924,2023-08-07,16:45:00,,5,,2025-05-22 16:58:50
7101,4,906,2023-06-25,09:00:00,,5,,2025-05-22 16:58:50
7102,6,883,2025-04-05,13:15:00,,,,2025-05-22 16:58:50
7103,1,88,2024-11-28,11:30:00,,,,2025-05-22 16:58:50
7104,3,11,2024-11-10,13:45:00,,3,,2025-05-22 16:58:50
7105,7,470,2024-07-15,11:30:00,,3,,2025-05-22 16:58:50
7106,10,162,2024-10-17,12:45:00,,3,,2025-05-22 16:58:50
7107,8,366,2024-10-04,10:30:00,37,,,2025-05-22 16:58:50
7108,9,64,2024-06-06,10:00:00,23,3,,2025-05-22 16:58:50
7109,3,466,2024-11-02,16:15:00,,4,,2025-05-22 16:58:50
7110,5,82,2025-02-02,09:00:00,,4,很适合带孩子来参观学习。,2025-05-22 16:58:50
7111,6,702,2024-09-14,12:00:00,,,部分展区很精彩，部分展区一般。,2025-05-22 16:58:50
7112,4,645,2024-08-21,09:30:00,,3,希望能增加互动性的展品。,2025-05-22 16:58:50
7113,11,627,2025-02-09,15:15:00,,3,,2025-05-22 16:58:50
7114,6,403,2025-03-31,09:15:00,,,,2025-05-22 16:58:50
7115,7,799,2023-06-11,14:30:00,,5,,2025-05-22 16:58:50
7116,9,747,2023-12-21,14:00:00,,3,建议增加外语讲解服务。,2025-05-22 16:58:50
7117,4,726,2024-12-18,13:15:00,49,4,交通便利，设施完善。,2025-05-22 16:58:50
7118,6,634,2024-08-20,15:45:00,,,,2025-05-22 16:58:50
7119,2,495,2025-04-26,14:15:00,,,,2025-05-22 16:58:50
7120,4,533,2023-09-14,12:00:00,,4,活动组织得很好，环境舒适。,2025-05-22 16:58:50
7121,1,313,2024-10-26,16:45:00,,4,活动组织得很好，环境舒适。,2025-05-22 16:58:50
7122,7,726,2024-01-02,15:30:00,,,,2025-05-22 16:58:50
7123,9,107,2025-02-28,09:45:00,,,,2025-05-22 16:58:50
7124,8,535,2023-10-02,13:15:00,,5,展览内容非常丰富，很有教育意义。,2025-05-22 16:58:50
7125,10,567,2023-12-11,13:45:00,,,,2025-05-22 16:58:50
7126,2,907,2024-12-09,16:15:00,,,希望能增加互动性的展品。,2025-05-22 16:58:50
7127,10,887,2023-05-28,15:15:00,,3,整体还不错，但有提升空间。,2025-05-22 16:58:50
7128,3,94,2024-09-03,09:30:00,,3,,2025-05-22 16:58:50
7129,4,991,2024-10-31,13:45:00,,3,,2025-05-22 16:58:50
7130,5,248,2024-07-11,09:45:00,,,停车不太方便。,2025-05-22 16:58:50
7131,9,652,2024-11-30,15:00:00,,4,,2025-05-22 16:58:50
7132,8,723,2024-11-20,11:15:00,,3,,2025-05-22 16:58:50
7133,3,622,2024-10-06,14:15:00,,,,2025-05-22 16:58:50
7134,5,464,2025-04-17,09:15:00,,,,2025-05-22 16:58:50
7135,10,573,2025-01-05,16:45:00,,3,,2025-05-22 16:58:50
7136,4,224,2025-04-22,10:15:00,,3,,2025-05-22 16:58:50
7137,10,961,2023-06-23,14:15:00,,,,2025-05-22 16:58:50
7138,2,548,2025-02-19,16:30:00,,4,,2025-05-22 16:58:50
7139,3,306,2025-01-11,12:45:00,,5,,2025-05-22 16:58:50
7140,9,360,2024-07-03,16:15:00,23,5,展览内容非常丰富，很有教育意义。,2025-05-22 16:58:50
7141,1,464,2024-11-25,10:15:00,,,,2025-05-22 16:58:50
7142,3,21,2024-12-24,12:45:00,,3,,2025-05-22 16:58:50
7143,4,382,2024-10-06,11:15:00,,,,2025-05-22 16:58:50
7144,9,217,2024-10-30,14:00:00,,3,,2025-05-22 16:58:50
7145,8,140,2025-04-08,10:45:00,,4,,2025-05-22 16:58:50
7146,5,23,2024-04-01,13:45:00,,4,,2025-05-22 16:58:50
7147,10,11,2025-03-24,09:45:00,,,建议增加外语讲解服务。,2025-05-22 16:58:50
7148,8,732,2025-05-01,13:30:00,,3,,2025-05-22 16:58:50
7149,7,739,2025-02-05,11:15:00,,,,2025-05-22 16:58:50
7150,2,663,2024-04-23,12:45:00,,,,2025-05-22 16:58:50
7151,8,905,2024-07-20,12:15:00,,3,,2025-05-22 16:58:50
7152,11,164,2025-03-11,11:45:00,,4,,2025-05-22 16:58:50
7153,3,189,2025-04-15,15:15:00,,4,,2025-05-22 16:58:50
7154,3,957,2023-10-04,09:30:00,,,,2025-05-22 16:58:50
7155,1,751,2025-04-02,16:30:00,,5,,2025-05-22 16:58:50
7156,6,49,2024-01-18,14:45:00,,4,,2025-05-22 16:58:50
7157,7,88,2023-06-05,13:00:00,,5,,2025-05-22 16:58:50
7158,2,936,2024-06-30,11:30:00,,3,建议增加外语讲解服务。,2025-05-22 16:58:50
7159,6,854,2024-08-22,15:30:00,,,,2025-05-22 16:58:50
7160,3,919,2024-07-17,13:00:00,,4,活动组织得很好，环境舒适。,2025-05-22 16:58:50
7161,2,528,2024-06-02,16:30:00,,,,2025-05-22 16:58:50
7162,1,902,2023-06-25,10:30:00,,5,,2025-05-22 16:58:50
7163,4,253,2024-11-12,09:45:00,,4,活动组织得很好，环境舒适。,2025-05-22 16:58:50
7164,1,326,2025-05-22,11:45:00,,,,2025-05-22 16:58:50
7165,5,697,2025-04-23,15:15:00,,4,,2025-05-22 16:58:50
7166,10,803,2023-08-04,12:30:00,,,整体还不错，但有提升空间。,2025-05-22 16:58:50
7167,10,354,2023-09-04,16:45:00,,,,2025-05-22 16:58:50
7168,9,371,2025-03-16,11:15:00,,,,2025-05-22 16:58:50
7169,7,446,2024-10-26,13:45:00,,3,,2025-05-22 16:58:50
7170,2,838,2024-01-31,10:45:00,,,,2025-05-22 16:58:50
7171,3,392,2023-12-02,14:00:00,,4,展览内容非常丰富，很有教育意义。,2025-05-22 16:58:50
7172,1,454,2024-08-12,12:30:00,,,,2025-05-22 16:58:50
7173,6,627,2025-05-13,10:30:00,,3,,2025-05-22 16:58:50
7174,1,382,2023-05-29,16:30:00,,4,,2025-05-22 16:58:50
7175,3,140,2025-01-26,09:30:00,,,,2025-05-22 16:58:50
7176,11,946,2024-03-18,13:30:00,,4,,2025-05-22 16:58:50
7177,1,122,2024-03-11,09:00:00,,3,,2025-05-22 16:58:50
7178,4,615,2025-03-16,09:00:00,,3,,2025-05-22 16:58:50
7179,5,224,2023-10-09,16:15:00,,3,,2025-05-22 16:58:50
7180,3,819,2024-09-26,16:45:00,,,建议增加外语讲解服务。,2025-05-22 16:58:50
7181,8,842,2024-12-28,14:45:00,,3,,2025-05-22 16:58:50
7182,10,295,2025-01-30,11:45:00,,,,2025-05-22 16:58:50
7183,4,54,2025-03-30,13:30:00,,4,活动组织得很好，环境舒适。,2025-05-22 16:58:50
7184,8,455,2024-07-29,15:15:00,,,,2025-05-22 16:58:50
7185,3,474,2024-05-10,16:45:00,,3,,2025-05-22 16:58:50
7186,9,834,2023-11-23,12:15:00,,,,2025-05-22 16:58:50
7187,7,958,2024-03-24,14:15:00,,4,展览内容非常丰富，很有教育意义。,2025-05-22 16:58:50
7188,5,107,2024-07-18,14:00:00,,4,,2025-05-22 16:58:50
7189,9,721,2025-04-23,09:15:00,,,,2025-05-22 16:58:50
7190,3,295,2023-08-01,09:00:00,,,建议增加外语讲解服务。,2025-05-22 16:58:50
7191,4,583,2024-10-30,09:45:00,,,,2025-05-22 16:58:50
7192,7,687,2024-09-02,10:00:00,,5,,2025-05-22 16:58:50
7193,11,767,2024-07-27,16:00:00,,,,2025-05-22 16:58:50
7194,2,561,2024-12-02,13:00:00,,3,,2025-05-22 16:58:50
7195,5,157,2024-10-27,10:45:00,,4,交通便利，设施完善。,2025-05-22 16:58:50
7196,10,360,2025-02-08,14:15:00,,4,交通便利，设施完善。,2025-05-22 16:58:50
7197,7,970,2025-03-17,15:45:00,3,,停车不太方便。,2025-05-22 16:58:50
7198,3,788,2024-08-26,11:15:00,,5,,2025-05-22 16:58:50
7199,3,256,2024-02-22,13:00:00,,5,,2025-05-22 16:58:50
7200,11,103,2023-12-30,16:00:00,,,,2025-05-22 16:58:50
7201,1,526,2023-06-07,10:00:00,,,,2025-05-22 16:58:50
7202,9,69,2024-11-19,10:00:00,,,,2025-05-22 16:58:50
7203,8,864,2024-05-01,15:45:00,,3,,2025-05-22 16:58:50
7204,5,788,2024-10-12,15:00:00,,5,,2025-05-22 16:58:50
7205,2,662,2024-04-27,09:00:00,,,,2025-05-22 16:58:50
7206,5,746,2024-10-01,11:15:00,,,,2025-05-22 16:58:50
7207,5,830,2023-06-06,09:00:00,,3,,2025-05-22 16:58:50
7208,4,292,2023-07-03,16:00:00,,5,交通便利，设施完善。,2025-05-22 16:58:50
7209,2,801,2025-01-04,13:30:00,,,部分展区很精彩，部分展区一般。,2025-05-22 16:58:50
7210,5,993,2024-10-10,11:30:00,,4,,2025-05-22 16:58:50
7211,11,162,2025-05-01,14:45:00,,3,,2025-05-22 16:58:50
7212,6,701,2025-01-18,14:30:00,,3,,2025-05-22 16:58:50
7213,6,720,2023-06-07,14:30:00,,,,2025-05-22 16:58:50
7214,1,918,2025-04-16,12:30:00,,5,,2025-05-22 16:58:50
7215,2,977,2023-12-01,11:15:00,,3,,2025-05-22 16:58:50
7216,3,430,2023-12-07,13:30:00,,4,,2025-05-22 16:58:50
7217,3,528,2025-02-22,10:30:00,,,,2025-05-22 16:58:50
7218,1,873,2025-01-07,16:45:00,,3,,2025-05-22 16:58:50
7219,10,413,2025-03-21,14:45:00,,,,2025-05-22 16:58:50
7220,6,743,2023-12-13,13:30:00,,3,,2025-05-22 16:58:50
7221,3,187,2024-06-06,09:30:00,,5,,2025-05-22 16:58:50
7222,5,679,2024-05-27,16:30:00,,5,,2025-05-22 16:58:50
7223,9,129,2025-02-22,10:15:00,,3,,2025-05-22 16:58:50
7224,5,617,2023-11-22,10:00:00,,3,,2025-05-22 16:58:50
7225,4,86,2024-05-28,12:30:00,,,,2025-05-22 16:58:50
7226,3,683,2025-01-19,15:00:00,,3,,2025-05-22 16:58:50
7227,9,722,2024-07-29,15:00:00,,,建议增加外语讲解服务。,2025-05-22 16:58:50
7228,6,405,2024-10-28,11:30:00,,,部分展区很精彩，部分展区一般。,2025-05-22 16:58:50
7229,3,433,2024-09-24,10:15:00,,3,,2025-05-22 16:58:50
7230,6,67,2025-02-26,13:15:00,,,,2025-05-22 16:58:50
7231,9,110,2023-08-06,12:45:00,,,,2025-05-22 16:58:50
7232,6,683,2024-06-24,10:00:00,29,,,2025-05-22 16:58:50
7233,2,328,2024-08-30,13:00:00,,4,,2025-05-22 16:58:50
7234,5,549,2024-04-20,13:45:00,,3,,2025-05-22 16:58:50
7235,6,204,2024-07-22,13:00:00,,3,停车不太方便。,2025-05-22 16:58:50
7236,8,609,2024-09-21,15:15:00,,,部分展区很精彩，部分展区一般。,2025-05-22 16:58:50
7237,10,485,2025-02-12,16:00:00,,,,2025-05-22 16:58:50
7238,8,186,2025-04-25,16:00:00,,,,2025-05-22 16:58:50
7239,9,323,2024-07-21,10:00:00,23,3,,2025-05-22 16:58:50
7240,8,230,2025-04-28,13:30:00,,,,2025-05-22 16:58:50
7241,8,172,2024-08-14,09:15:00,,4,,2025-05-22 16:58:50
7242,2,909,2024-06-14,11:15:00,,5,,2025-05-22 16:58:50
7243,10,291,2024-05-10,13:00:00,,3,,2025-05-22 16:58:50
7244,9,992,2025-03-03,14:30:00,,4,,2025-05-22 16:58:50
7245,2,149,2024-06-10,15:00:00,,4,,2025-05-22 16:58:50
7246,9,796,2024-06-27,14:30:00,,5,,2025-05-22 16:58:50
7247,5,946,2025-01-30,10:45:00,,4,,2025-05-22 16:58:50
7248,3,540,2025-01-15,15:45:00,,3,,2025-05-22 16:58:50
7249,5,932,2025-04-17,11:45:00,,5,讲解员专业知识丰富，讲解生动。,2025-05-22 16:58:50
7250,4,935,2024-06-28,13:30:00,,4,,2025-05-22 16:58:50
7251,3,431,2023-08-10,15:15:00,,5,,2025-05-22 16:58:50
7252,10,527,2024-11-08,10:15:00,,,,2025-05-22 16:58:50
7253,10,521,2024-11-25,14:00:00,,4,,2025-05-22 16:58:50
7254,9,489,2024-10-10,10:45:00,,3,,2025-05-22 16:58:50
7255,4,898,2024-06-29,13:30:00,,,,2025-05-22 16:58:50
7256,8,22,2023-07-21,09:30:00,,5,,2025-05-22 16:58:50
7257,5,197,2024-07-20,13:30:00,,,,2025-05-22 16:58:50
7258,10,677,2025-05-02,14:15:00,,,,2025-05-22 16:58:50
7259,3,814,2025-02-16,10:30:00,,4,讲解员专业知识丰富，讲解生动。,2025-05-22 16:58:50
7260,4,792,2024-12-19,13:30:00,,,,2025-05-22 16:58:50
7261,4,149,2023-06-18,11:00:00,,,,2025-05-22 16:58:50
7262,2,214,2023-10-21,13:30:00,,,建议增加外语讲解服务。,2025-05-22 16:58:50
7263,9,732,2024-06-03,13:00:00,,3,希望能增加互动性的展品。,2025-05-22 16:58:50
7264,7,309,2025-03-14,11:45:00,,,,2025-05-22 16:58:50
7265,10,556,2024-11-04,12:15:00,,4,,2025-05-22 16:58:50
7266,7,990,2024-03-06,14:15:00,,5,,2025-05-22 16:58:50
7267,6,378,2024-06-05,11:30:00,29,3,,2025-05-22 16:58:50
7268,10,794,2024-07-29,13:00:00,,4,展览内容非常丰富，很有教育意义。,2025-05-22 16:58:50
7269,5,899,2024-01-30,14:30:00,,3,,2025-05-22 16:58:50
7270,9,988,2023-08-26,15:15:00,,3,,2025-05-22 16:58:50
7271,4,977,2024-06-01,16:45:00,,3,,2025-05-22 16:58:50
7272,4,818,2023-12-26,12:00:00,,3,,2025-05-22 16:58:50
7273,8,60,2025-01-13,13:15:00,,3,,2025-05-22 16:58:50
7274,4,892,2024-10-31,11:30:00,,,,2025-05-22 16:58:50
7275,8,104,2025-03-12,13:00:00,,3,,2025-05-22 16:58:50
7276,3,114,2023-08-01,10:45:00,,,,2025-05-22 16:58:50
7277,4,502,2024-12-31,09:00:00,49,,停车不太方便。,2025-05-22 16:58:50
7278,7,238,2023-11-17,10:30:00,,5,,2025-05-22 16:58:50
7279,8,176,2024-07-29,10:30:00,,,,2025-05-22 16:58:50
7280,11,379,2023-12-02,09:00:00,,4,,2025-05-22 16:58:50
7281,6,856,2024-10-01,13:00:00,,,停车不太方便。,2025-05-22 16:58:50
7282,7,174,2023-12-19,14:00:00,,,,2025-05-22 16:58:50
7283,3,576,2024-12-07,13:15:00,,3,,2025-05-22 16:58:50
7284,6,839,2025-03-31,13:15:00,,,,2025-05-22 16:58:50
7285,9,656,2024-02-12,13:15:00,,4,,2025-05-22 16:58:50
7286,6,429,2025-02-01,13:30:00,,,整体还不错，但有提升空间。,2025-05-22 16:58:50
7287,3,884,2024-11-23,13:45:00,,,,2025-05-22 16:58:50
7288,5,592,2024-03-18,11:30:00,,4,,2025-05-22 16:58:50
7289,2,500,2024-07-16,11:15:00,,4,,2025-05-22 16:58:50
7290,1,403,2025-03-23,13:30:00,,,,2025-05-22 16:58:50
7291,10,153,2024-11-13,11:00:00,,,,2025-05-22 16:58:50
7292,7,496,2024-07-31,15:15:00,,3,,2025-05-22 16:58:50
7293,2,985,2025-01-21,12:45:00,,4,,2025-05-22 16:58:50
7294,3,963,2024-03-25,09:00:00,,,,2025-05-22 16:58:50
7295,7,59,2024-01-21,15:30:00,,,,2025-05-22 16:58:50
7296,5,742,2025-02-07,11:45:00,,,,2025-05-22 16:58:50
7297,5,125,2025-03-16,11:30:00,,,,2025-05-22 16:58:50
7298,5,434,2024-01-13,13:15:00,,,,2025-05-22 16:58:50
7299,2,561,2023-09-06,15:00:00,,4,,2025-05-22 16:58:50
7300,5,542,2024-09-28,09:30:00,,,,2025-05-22 16:58:50
7301,8,3,2024-10-22,16:30:00,,4,,2025-05-22 16:58:50
7302,3,5,2025-01-16,12:00:00,,3,部分展区很精彩，部分展区一般。,2025-05-22 16:58:50
7303,6,894,2024-06-03,15:30:00,29,3,,2025-05-22 16:58:50
7304,4,895,2024-06-17,12:45:00,,4,,2025-05-22 16:58:50
7305,11,538,2024-07-18,09:00:00,,5,展览内容非常丰富，很有教育意义。,2025-05-22 16:58:50
7306,9,162,2024-02-08,12:45:00,,,,2025-05-22 16:58:50
7307,3,296,2024-09-25,15:45:00,,4,很适合带孩子来参观学习。,2025-05-22 16:58:50
7308,9,105,2024-01-12,10:15:00,,,,2025-05-22 16:58:50
7309,11,229,2025-05-03,15:00:00,,4,,2025-05-22 16:58:50
7310,3,622,2023-11-20,15:00:00,,3,建议增加外语讲解服务。,2025-05-22 16:58:50
7311,1,720,2024-09-21,09:00:00,,5,,2025-05-22 16:58:50
7312,10,9,2025-01-04,15:15:00,,3,,2025-05-22 16:58:50
7313,10,188,2025-03-18,14:15:00,,4,,2025-05-22 16:58:50
7314,7,374,2023-12-12,11:45:00,,5,,2025-05-22 16:58:50
7315,3,843,2024-12-31,14:00:00,,4,,2025-05-22 16:58:50
7316,6,195,2024-06-12,10:30:00,,3,,2025-05-22 16:58:50
7317,1,876,2024-05-24,16:45:00,,,,2025-05-22 16:58:50
7318,6,93,2024-10-16,09:00:00,,,,2025-05-22 16:58:50
7319,6,845,2024-11-16,16:45:00,,3,,2025-05-22 16:58:50
7320,8,329,2024-07-17,10:45:00,,3,,2025-05-22 16:58:50
7321,2,249,2024-11-11,11:00:00,,,建议增加外语讲解服务。,2025-05-22 16:58:50
7322,4,543,2024-12-04,15:45:00,,5,,2025-05-22 16:58:50
7323,5,830,2025-03-04,11:15:00,,,,2025-05-22 16:58:50
7324,1,235,2025-05-02,16:00:00,,,,2025-05-22 16:58:50
7325,5,141,2024-11-14,14:45:00,,,,2025-05-22 16:58:50
7326,7,795,2024-06-21,12:15:00,,5,,2025-05-22 16:58:50
7327,6,56,2023-08-13,15:00:00,,,,2025-05-22 16:58:50
7328,1,425,2025-02-25,16:00:00,,3,,2025-05-22 16:58:50
7329,6,420,2024-09-04,10:15:00,,,,2025-05-22 16:58:50
7330,9,747,2025-03-13,12:00:00,,,,2025-05-22 16:58:50
7331,4,286,2023-12-23,11:00:00,,3,,2025-05-22 16:58:50
7332,8,995,2024-12-09,12:15:00,,,希望能增加互动性的展品。,2025-05-22 16:58:50
7333,3,235,2024-06-11,15:45:00,,,,2025-05-22 16:58:50
7334,7,280,2024-06-26,10:45:00,,4,,2025-05-22 16:58:50
7335,7,105,2025-03-27,10:45:00,,,,2025-05-22 16:58:50
7336,4,81,2023-12-30,15:30:00,,3,建议增加外语讲解服务。,2025-05-22 16:58:50
7337,1,962,2025-01-02,16:15:00,,5,,2025-05-22 16:58:50
7338,8,474,2024-07-14,09:30:00,,,希望能增加互动性的展品。,2025-05-22 16:58:50
7339,5,741,2024-05-16,15:30:00,,,,2025-05-22 16:58:50
7340,2,247,2024-04-06,09:15:00,,,建议增加外语讲解服务。,2025-05-22 16:58:50
7341,3,306,2024-06-01,14:30:00,,5,,2025-05-22 16:58:50
7342,8,661,2025-03-17,12:45:00,,5,,2025-05-22 16:58:50
7343,10,817,2025-04-28,13:00:00,,3,,2025-05-22 16:58:50
7344,11,916,2024-01-28,14:15:00,,,部分展区很精彩，部分展区一般。,2025-05-22 16:58:50
7345,10,747,2024-06-14,15:30:00,,,,2025-05-22 16:58:50
7346,10,73,2023-11-05,15:45:00,,4,,2025-05-22 16:58:50
7347,9,388,2023-07-03,12:15:00,,,,2025-05-22 16:58:50
7348,5,30,2025-03-20,10:30:00,,,,2025-05-22 16:58:50
7349,10,191,2024-05-04,14:30:00,,,,2025-05-22 16:58:50
7350,8,398,2024-11-09,15:30:00,,,,2025-05-22 16:58:50
7351,4,503,2024-08-23,16:15:00,,,,2025-05-22 16:58:50
7352,2,855,2024-07-04,11:15:00,,,,2025-05-22 16:58:50
7353,6,293,2023-06-26,10:15:00,,5,,2025-05-22 16:58:50
7354,9,13,2025-03-16,09:15:00,,3,,2025-05-22 16:58:50
7355,11,102,2024-12-22,09:45:00,,4,展览内容非常丰富，很有教育意义。,2025-05-22 16:58:50
7356,6,753,2023-11-26,16:15:00,,,希望能增加互动性的展品。,2025-05-22 16:58:50
7357,8,573,2024-04-16,15:15:00,,4,,2025-05-22 16:58:50
7358,1,648,2025-02-08,14:45:00,,,,2025-05-22 16:58:50
7359,9,441,2023-10-28,11:45:00,,5,交通便利，设施完善。,2025-05-22 16:58:50
7360,8,634,2025-01-08,11:00:00,,3,,2025-05-22 16:58:50
7361,8,625,2025-05-08,12:45:00,,5,,2025-05-22 16:58:50
7362,5,182,2024-08-20,15:45:00,,,,2025-05-22 16:58:50
7363,3,979,2024-02-01,13:45:00,,,建议增加外语讲解服务。,2025-05-22 16:58:50
7364,1,461,2024-10-28,11:45:00,,3,,2025-05-22 16:58:50
7365,8,311,2024-06-11,16:00:00,,5,活动组织得很好，环境舒适。,2025-05-22 16:58:50
7366,1,305,2025-03-26,10:45:00,,,,2025-05-22 16:58:50
7367,1,393,2025-03-06,11:30:00,,,,2025-05-22 16:58:50
7368,4,98,2024-09-08,13:15:00,,4,活动组织得很好，环境舒适。,2025-05-22 16:58:50
7369,2,897,2024-09-14,10:15:00,,4,,2025-05-22 16:58:50
7370,3,339,2024-05-16,14:00:00,,3,,2025-05-22 16:58:50
7371,3,983,2024-09-09,16:00:00,,,停车不太方便。,2025-05-22 16:58:50
7372,5,35,2023-08-13,15:30:00,,5,,2025-05-22 16:58:50
7373,6,837,2025-01-15,10:30:00,,,整体还不错，但有提升空间。,2025-05-22 16:58:50
7374,6,968,2024-02-17,12:45:00,,,,2025-05-22 16:58:50
7375,11,498,2023-12-29,16:30:00,,4,,2025-05-22 16:58:50
7376,4,730,2024-10-24,11:30:00,,4,很适合带孩子来参观学习。,2025-05-22 16:58:50
7377,7,600,2024-10-15,13:30:00,,4,,2025-05-22 16:58:50
7378,4,163,2024-12-26,11:15:00,,,建议增加外语讲解服务。,2025-05-22 16:58:50
7379,6,665,2024-01-20,15:45:00,,,,2025-05-22 16:58:50
7380,7,862,2025-01-08,14:15:00,,,整体还不错，但有提升空间。,2025-05-22 16:58:50
7381,6,905,2023-09-20,13:30:00,,,希望能增加互动性的展品。,2025-05-22 16:58:50
7382,1,546,2024-08-14,09:30:00,,,,2025-05-22 16:58:50
7383,4,395,2024-07-02,16:00:00,,,部分展区很精彩，部分展区一般。,2025-05-22 16:58:50
7384,9,951,2024-11-24,13:45:00,,5,,2025-05-22 16:58:50
7385,6,503,2024-01-21,11:00:00,,4,,2025-05-22 16:58:50
7386,6,765,2024-11-19,10:00:00,,4,,2025-05-22 16:58:50
7387,3,761,2024-07-30,11:15:00,,,,2025-05-22 16:58:50
7388,3,464,2025-04-19,13:00:00,,3,,2025-05-22 16:58:50
7389,2,324,2024-02-21,13:00:00,,5,讲解员专业知识丰富，讲解生动。,2025-05-22 16:58:50
7390,8,56,2023-12-30,12:00:00,,4,,2025-05-22 16:58:50
7391,1,333,2025-02-22,14:15:00,,5,,2025-05-22 16:58:50
7392,8,145,2024-02-20,14:45:00,,,建议增加外语讲解服务。,2025-05-22 16:58:50
7393,7,527,2024-09-09,13:30:00,,4,展览内容非常丰富，很有教育意义。,2025-05-22 16:58:50
7394,9,871,2024-06-30,12:15:00,,,,2025-05-22 16:58:50
7395,6,268,2024-08-28,14:30:00,,3,,2025-05-22 16:58:50
7396,3,726,2024-08-08,09:15:00,,,,2025-05-22 16:58:50
7397,1,249,2024-06-23,11:00:00,,5,活动组织得很好，环境舒适。,2025-05-22 16:58:50
7398,9,991,2024-08-24,10:30:00,23,,部分展区很精彩，部分展区一般。,2025-05-22 16:58:50
7399,11,209,2024-01-19,11:30:00,,,,2025-05-22 16:58:50
7400,2,104,2024-11-03,09:15:00,,,部分展区很精彩，部分展区一般。,2025-05-22 16:58:50
7401,4,895,2025-03-12,10:15:00,,3,,2025-05-22 16:58:50
7402,11,698,2024-11-08,11:45:00,,4,讲解员专业知识丰富，讲解生动。,2025-05-22 16:58:50
7403,1,782,2023-10-12,12:15:00,,4,,2025-05-22 16:58:50
7404,7,382,2023-10-09,11:15:00,,,希望能增加互动性的展品。,2025-05-22 16:58:50
7405,6,412,2023-10-30,16:15:00,,3,,2025-05-22 16:58:50
7406,5,329,2024-06-05,10:30:00,,3,,2025-05-22 16:58:50
7407,10,174,2025-04-27,11:45:00,,4,,2025-05-22 16:58:50
7408,1,309,2025-02-25,09:30:00,,4,,2025-05-22 16:58:50
7409,3,988,2025-03-27,12:15:00,,4,展览内容非常丰富，很有教育意义。,2025-05-22 16:58:50
7410,4,51,2023-07-11,11:15:00,,3,,2025-05-22 16:58:50
7411,7,580,2024-12-04,16:45:00,,5,交通便利，设施完善。,2025-05-22 16:58:50
7412,9,67,2024-11-15,12:00:00,,,部分展区很精彩，部分展区一般。,2025-05-22 16:58:50
7413,3,611,2024-12-20,12:30:00,,,,2025-05-22 16:58:50
7414,9,688,2024-07-31,12:15:00,23,5,,2025-05-22 16:58:50
7415,5,340,2024-09-26,16:15:00,,,,2025-05-22 16:58:50
7416,9,346,2024-05-18,12:00:00,,,,2025-05-22 16:58:50
7417,2,567,2024-01-25,14:15:00,,,,2025-05-22 16:58:50
7418,2,571,2024-07-27,13:45:00,,4,交通便利，设施完善。,2025-05-22 16:58:50
7419,5,726,2024-05-28,16:45:00,,5,,2025-05-22 16:58:50
7420,7,915,2023-12-04,15:00:00,,,,2025-05-22 16:58:50
7421,9,273,2024-11-16,09:15:00,,3,,2025-05-22 16:58:50
7422,6,382,2024-08-14,16:45:00,,5,,2025-05-22 16:58:50
7423,7,4,2024-07-02,12:30:00,,,,2025-05-22 16:58:50
7424,1,664,2024-10-27,10:45:00,,3,,2025-05-22 16:58:50
7425,6,724,2023-06-26,09:45:00,,4,,2025-05-22 16:58:50
7426,8,38,2023-08-15,10:30:00,,,,2025-05-22 16:58:50
7427,5,284,2023-09-26,11:30:00,,,,2025-05-22 16:58:50
7428,3,939,2024-07-07,12:30:00,,,,2025-05-22 16:58:50
7429,4,685,2024-12-22,16:00:00,,3,,2025-05-22 16:58:50
7430,5,767,2025-04-02,10:00:00,,4,很适合带孩子来参观学习。,2025-05-22 16:58:50
7431,3,385,2024-05-29,15:30:00,,,,2025-05-22 16:58:50
7432,6,798,2023-12-08,11:45:00,,,,2025-05-22 16:58:50
7433,7,369,2023-07-27,12:15:00,,3,,2025-05-22 16:58:50
7434,8,639,2025-05-16,14:45:00,,,,2025-05-22 16:58:50
7435,1,697,2024-01-12,12:45:00,,5,活动组织得很好，环境舒适。,2025-05-22 16:58:50
7436,2,79,2024-08-16,13:15:00,,,,2025-05-22 16:58:50
7437,8,786,2024-08-24,12:15:00,,5,,2025-05-22 16:58:50
7438,9,981,2024-09-19,11:00:00,,4,交通便利，设施完善。,2025-05-22 16:58:50
7439,6,589,2024-09-02,10:15:00,,,,2025-05-22 16:58:50
7440,2,909,2025-02-15,10:30:00,,,,2025-05-22 16:58:50
7441,8,778,2023-09-10,09:00:00,,4,,2025-05-22 16:58:50
7442,6,569,2025-02-18,09:00:00,,,,2025-05-22 16:58:50
7443,2,849,2024-04-17,09:30:00,,,停车不太方便。,2025-05-22 16:58:50
7444,6,118,2025-04-11,13:15:00,,5,讲解员专业知识丰富，讲解生动。,2025-05-22 16:58:50
7445,5,180,2023-12-01,15:30:00,,,,2025-05-22 16:58:50
7446,1,566,2024-09-13,12:15:00,,4,,2025-05-22 16:58:50
7447,8,172,2024-11-25,14:15:00,,5,,2025-05-22 16:58:50
7448,2,910,2024-11-02,10:00:00,,4,,2025-05-22 16:58:50
7449,4,706,2023-12-12,12:45:00,,,,2025-05-22 16:58:50
7450,7,996,2023-12-10,09:15:00,,4,,2025-05-22 16:58:50
7451,2,620,2024-10-31,16:00:00,,4,,2025-05-22 16:58:50
7452,5,716,2023-09-18,09:15:00,,4,,2025-05-22 16:58:50
7453,9,695,2023-09-18,13:15:00,,,,2025-05-22 16:58:50
7454,3,665,2025-04-18,12:15:00,,5,交通便利，设施完善。,2025-05-22 16:58:50
7455,2,553,2023-10-19,16:15:00,,3,,2025-05-22 16:58:50
7456,1,89,2023-10-02,13:30:00,,4,,2025-05-22 16:58:50
7457,5,191,2023-06-08,12:45:00,,,,2025-05-22 16:58:50
7458,1,629,2024-08-16,14:45:00,,3,,2025-05-22 16:58:50
7459,7,166,2025-03-13,15:00:00,3,,整体还不错，但有提升空间。,2025-05-22 16:58:50
7460,9,862,2024-10-26,10:00:00,,,,2025-05-22 16:58:50
7461,9,696,2025-04-14,09:15:00,,3,,2025-05-22 16:58:50
7462,4,390,2024-12-27,11:00:00,49,4,展览内容非常丰富，很有教育意义。,2025-05-22 16:58:50
7463,5,224,2025-03-11,09:45:00,,5,交通便利，设施完善。,2025-05-22 16:58:50
7464,9,243,2023-10-31,16:15:00,,5,,2025-05-22 16:58:50
7465,7,897,2023-09-10,13:00:00,,4,,2025-05-22 16:58:50
7466,1,29,2025-04-22,09:15:00,,4,很适合带孩子来参观学习。,2025-05-22 16:58:50
7467,7,744,2024-12-31,10:15:00,,4,,2025-05-22 16:58:50
7468,6,683,2024-04-10,11:00:00,,3,,2025-05-22 16:58:50
7469,3,1,2023-06-22,10:15:00,,3,,2025-05-22 16:58:50
7470,8,690,2025-04-22,10:30:00,,3,建议增加外语讲解服务。,2025-05-22 16:58:50
7471,7,760,2025-05-09,14:45:00,,,整体还不错，但有提升空间。,2025-05-22 16:58:50
7472,8,802,2024-08-17,15:45:00,,4,,2025-05-22 16:58:50
7473,9,596,2023-11-25,10:00:00,,3,,2025-05-22 16:58:50
7474,5,752,2024-10-11,16:45:00,,,,2025-05-22 16:58:50
7475,7,294,2024-02-06,12:45:00,,,,2025-05-22 16:58:50
7476,9,173,2024-06-01,16:45:00,,4,,2025-05-22 16:58:50
7477,8,662,2024-03-29,15:15:00,,,,2025-05-22 16:58:50
7478,4,666,2025-05-20,12:45:00,,5,,2025-05-22 16:58:50
7479,5,94,2024-12-22,10:45:00,,,,2025-05-22 16:58:50
7480,2,175,2024-07-05,14:30:00,,,,2025-05-22 16:58:50
7481,2,587,2024-04-10,12:45:00,,4,,2025-05-22 16:58:50
7482,7,108,2024-04-26,11:15:00,,3,,2025-05-22 16:58:50
7483,8,891,2023-08-21,12:00:00,,3,建议增加外语讲解服务。,2025-05-22 16:58:50
7484,8,500,2023-11-18,15:30:00,,,,2025-05-22 16:58:50
7485,1,246,2024-10-27,14:30:00,,,希望能增加互动性的展品。,2025-05-22 16:58:50
7486,8,545,2023-07-07,13:30:00,,,,2025-05-22 16:58:50
7487,10,886,2024-12-26,15:00:00,,,,2025-05-22 16:58:50
7488,10,48,2023-09-15,10:30:00,,3,,2025-05-22 16:58:50
7489,8,247,2025-02-13,10:15:00,,4,,2025-05-22 16:58:50
7490,8,69,2023-12-25,09:45:00,,5,,2025-05-22 16:58:50
7491,8,770,2023-06-04,16:30:00,,4,,2025-05-22 16:58:50
7492,5,347,2024-07-31,10:00:00,,,部分展区很精彩，部分展区一般。,2025-05-22 16:58:50
7493,7,634,2025-03-02,11:45:00,,4,,2025-05-22 16:58:50
7494,6,923,2024-03-02,10:00:00,,4,展览内容非常丰富，很有教育意义。,2025-05-22 16:58:50
7495,6,838,2024-06-10,12:15:00,29,,,2025-05-22 16:58:50
7496,7,799,2024-12-03,15:00:00,,3,,2025-05-22 16:58:50
7497,2,687,2023-10-15,14:45:00,,,,2025-05-22 16:58:50
7498,5,487,2025-02-03,11:00:00,,4,交通便利，设施完善。,2025-05-22 16:58:50
7499,6,68,2024-09-26,11:45:00,,,,2025-05-22 16:58:50
7500,3,787,2023-12-21,11:30:00,,,,2025-05-22 16:58:50
7501,5,114,2024-11-21,14:30:00,,4,,2025-05-22 16:58:50
7502,7,120,2023-07-27,15:45:00,,4,,2025-05-22 16:58:50
7503,5,296,2024-01-16,13:15:00,,5,,2025-05-22 16:58:50
7504,3,665,2024-09-07,13:15:00,,3,,2025-05-22 16:58:50
7505,8,376,2025-01-25,09:45:00,,3,,2025-05-22 16:58:50
7506,5,717,2023-11-03,09:00:00,,5,,2025-05-22 16:58:50
7507,10,715,2023-11-21,13:15:00,,5,展览内容非常丰富，很有教育意义。,2025-05-22 16:58:50
7508,2,245,2025-02-11,09:30:00,,4,,2025-05-22 16:58:50
7509,9,310,2023-06-30,14:45:00,,5,,2025-05-22 16:58:50
7510,2,191,2025-02-08,15:30:00,,4,,2025-05-22 16:58:50
7511,7,468,2023-12-13,12:15:00,,4,,2025-05-22 16:58:50
7512,6,50,2024-07-24,11:00:00,,4,,2025-05-22 16:58:50
7513,8,405,2023-10-30,11:30:00,,,,2025-05-22 16:58:50
7514,10,597,2024-12-04,10:45:00,,3,,2025-05-22 16:58:50
7515,11,847,2025-04-02,11:30:00,,5,,2025-05-22 16:58:50
7516,4,130,2023-08-13,10:45:00,,4,,2025-05-22 16:58:50
7517,6,15,2025-02-08,10:00:00,,5,,2025-05-22 16:58:50
7518,4,791,2024-03-15,12:30:00,,3,,2025-05-22 16:58:50
7519,5,820,2024-06-08,10:30:00,,3,,2025-05-22 16:58:50
7520,2,800,2025-04-14,11:45:00,,,,2025-05-22 16:58:50
7521,7,167,2023-07-30,09:45:00,,3,,2025-05-22 16:58:50
7522,2,845,2025-04-21,10:45:00,,,,2025-05-22 16:58:50
7523,6,522,2023-09-12,14:30:00,,5,,2025-05-22 16:58:50
7524,3,671,2024-06-08,16:15:00,,,,2025-05-22 16:58:50
7525,8,754,2025-03-01,14:15:00,,3,,2025-05-22 16:58:50
7526,2,89,2024-10-17,13:30:00,,,,2025-05-22 16:58:50
7527,8,393,2025-04-12,13:00:00,,3,,2025-05-22 16:58:50
7528,2,637,2023-06-24,13:45:00,,3,,2025-05-22 16:58:50
7529,8,33,2023-12-17,12:15:00,,,,2025-05-22 16:58:50
7530,4,341,2025-03-31,12:45:00,,,建议增加外语讲解服务。,2025-05-22 16:58:50
7531,10,409,2024-10-23,09:15:00,,,,2025-05-22 16:58:50
7532,8,2,2023-07-28,10:15:00,,,,2025-05-22 16:58:50
7533,10,693,2024-07-01,11:30:00,,5,,2025-05-22 16:58:50
7534,10,439,2023-07-15,11:15:00,,,,2025-05-22 16:58:50
7535,9,815,2024-07-08,12:30:00,23,5,,2025-05-22 16:58:50
7536,10,290,2025-04-15,14:30:00,,5,,2025-05-22 16:58:50
7537,4,808,2024-02-06,12:15:00,,3,,2025-05-22 16:58:50
7538,3,234,2024-06-19,09:15:00,,4,,2025-05-22 16:58:50
7539,6,101,2023-09-17,10:30:00,,4,,2025-05-22 16:58:50
7540,10,954,2024-11-06,16:30:00,,4,,2025-05-22 16:58:50
7541,6,872,2025-05-21,11:30:00,,,,2025-05-22 16:58:50
7542,3,46,2023-10-09,12:30:00,,3,,2025-05-22 16:58:50
7543,11,31,2025-02-23,11:15:00,,,希望能增加互动性的展品。,2025-05-22 16:58:50
7544,7,253,2025-01-05,14:00:00,,3,,2025-05-22 16:58:50
7545,10,866,2025-04-11,10:00:00,,,,2025-05-22 16:58:50
7546,3,937,2025-02-24,12:15:00,,,,2025-05-22 16:58:50
7547,2,307,2024-04-14,12:15:00,,3,,2025-05-22 16:58:50
7548,6,971,2024-07-04,16:15:00,,4,,2025-05-22 16:58:50
7549,9,404,2024-06-23,12:15:00,,5,,2025-05-22 16:58:50
7550,1,300,2023-06-09,12:30:00,,4,,2025-05-22 16:58:50
7551,2,932,2023-08-06,15:45:00,,5,交通便利，设施完善。,2025-05-22 16:58:50
7552,7,768,2024-11-17,12:15:00,,5,,2025-05-22 16:58:50
7553,6,929,2025-04-14,14:15:00,,5,,2025-05-22 16:58:50
7554,9,725,2023-10-20,12:45:00,,3,,2025-05-22 16:58:50
7555,7,217,2024-01-07,15:30:00,,,,2025-05-22 16:58:50
7556,7,198,2024-05-19,15:45:00,,5,,2025-05-22 16:58:50
7557,4,164,2024-04-07,16:45:00,,,,2025-05-22 16:58:50
7558,9,640,2025-03-17,13:30:00,,3,,2025-05-22 16:58:50
7559,3,89,2024-09-18,09:30:00,,,,2025-05-22 16:58:50
7560,9,765,2024-01-06,14:45:00,,3,,2025-05-22 16:58:50
7561,5,204,2025-04-25,10:00:00,,5,交通便利，设施完善。,2025-05-22 16:58:50
7562,3,698,2023-12-03,13:15:00,,,,2025-05-22 16:58:50
7563,2,986,2023-05-26,15:15:00,,5,,2025-05-22 16:58:50
7564,6,382,2023-09-13,12:45:00,,4,,2025-05-22 16:58:50
7565,4,358,2024-09-24,15:15:00,,,,2025-05-22 16:58:50
7566,10,692,2024-05-13,10:00:00,,,停车不太方便。,2025-05-22 16:58:50
7567,3,520,2024-01-21,15:00:00,,5,,2025-05-22 16:58:50
7568,7,617,2025-04-14,13:00:00,,5,,2025-05-22 16:58:50
7569,1,833,2025-02-01,14:00:00,,,,2025-05-22 16:58:50
7570,7,399,2024-08-30,15:00:00,,,,2025-05-22 16:58:50
7571,9,144,2024-12-19,11:00:00,,,停车不太方便。,2025-05-22 16:58:50
7572,4,598,2025-02-18,10:15:00,,5,,2025-05-22 16:58:50
7573,7,523,2024-02-12,12:00:00,,,,2025-05-22 16:58:50
7574,6,259,2025-03-08,12:00:00,,5,,2025-05-22 16:58:50
7575,4,356,2025-05-04,09:15:00,,4,很适合带孩子来参观学习。,2025-05-22 16:58:50
7576,9,431,2024-06-06,16:45:00,23,4,,2025-05-22 16:58:50
7577,8,959,2023-05-28,11:30:00,,,,2025-05-22 16:58:50
7578,1,491,2023-06-15,13:15:00,,3,,2025-05-22 16:58:50
7579,7,212,2024-12-21,10:45:00,,,,2025-05-22 16:58:50
7580,9,417,2024-12-27,13:15:00,,5,交通便利，设施完善。,2025-05-22 16:58:50
7581,1,563,2023-11-18,16:30:00,,3,,2025-05-22 16:58:50
7582,4,888,2024-07-02,12:15:00,,,,2025-05-22 16:58:50
7583,6,226,2023-11-23,10:15:00,,3,,2025-05-22 16:58:50
7584,8,508,2025-01-03,15:45:00,,4,,2025-05-22 16:58:50
7585,5,914,2024-09-20,15:00:00,,,整体还不错，但有提升空间。,2025-05-22 16:58:50
7586,11,397,2024-09-21,09:45:00,,3,,2025-05-22 16:58:50
7587,5,634,2025-04-01,16:45:00,,3,,2025-05-22 16:58:50
7588,8,992,2024-04-08,15:00:00,,,,2025-05-22 16:58:50
7589,7,89,2024-10-10,11:30:00,,3,,2025-05-22 16:58:50
7590,4,631,2023-07-13,16:00:00,,4,,2025-05-22 16:58:50
7591,7,130,2025-01-27,16:00:00,,,,2025-05-22 16:58:50
7592,5,964,2024-09-04,14:45:00,,3,,2025-05-22 16:58:50
7593,2,593,2023-06-27,09:45:00,,,,2025-05-22 16:58:50
7594,4,32,2024-05-06,12:15:00,,3,,2025-05-22 16:58:50
7595,2,313,2024-04-24,10:30:00,,,,2025-05-22 16:58:50
7596,8,127,2024-09-18,13:15:00,,5,,2025-05-22 16:58:50
7597,3,870,2024-08-25,12:15:00,,4,,2025-05-22 16:58:50
7598,1,934,2024-10-09,12:15:00,,5,,2025-05-22 16:58:50
7599,5,626,2024-08-01,14:00:00,,3,,2025-05-22 16:58:50
7600,8,757,2024-05-13,10:00:00,,4,,2025-05-22 16:58:50
7601,7,522,2024-03-20,16:00:00,,,,2025-05-22 16:58:50
7602,1,33,2024-05-15,15:30:00,,4,,2025-05-22 16:58:50
7603,11,623,2025-05-02,11:45:00,,5,,2025-05-22 16:58:50
7604,4,26,2023-08-26,13:15:00,,,,2025-05-22 16:58:50
7605,4,968,2025-04-20,16:30:00,,4,,2025-05-22 16:58:50
7606,9,128,2024-11-24,09:15:00,,,,2025-05-22 16:58:50
7607,2,695,2024-01-06,13:00:00,,,,2025-05-22 16:58:50
7608,6,797,2023-09-12,16:15:00,,3,,2025-05-22 16:58:50
7609,1,524,2023-06-07,14:00:00,,5,,2025-05-22 16:58:50
7610,7,570,2023-06-05,10:30:00,,5,,2025-05-22 16:58:50
7611,1,290,2023-12-02,12:00:00,,3,,2025-05-22 16:58:50
7612,4,757,2024-05-05,12:00:00,,,,2025-05-22 16:58:50
7613,1,198,2024-09-18,14:00:00,,5,展览内容非常丰富，很有教育意义。,2025-05-22 16:58:50
7614,5,818,2023-11-09,09:30:00,,5,交通便利，设施完善。,2025-05-22 16:58:50
7615,2,28,2025-01-01,09:15:00,,,停车不太方便。,2025-05-22 16:58:50
7616,5,776,2024-01-13,15:30:00,,,,2025-05-22 16:58:50
7617,6,558,2025-03-21,12:15:00,,5,,2025-05-22 16:58:50
7618,9,312,2023-08-14,14:00:00,,,,2025-05-22 16:58:50
7619,5,336,2024-02-14,09:45:00,,4,,2025-05-22 16:58:50
7620,4,587,2023-08-27,14:45:00,,,,2025-05-22 16:58:50
7621,4,202,2025-01-29,15:15:00,,,,2025-05-22 16:58:50
7622,5,759,2025-04-19,14:00:00,,,,2025-05-22 16:58:50
7623,3,339,2024-10-16,16:45:00,24,,,2025-05-22 16:58:50
7624,6,153,2024-04-04,12:00:00,,4,,2025-05-22 16:58:50
7625,2,998,2024-12-03,13:45:00,,5,,2025-05-22 16:58:50
7626,10,856,2024-11-27,09:45:00,,,,2025-05-22 16:58:50
7627,8,25,2025-04-19,16:45:00,,4,,2025-05-22 16:58:50
7628,1,14,2024-07-20,13:15:00,,,,2025-05-22 16:58:50
7629,11,420,2023-05-29,12:15:00,,,整体还不错，但有提升空间。,2025-05-22 16:58:50
7630,2,478,2024-08-17,13:00:00,,4,,2025-05-22 16:58:50
7631,1,86,2023-11-30,12:30:00,,5,,2025-05-22 16:58:50
7632,9,197,2024-04-24,09:45:00,,3,希望能增加互动性的展品。,2025-05-22 16:58:50
7633,5,498,2024-12-06,10:00:00,,3,,2025-05-22 16:58:50
7634,10,173,2023-10-19,16:45:00,,5,,2025-05-22 16:58:50
7635,5,606,2025-05-20,13:45:00,,3,,2025-05-22 16:58:50
7636,2,521,2024-05-29,16:15:00,,4,,2025-05-22 16:58:50
7637,5,445,2025-01-27,16:30:00,,5,,2025-05-22 16:58:50
7638,10,225,2023-07-21,15:00:00,,,,2025-05-22 16:58:50
7639,1,605,2024-07-16,11:30:00,,4,,2025-05-22 16:58:50
7640,1,404,2025-05-22,14:30:00,,,,2025-05-22 16:58:50
7641,11,353,2024-07-09,15:15:00,,,整体还不错，但有提升空间。,2025-05-22 16:58:50
7642,9,865,2024-08-27,16:30:00,,,,2025-05-22 16:58:50
7643,4,280,2024-06-01,15:45:00,,,,2025-05-22 16:58:50
7644,9,403,2024-08-21,12:00:00,23,,,2025-05-22 16:58:50
7645,6,718,2025-02-11,10:00:00,,4,,2025-05-22 16:58:50
7646,6,165,2025-03-19,09:30:00,,,停车不太方便。,2025-05-22 16:58:50
7647,8,286,2025-05-01,11:30:00,,4,,2025-05-22 16:58:50
7648,7,810,2025-05-01,11:30:00,3,3,,2025-05-22 16:58:50
7649,9,524,2024-07-31,16:00:00,,,,2025-05-22 16:58:50
7650,4,608,2024-12-30,09:30:00,,4,,2025-05-22 16:58:50
7651,9,398,2024-09-29,15:15:00,23,,,2025-05-22 16:58:50
7652,2,600,2023-05-31,11:45:00,,3,,2025-05-22 16:58:50
7653,1,366,2025-04-14,12:00:00,,4,,2025-05-22 16:58:50
7654,10,600,2024-11-19,13:30:00,,5,,2025-05-22 16:58:50
7655,8,839,2025-04-21,13:15:00,,,,2025-05-22 16:58:50
7656,3,730,2024-02-11,10:00:00,,3,,2025-05-22 16:58:50
7657,2,733,2024-04-30,16:30:00,,5,,2025-05-22 16:58:50
7658,7,209,2024-10-29,12:30:00,,4,展览内容非常丰富，很有教育意义。,2025-05-22 16:58:50
7659,7,692,2025-01-02,09:30:00,,3,,2025-05-22 16:58:50
7660,1,916,2024-12-25,14:30:00,,,部分展区很精彩，部分展区一般。,2025-05-22 16:58:50
7661,7,95,2025-05-12,15:15:00,3,4,,2025-05-22 16:58:50
7662,2,271,2023-09-05,12:45:00,,,,2025-05-22 16:58:50
7663,6,638,2025-04-15,13:45:00,,,,2025-05-22 16:58:50
7664,8,382,2024-08-29,16:30:00,,4,很适合带孩子来参观学习。,2025-05-22 16:58:50
7665,1,271,2025-03-19,16:15:00,,,,2025-05-22 16:58:50
7666,8,319,2024-04-19,12:00:00,,3,,2025-05-22 16:58:50
7667,6,55,2024-02-22,13:30:00,,,,2025-05-22 16:58:50
7668,2,619,2024-03-26,13:30:00,,,希望能增加互动性的展品。,2025-05-22 16:58:50
7669,8,725,2023-07-08,16:30:00,,,,2025-05-22 16:58:50
7670,5,564,2024-04-11,15:30:00,,5,,2025-05-22 16:58:50
7671,6,363,2025-03-01,10:00:00,,,,2025-05-22 16:58:50
7672,5,833,2024-03-02,16:15:00,,4,,2025-05-22 16:58:50
7673,1,733,2025-03-31,16:15:00,,3,,2025-05-22 16:58:50
7674,5,191,2024-08-29,11:45:00,,3,,2025-05-22 16:58:50
7675,5,815,2024-11-16,13:45:00,,5,,2025-05-22 16:58:50
7676,4,918,2024-01-13,16:15:00,,4,,2025-05-22 16:58:50
7677,6,737,2025-02-17,16:00:00,,,,2025-05-22 16:58:50
7678,3,853,2023-07-18,09:00:00,,5,,2025-05-22 16:58:50
7679,3,224,2025-03-17,10:45:00,,4,展览内容非常丰富，很有教育意义。,2025-05-22 16:58:50
7680,4,260,2025-01-21,09:15:00,49,4,展览内容非常丰富，很有教育意义。,2025-05-22 16:58:50
7681,5,530,2024-08-01,10:15:00,,,,2025-05-22 16:58:50
7682,9,391,2025-01-06,10:00:00,,,,2025-05-22 16:58:50
7683,9,114,2024-09-02,09:00:00,23,3,,2025-05-22 16:58:50
7684,3,640,2025-02-15,11:45:00,,5,,2025-05-22 16:58:50
7685,3,364,2025-02-26,13:00:00,,5,,2025-05-22 16:58:50
7686,2,164,2023-08-23,12:45:00,,5,,2025-05-22 16:58:50
7687,3,936,2023-05-30,15:15:00,,3,,2025-05-22 16:58:50
7688,1,761,2024-10-09,14:00:00,,,,2025-05-22 16:58:50
7689,1,619,2024-08-22,09:30:00,,,部分展区很精彩，部分展区一般。,2025-05-22 16:58:50
7690,6,709,2024-11-29,15:30:00,,4,讲解员专业知识丰富，讲解生动。,2025-05-22 16:58:50
7691,2,362,2023-10-24,14:30:00,,,,2025-05-22 16:58:50
7692,1,517,2024-05-25,09:00:00,,,整体还不错，但有提升空间。,2025-05-22 16:58:50
7693,9,715,2024-12-25,15:30:00,,,,2025-05-22 16:58:50
7694,5,564,2023-06-08,15:00:00,,3,停车不太方便。,2025-05-22 16:58:50
7695,9,55,2024-11-01,09:45:00,,,,2025-05-22 16:58:50
7696,5,651,2025-01-13,14:00:00,,4,讲解员专业知识丰富，讲解生动。,2025-05-22 16:58:50
7697,4,246,2024-02-07,12:15:00,,5,展览内容非常丰富，很有教育意义。,2025-05-22 16:58:50
7698,3,101,2025-03-26,14:30:00,,4,,2025-05-22 16:58:50
7699,9,19,2024-08-19,12:00:00,23,5,,2025-05-22 16:58:50
7700,2,355,2025-01-23,12:15:00,,3,,2025-05-22 16:58:50
7701,7,753,2023-08-20,15:15:00,,,整体还不错，但有提升空间。,2025-05-22 16:58:50
7702,6,725,2024-11-09,10:15:00,,3,希望能增加互动性的展品。,2025-05-22 16:58:50
7703,5,283,2023-06-06,12:15:00,,,,2025-05-22 16:58:50
7704,8,689,2025-02-07,12:15:00,,5,活动组织得很好，环境舒适。,2025-05-22 16:58:50
7705,6,808,2023-09-07,16:45:00,,5,,2025-05-22 16:58:50
7706,1,223,2024-06-09,10:15:00,,,,2025-05-22 16:58:50
7707,2,895,2023-12-05,11:00:00,,5,,2025-05-22 16:58:50
7708,7,426,2024-04-19,10:00:00,,,,2025-05-22 16:58:50
7709,3,986,2023-09-30,10:30:00,,3,希望能增加互动性的展品。,2025-05-22 16:58:50
7710,6,537,2024-08-19,10:00:00,,5,展览内容非常丰富，很有教育意义。,2025-05-22 16:58:50
7711,9,904,2024-08-08,12:00:00,23,4,很适合带孩子来参观学习。,2025-05-22 16:58:50
7712,2,72,2024-06-04,13:15:00,,5,,2025-05-22 16:58:50
7713,9,179,2025-02-02,12:15:00,,5,,2025-05-22 16:58:50
7714,4,72,2025-04-07,12:15:00,,3,,2025-05-22 16:58:50
7715,8,719,2024-12-07,14:30:00,,4,,2025-05-22 16:58:50
7716,5,664,2025-01-18,09:15:00,,5,展览内容非常丰富，很有教育意义。,2025-05-22 16:58:50
7717,5,20,2025-02-28,10:00:00,,5,,2025-05-22 16:58:50
7718,1,200,2023-05-31,14:15:00,,4,,2025-05-22 16:58:50
7719,5,1001,2025-04-20,11:30:00,,4,,2025-05-22 16:58:50
7720,5,598,2024-02-04,09:30:00,,4,,2025-05-22 16:58:50
7721,6,819,2025-04-26,16:15:00,,3,,2025-05-22 16:58:50
7722,6,650,2025-03-14,14:30:00,,5,,2025-05-22 16:58:50
7723,6,402,2025-02-27,15:45:00,,,停车不太方便。,2025-05-22 16:58:50
7724,6,26,2024-10-26,12:30:00,,,,2025-05-22 16:58:50
7725,6,377,2023-07-31,15:30:00,,5,,2025-05-22 16:58:50
7726,8,799,2024-09-11,13:45:00,,4,活动组织得很好，环境舒适。,2025-05-22 16:58:50
7727,9,200,2024-06-15,12:45:00,,4,,2025-05-22 16:58:50
7728,10,917,2025-05-08,15:30:00,,,,2025-05-22 16:58:50
7729,2,627,2024-09-01,11:45:00,,4,交通便利，设施完善。,2025-05-22 16:58:50
7730,1,794,2023-12-31,13:00:00,,3,,2025-05-22 16:58:50
7731,2,180,2024-04-10,13:00:00,,,,2025-05-22 16:58:50
7732,6,234,2025-01-20,13:45:00,,,,2025-05-22 16:58:50
7733,5,699,2024-02-08,15:00:00,,3,,2025-05-22 16:58:50
7734,1,645,2023-05-29,09:15:00,,,,2025-05-22 16:58:50
7735,5,422,2024-11-19,14:30:00,,,,2025-05-22 16:58:50
7736,8,828,2024-03-18,11:00:00,,3,,2025-05-22 16:58:50
7737,5,617,2024-05-22,12:00:00,,,整体还不错，但有提升空间。,2025-05-22 16:58:50
7738,4,288,2023-11-12,09:00:00,,,建议增加外语讲解服务。,2025-05-22 16:58:50
7739,9,910,2023-09-17,09:30:00,,5,,2025-05-22 16:58:50
7740,1,887,2023-08-24,16:30:00,,4,,2025-05-22 16:58:50
7741,9,916,2024-05-11,13:45:00,,,,2025-05-22 16:58:50
7742,4,639,2023-05-28,14:30:00,,4,,2025-05-22 16:58:50
7743,4,299,2025-01-30,12:15:00,49,3,,2025-05-22 16:58:50
7744,3,843,2024-03-25,12:00:00,,4,,2025-05-22 16:58:50
7745,1,322,2024-03-24,15:15:00,,,部分展区很精彩，部分展区一般。,2025-05-22 16:58:50
7746,2,279,2024-05-26,09:00:00,,,整体还不错，但有提升空间。,2025-05-22 16:58:50
7747,4,75,2024-10-04,11:00:00,,3,,2025-05-22 16:58:50
7748,8,190,2023-12-11,12:15:00,,3,,2025-05-22 16:58:50
7749,2,420,2024-05-30,10:15:00,,5,,2025-05-22 16:58:50
7750,7,528,2023-08-30,11:15:00,,,,2025-05-22 16:58:50
7751,2,913,2023-11-22,15:00:00,,,,2025-05-22 16:58:50
7752,9,565,2024-02-23,10:30:00,,4,,2025-05-22 16:58:50
7753,3,513,2024-04-01,12:00:00,,,,2025-05-22 16:58:50
7754,1,913,2023-12-09,10:00:00,,,,2025-05-22 16:58:50
7755,6,8,2023-11-25,11:45:00,,,整体还不错，但有提升空间。,2025-05-22 16:58:50
7756,7,706,2024-03-10,13:45:00,,4,,2025-05-22 16:58:50
7757,9,807,2024-03-18,13:30:00,,,,2025-05-22 16:58:50
7758,6,641,2024-04-09,16:00:00,,3,停车不太方便。,2025-05-22 16:58:50
7759,6,781,2023-09-14,13:30:00,,4,展览内容非常丰富，很有教育意义。,2025-05-22 16:58:50
7760,4,436,2025-04-02,15:00:00,,4,,2025-05-22 16:58:50
7761,5,416,2025-02-11,16:30:00,,,部分展区很精彩，部分展区一般。,2025-05-22 16:58:50
7762,6,481,2025-04-22,16:30:00,,4,,2025-05-22 16:58:50
7763,6,209,2025-04-17,10:00:00,,5,,2025-05-22 16:58:50
7764,1,639,2024-01-29,11:30:00,,3,,2025-05-22 16:58:50
7765,3,123,2023-07-03,14:00:00,,3,,2025-05-22 16:58:50
7766,9,253,2024-01-25,14:30:00,,,,2025-05-22 16:58:50
7767,1,554,2023-12-26,16:00:00,,4,,2025-05-22 16:58:50
7768,1,197,2025-05-02,09:30:00,,3,,2025-05-22 16:58:50
7769,2,666,2025-01-12,14:15:00,,,建议增加外语讲解服务。,2025-05-22 16:58:50
7770,7,286,2023-12-05,10:45:00,,,,2025-05-22 16:58:50
7771,4,741,2024-09-19,09:30:00,,3,,2025-05-22 16:58:50
7772,7,976,2025-05-10,10:30:00,,3,,2025-05-22 16:58:50
7773,4,54,2023-12-05,14:15:00,,,,2025-05-22 16:58:50
7774,6,178,2025-01-15,16:30:00,,3,,2025-05-22 16:58:50
7775,7,62,2024-08-02,13:00:00,,4,,2025-05-22 16:58:50
7776,9,644,2024-03-19,15:45:00,,,,2025-05-22 16:58:50
7777,2,809,2024-05-15,16:15:00,,4,讲解员专业知识丰富，讲解生动。,2025-05-22 16:58:50
7778,2,120,2023-06-27,10:00:00,,,,2025-05-22 16:58:50
7779,5,127,2024-07-07,09:00:00,,3,整体还不错，但有提升空间。,2025-05-22 16:58:50
7780,10,518,2024-06-10,15:15:00,,4,展览内容非常丰富，很有教育意义。,2025-05-22 16:58:50
7781,3,194,2023-07-20,12:00:00,,4,,2025-05-22 16:58:50
7782,7,26,2024-01-07,12:30:00,,,,2025-05-22 16:58:50
7783,3,989,2025-02-17,09:45:00,,4,,2025-05-22 16:58:50
7784,3,405,2024-02-15,16:15:00,,4,,2025-05-22 16:58:50
7785,6,862,2023-11-02,16:00:00,,,,2025-05-22 16:58:50
7786,2,790,2025-05-16,13:30:00,,,整体还不错，但有提升空间。,2025-05-22 16:58:50
7787,1,743,2025-02-21,16:15:00,,,,2025-05-22 16:58:50
7788,9,283,2024-05-23,11:30:00,,,,2025-05-22 16:58:50
7789,2,991,2024-09-04,16:00:00,,,希望能增加互动性的展品。,2025-05-22 16:58:50
7790,4,104,2024-12-15,09:45:00,,3,,2025-05-22 16:58:50
7791,9,695,2025-04-10,15:30:00,,4,,2025-05-22 16:58:50
7792,3,45,2025-04-25,14:00:00,,3,,2025-05-22 16:58:50
7793,1,407,2024-12-01,16:00:00,,,,2025-05-22 16:58:50
7794,8,976,2023-09-20,10:15:00,,3,建议增加外语讲解服务。,2025-05-22 16:58:50
7795,4,913,2025-02-08,11:30:00,,3,,2025-05-22 16:58:50
7796,3,789,2024-10-13,16:15:00,,,,2025-05-22 16:58:50
7797,6,22,2025-01-03,11:30:00,,3,,2025-05-22 16:58:50
7798,11,275,2025-04-03,13:15:00,,,,2025-05-22 16:58:50
7799,9,220,2024-09-10,10:30:00,,3,,2025-05-22 16:58:50
7800,8,795,2024-12-24,15:30:00,,3,,2025-05-22 16:58:50
7801,2,422,2025-05-06,10:30:00,,4,,2025-05-22 16:58:50
7802,2,410,2024-02-10,16:00:00,,,,2025-05-22 16:58:50
7803,1,100,2024-10-12,16:45:00,,4,,2025-05-22 16:58:50
7804,10,180,2024-08-03,11:15:00,,,,2025-05-22 16:58:50
7805,10,434,2024-09-01,14:30:00,,3,停车不太方便。,2025-05-22 16:58:50
7806,3,549,2024-01-05,15:30:00,,,,2025-05-22 16:58:50
7807,7,47,2023-07-19,10:15:00,,,,2025-05-22 16:58:50
7808,9,961,2024-06-27,13:15:00,,4,,2025-05-22 16:58:50
7809,1,244,2025-01-12,11:00:00,,3,,2025-05-22 16:58:50
7810,6,803,2024-11-10,09:45:00,,,,2025-05-22 16:58:50
7811,1,321,2024-04-13,12:00:00,,4,展览内容非常丰富，很有教育意义。,2025-05-22 16:58:50
7812,8,332,2024-08-15,15:30:00,,5,,2025-05-22 16:58:50
7813,9,285,2023-08-22,16:45:00,,,,2025-05-22 16:58:50
7814,6,341,2024-05-01,16:45:00,,3,,2025-05-22 16:58:50
7815,1,152,2025-03-12,11:30:00,,4,讲解员专业知识丰富，讲解生动。,2025-05-22 16:58:50
7816,3,962,2024-08-08,15:30:00,,3,,2025-05-22 16:58:50
7817,9,34,2023-06-10,15:30:00,,4,,2025-05-22 16:58:50
7818,7,6,2025-05-21,14:45:00,3,5,,2025-05-22 16:58:50
7819,3,439,2025-05-14,13:15:00,,5,,2025-05-22 16:58:50
7820,11,70,2025-01-13,15:00:00,,,,2025-05-22 16:58:50
7821,1,922,2023-06-06,16:00:00,,,,2025-05-22 16:58:50
7822,1,651,2024-03-17,11:15:00,,5,交通便利，设施完善。,2025-05-22 16:58:50
7823,3,155,2023-10-06,12:15:00,,4,,2025-05-22 16:58:50
7824,9,134,2025-05-02,12:15:00,,,,2025-05-22 16:58:50
7825,2,973,2024-07-26,09:30:00,,5,,2025-05-22 16:58:50
7826,5,631,2024-06-13,13:00:00,,4,活动组织得很好，环境舒适。,2025-05-22 16:58:50
7827,5,208,2024-06-19,11:00:00,,4,,2025-05-22 16:58:50
7828,6,818,2024-11-04,14:30:00,,3,,2025-05-22 16:58:50
7829,10,190,2024-07-30,14:45:00,,5,,2025-05-22 16:58:50
7830,3,724,2023-07-26,15:30:00,,5,活动组织得很好，环境舒适。,2025-05-22 16:58:50
7831,4,1000,2024-10-06,16:45:00,,5,,2025-05-22 16:58:50
7832,5,409,2024-05-04,14:30:00,,3,,2025-05-22 16:58:50
7833,7,563,2024-11-09,16:00:00,,5,,2025-05-22 16:58:50
7834,9,314,2024-07-29,12:30:00,,3,部分展区很精彩，部分展区一般。,2025-05-22 16:58:50
7835,7,204,2025-01-23,15:15:00,,5,,2025-05-22 16:58:50
7836,7,525,2024-10-29,12:30:00,,,,2025-05-22 16:58:50
7837,9,833,2024-02-23,15:45:00,,4,交通便利，设施完善。,2025-05-22 16:58:50
7838,6,91,2024-09-12,09:30:00,,5,,2025-05-22 16:58:50
7839,1,421,2023-06-02,16:30:00,,3,,2025-05-22 16:58:50
7840,2,394,2024-08-23,15:30:00,,,,2025-05-22 16:58:50
7841,2,32,2025-03-14,15:45:00,,3,,2025-05-22 16:58:50
7842,5,735,2025-01-28,09:15:00,,4,,2025-05-22 16:58:50
7843,8,234,2025-04-11,14:15:00,,,,2025-05-22 16:58:50
7844,3,751,2023-05-30,16:15:00,,,,2025-05-22 16:58:50
7845,4,675,2024-10-13,13:00:00,,5,,2025-05-22 16:58:50
7846,3,162,2025-03-11,13:00:00,,,部分展区很精彩，部分展区一般。,2025-05-22 16:58:50
7847,10,454,2024-02-22,09:00:00,,,停车不太方便。,2025-05-22 16:58:50
7848,8,641,2024-06-22,13:15:00,,,,2025-05-22 16:58:50
7849,7,617,2024-06-21,12:30:00,,5,,2025-05-22 16:58:50
7850,3,794,2023-10-10,11:30:00,,3,,2025-05-22 16:58:50
7851,5,373,2023-12-11,11:30:00,,3,,2025-05-22 16:58:50
7852,1,546,2025-03-23,15:30:00,,,部分展区很精彩，部分展区一般。,2025-05-22 16:58:50
7853,10,383,2023-07-07,14:30:00,,,,2025-05-22 16:58:50
7854,9,205,2023-11-24,12:00:00,,4,,2025-05-22 16:58:50
7855,5,368,2025-05-14,11:30:00,,5,很适合带孩子来参观学习。,2025-05-22 16:58:50
7856,7,989,2024-08-19,11:45:00,,,,2025-05-22 16:58:50
7857,9,343,2023-07-23,14:45:00,,5,,2025-05-22 16:58:50
7858,6,744,2024-09-06,14:00:00,,3,,2025-05-22 16:58:50
7859,9,253,2024-07-03,12:30:00,,,,2025-05-22 16:58:50
7860,6,112,2024-07-21,16:15:00,,3,停车不太方便。,2025-05-22 16:58:50
7861,8,256,2025-02-19,09:30:00,,5,活动组织得很好，环境舒适。,2025-05-22 16:58:50
7862,7,145,2023-12-14,10:30:00,,3,,2025-05-22 16:58:50
7863,11,420,2025-01-02,10:00:00,,4,交通便利，设施完善。,2025-05-22 16:58:50
7864,8,961,2025-01-16,13:45:00,,5,,2025-05-22 16:58:50
7865,2,585,2024-05-26,15:00:00,,4,,2025-05-22 16:58:50
7866,7,970,2024-12-27,15:30:00,,3,,2025-05-22 16:58:50
7867,3,128,2024-10-24,13:15:00,,3,,2025-05-22 16:58:50
7868,4,428,2023-08-29,12:30:00,,3,,2025-05-22 16:58:50
7869,10,362,2024-12-10,14:45:00,,,,2025-05-22 16:58:50
7870,10,571,2025-03-11,15:45:00,,4,讲解员专业知识丰富，讲解生动。,2025-05-22 16:58:50
7871,4,42,2024-12-22,15:15:00,,,,2025-05-22 16:58:50
7872,1,414,2024-01-06,15:45:00,,3,,2025-05-22 16:58:50
7873,2,742,2025-04-07,16:45:00,,,,2025-05-22 16:58:50
7874,9,148,2024-12-13,11:00:00,,,,2025-05-22 16:58:50
7875,11,859,2024-06-10,10:30:00,,,,2025-05-22 16:58:50
7876,7,507,2023-07-12,14:00:00,,3,,2025-05-22 16:58:50
7877,2,696,2023-09-18,13:15:00,,3,,2025-05-22 16:58:50
7878,1,148,2024-05-30,14:45:00,,4,交通便利，设施完善。,2025-05-22 16:58:50
7879,11,835,2024-10-07,14:00:00,,3,,2025-05-22 16:58:50
7880,11,238,2024-07-24,15:15:00,,4,,2025-05-22 16:58:50
7881,4,273,2024-11-14,11:00:00,,4,,2025-05-22 16:58:50
7882,3,364,2024-05-09,09:00:00,,,部分展区很精彩，部分展区一般。,2025-05-22 16:58:50
7883,10,780,2023-09-27,12:00:00,,5,,2025-05-22 16:58:50
7884,6,100,2024-11-03,16:45:00,,5,活动组织得很好，环境舒适。,2025-05-22 16:58:50
7885,9,868,2024-12-27,13:15:00,,5,,2025-05-22 16:58:50
7886,8,250,2024-09-08,11:45:00,,4,,2025-05-22 16:58:50
7887,3,763,2023-08-20,15:00:00,,,,2025-05-22 16:58:50
7888,1,135,2024-09-24,15:45:00,,4,,2025-05-22 16:58:50
7889,3,983,2023-12-03,13:00:00,,5,,2025-05-22 16:58:50
7890,9,314,2025-01-04,15:30:00,,,,2025-05-22 16:58:50
7891,2,496,2023-09-22,11:30:00,,,,2025-05-22 16:58:50
7892,6,483,2024-07-04,10:00:00,29,5,,2025-05-22 16:58:50
7893,5,544,2024-07-17,12:15:00,,3,,2025-05-22 16:58:50
7894,11,302,2023-05-25,09:00:00,,4,,2025-05-22 16:58:50
7895,4,34,2024-06-25,11:30:00,,,部分展区很精彩，部分展区一般。,2025-05-22 16:58:50
7896,2,367,2024-08-24,10:45:00,,5,,2025-05-22 16:58:50
7897,6,152,2025-01-15,14:15:00,,3,整体还不错，但有提升空间。,2025-05-22 16:58:50
7898,3,237,2024-10-18,13:00:00,,4,,2025-05-22 16:58:50
7899,1,641,2024-05-13,14:45:00,,,,2025-05-22 16:58:50
7900,8,432,2023-10-06,10:45:00,,3,,2025-05-22 16:58:50
7901,5,170,2024-10-12,11:45:00,,,,2025-05-22 16:58:50
7902,3,742,2025-03-04,11:45:00,,3,,2025-05-22 16:58:50
7903,8,880,2024-11-02,10:45:00,,5,,2025-05-22 16:58:50
7904,7,736,2023-07-14,13:00:00,,,,2025-05-22 16:58:50
7905,7,11,2024-07-22,12:45:00,,,,2025-05-22 16:58:50
7906,7,32,2024-12-12,14:00:00,,,建议增加外语讲解服务。,2025-05-22 16:58:50
7907,1,753,2025-03-06,11:30:00,,,,2025-05-22 16:58:50
7908,8,993,2025-03-28,10:00:00,,,,2025-05-22 16:58:50
7909,9,503,2025-01-04,15:15:00,,,希望能增加互动性的展品。,2025-05-22 16:58:50
7910,2,130,2024-07-30,15:45:00,,4,,2025-05-22 16:58:50
7911,9,649,2024-07-05,15:00:00,,,,2025-05-22 16:58:50
7912,1,578,2024-10-29,15:00:00,9,,,2025-05-22 16:58:50
7913,2,9,2025-01-27,10:00:00,,,,2025-05-22 16:58:50
7914,8,363,2023-06-20,12:15:00,,,,2025-05-22 16:58:50
7915,2,635,2024-07-20,13:15:00,,,,2025-05-22 16:58:50
7916,9,362,2025-01-22,13:15:00,,3,,2025-05-22 16:58:50
7917,9,994,2024-08-03,09:30:00,,5,,2025-05-22 16:58:50
7918,5,726,2024-01-25,13:45:00,,4,,2025-05-22 16:58:50
7919,8,729,2024-07-26,16:15:00,,5,,2025-05-22 16:58:50
7920,7,462,2024-10-29,09:00:00,,4,,2025-05-22 16:58:50
7921,10,90,2023-05-29,16:30:00,,4,,2025-05-22 16:58:50
7922,11,27,2025-04-01,13:45:00,,,,2025-05-22 16:58:50
7923,1,233,2023-09-28,13:15:00,,3,,2025-05-22 16:58:50
7924,7,492,2024-04-25,13:30:00,,3,,2025-05-22 16:58:50
7925,6,492,2025-04-20,16:00:00,,4,,2025-05-22 16:58:50
7926,4,547,2024-07-26,09:30:00,,3,整体还不错，但有提升空间。,2025-05-22 16:58:50
7927,10,847,2024-07-02,15:00:00,,,,2025-05-22 16:58:50
7928,2,751,2023-10-28,16:00:00,,,,2025-05-22 16:58:50
7929,2,460,2025-01-27,16:00:00,,,,2025-05-22 16:58:50
7930,6,612,2025-02-10,10:15:00,,,,2025-05-22 16:58:50
7931,2,348,2023-11-18,15:00:00,,3,,2025-05-22 16:58:50
7932,6,841,2024-11-25,10:15:00,,4,展览内容非常丰富，很有教育意义。,2025-05-22 16:58:50
7933,3,610,2024-11-11,13:15:00,,3,停车不太方便。,2025-05-22 16:58:50
7934,8,814,2024-07-15,16:15:00,,3,建议增加外语讲解服务。,2025-05-22 16:58:50
7935,8,992,2023-12-30,15:15:00,,5,很适合带孩子来参观学习。,2025-05-22 16:58:50
7936,3,833,2024-09-27,11:30:00,,4,,2025-05-22 16:58:50
7937,3,482,2025-04-09,15:30:00,,,,2025-05-22 16:58:50
7938,7,261,2024-06-04,13:30:00,,5,,2025-05-22 16:58:50
7939,6,358,2025-03-12,13:30:00,,3,,2025-05-22 16:58:50
7940,2,204,2025-02-17,15:00:00,,5,,2025-05-22 16:58:50
7941,7,182,2024-10-08,10:30:00,,3,,2025-05-22 16:58:50
7942,6,687,2024-09-01,16:45:00,,,部分展区很精彩，部分展区一般。,2025-05-22 16:58:50
7943,2,828,2023-07-21,14:00:00,,5,,2025-05-22 16:58:50
7944,8,338,2023-07-25,11:15:00,,,,2025-05-22 16:58:50
7945,5,943,2024-06-01,16:00:00,,4,,2025-05-22 16:58:50
7946,4,832,2024-08-14,10:45:00,,5,,2025-05-22 16:58:50
7947,6,540,2025-03-27,11:00:00,,5,,2025-05-22 16:58:50
7948,7,363,2024-08-22,16:15:00,,3,,2025-05-22 16:58:50
7949,7,648,2024-06-18,10:30:00,,,,2025-05-22 16:58:50
7950,9,7,2024-12-04,13:15:00,,3,,2025-05-22 16:58:50
7951,5,785,2025-01-03,10:45:00,,3,,2025-05-22 16:58:50
7952,1,821,2025-01-08,11:30:00,,5,,2025-05-22 16:58:50
7953,10,225,2024-07-13,14:30:00,,3,,2025-05-22 16:58:50
7954,5,188,2024-04-17,15:00:00,,5,,2025-05-22 16:58:50
7955,9,275,2023-07-25,09:30:00,,3,,2025-05-22 16:58:50
7956,9,555,2024-08-26,10:15:00,,,建议增加外语讲解服务。,2025-05-22 16:58:50
7957,5,199,2025-01-04,09:45:00,,4,,2025-05-22 16:58:50
7958,1,995,2023-06-10,16:15:00,,,,2025-05-22 16:58:50
7959,5,477,2025-04-10,09:45:00,,3,,2025-05-22 16:58:50
7960,1,77,2023-09-12,11:30:00,,,,2025-05-22 16:58:50
7961,4,793,2024-12-20,12:15:00,,4,,2025-05-22 16:58:50
7962,8,255,2024-10-18,13:30:00,37,,,2025-05-22 16:58:50
7963,11,145,2023-08-05,12:45:00,,,整体还不错，但有提升空间。,2025-05-22 16:58:50
7964,6,624,2025-03-30,14:45:00,,,,2025-05-22 16:58:50
7965,2,988,2024-08-10,14:45:00,,,,2025-05-22 16:58:50
7966,1,62,2024-04-11,16:30:00,,5,,2025-05-22 16:58:50
7967,3,348,2025-02-01,09:30:00,,,,2025-05-22 16:58:50
7968,3,94,2025-01-19,13:00:00,,,停车不太方便。,2025-05-22 16:58:50
7969,10,111,2025-01-28,15:45:00,,4,讲解员专业知识丰富，讲解生动。,2025-05-22 16:58:50
7970,8,64,2025-02-24,16:00:00,,4,,2025-05-22 16:58:50
7971,2,965,2025-01-06,10:15:00,,3,,2025-05-22 16:58:50
7972,8,116,2024-03-30,11:15:00,,3,整体还不错，但有提升空间。,2025-05-22 16:58:50
7973,4,87,2024-08-05,15:00:00,,3,,2025-05-22 16:58:50
7974,9,48,2024-12-13,09:00:00,,,部分展区很精彩，部分展区一般。,2025-05-22 16:58:50
7975,5,667,2024-02-19,13:15:00,,3,,2025-05-22 16:58:50
7976,8,859,2023-09-01,13:30:00,,3,停车不太方便。,2025-05-22 16:58:50
7977,11,275,2025-01-03,10:45:00,,,整体还不错，但有提升空间。,2025-05-22 16:58:50
7978,4,332,2024-08-18,11:30:00,,5,活动组织得很好，环境舒适。,2025-05-22 16:58:50
7979,4,620,2023-09-29,15:00:00,,5,,2025-05-22 16:58:50
7980,7,443,2024-11-09,14:00:00,,4,讲解员专业知识丰富，讲解生动。,2025-05-22 16:58:50
7981,9,176,2025-01-12,13:30:00,,3,,2025-05-22 16:58:50
7982,11,689,2025-01-03,15:00:00,,,,2025-05-22 16:58:50
7983,10,326,2024-04-30,10:45:00,,4,,2025-05-22 16:58:50
7984,3,644,2024-11-17,10:00:00,,3,,2025-05-22 16:58:50
7985,2,623,2024-11-28,11:15:00,,4,,2025-05-22 16:58:50
7986,9,432,2024-09-13,11:45:00,,4,,2025-05-22 16:58:50
7987,6,423,2025-05-08,15:15:00,,4,,2025-05-22 16:58:50
7988,8,586,2024-11-19,10:00:00,,,,2025-05-22 16:58:50
7989,8,700,2024-03-20,12:00:00,,5,,2025-05-22 16:58:50
7990,2,916,2024-09-09,13:15:00,,5,,2025-05-22 16:58:50
7991,10,364,2024-06-06,11:15:00,,,,2025-05-22 16:58:50
7992,11,953,2024-09-19,09:00:00,,,,2025-05-22 16:58:50
7993,2,747,2023-12-17,09:30:00,,5,,2025-05-22 16:58:50
7994,8,930,2024-10-17,12:00:00,,5,交通便利，设施完善。,2025-05-22 16:58:50
7995,1,857,2023-10-11,15:00:00,,,,2025-05-22 16:58:50
7996,4,752,2025-04-03,13:00:00,,,,2025-05-22 16:58:50
7997,1,185,2025-04-29,15:15:00,,4,,2025-05-22 16:58:50
7998,2,192,2024-12-07,09:30:00,,3,停车不太方便。,2025-05-22 16:58:50
7999,5,689,2025-01-06,09:30:00,,3,,2025-05-22 16:58:50
8000,8,415,2024-02-07,10:30:00,,4,,2025-05-22 16:58:50
8001,10,338,2025-03-23,10:15:00,,5,,2025-05-22 16:58:50
8002,6,778,2025-03-16,14:00:00,,3,,2025-05-22 16:58:50
8003,10,578,2024-09-23,10:15:00,,3,,2025-05-22 16:58:50
8004,7,375,2025-01-01,13:30:00,,3,,2025-05-22 16:58:50
8005,7,55,2024-07-12,09:45:00,,5,,2025-05-22 16:58:50
8006,5,362,2024-03-24,14:45:00,,,,2025-05-22 16:58:50
8007,1,383,2025-04-21,12:00:00,,5,交通便利，设施完善。,2025-05-22 16:58:50
8008,4,102,2023-06-11,14:15:00,,4,,2025-05-22 16:58:50
8009,8,444,2025-04-17,14:30:00,,3,,2025-05-22 16:58:50
8010,9,366,2024-07-23,16:15:00,,4,,2025-05-22 16:58:50
8011,10,600,2025-04-10,15:30:00,,4,展览内容非常丰富，很有教育意义。,2025-05-22 16:58:50
8012,5,723,2023-09-01,15:00:00,,5,很适合带孩子来参观学习。,2025-05-22 16:58:50
8013,8,337,2024-12-13,16:15:00,,4,,2025-05-22 16:58:50
8014,2,258,2023-09-16,11:00:00,,4,,2025-05-22 16:58:50
8015,5,905,2023-08-22,16:30:00,,5,,2025-05-22 16:58:50
8016,6,466,2024-11-03,09:30:00,,3,,2025-05-22 16:58:50
8017,6,162,2024-08-18,12:45:00,,5,,2025-05-22 16:58:50
8018,2,541,2024-12-14,13:30:00,,5,,2025-05-22 16:58:50
8019,10,802,2024-10-22,09:15:00,,,,2025-05-22 16:58:50
8020,2,436,2024-12-16,13:30:00,,3,,2025-05-22 16:58:50
8021,9,798,2024-07-06,16:45:00,,3,,2025-05-22 16:58:50
8022,1,332,2024-08-08,11:00:00,,5,,2025-05-22 16:58:50
8023,7,258,2024-02-17,16:15:00,,3,,2025-05-22 16:58:50
8024,5,868,2025-01-03,10:00:00,,4,,2025-05-22 16:58:50
8025,3,512,2023-07-16,14:30:00,,3,,2025-05-22 16:58:50
8026,11,495,2024-08-24,15:00:00,,5,,2025-05-22 16:58:50
8027,8,233,2024-03-22,10:30:00,,4,,2025-05-22 16:58:50
8028,9,533,2024-09-30,11:30:00,,5,,2025-05-22 16:58:50
8029,4,594,2024-10-04,15:15:00,,,停车不太方便。,2025-05-22 16:58:50
8030,7,393,2025-04-20,13:00:00,,,,2025-05-22 16:58:50
8031,11,685,2023-06-15,11:15:00,,4,,2025-05-22 16:58:50
8032,2,484,2025-04-29,10:45:00,,4,,2025-05-22 16:58:50
8033,3,164,2024-01-29,09:15:00,,,,2025-05-22 16:58:50
8034,10,517,2024-09-10,13:45:00,,3,,2025-05-22 16:58:50
8035,5,300,2024-10-10,16:15:00,,4,,2025-05-22 16:58:50
8036,9,455,2023-11-10,15:15:00,,3,建议增加外语讲解服务。,2025-05-22 16:58:50
8037,6,603,2024-09-16,12:15:00,,,停车不太方便。,2025-05-22 16:58:50
8038,9,901,2023-11-11,09:00:00,,4,,2025-05-22 16:58:50
8039,5,929,2025-03-24,11:45:00,,3,,2025-05-22 16:58:50
8040,3,912,2024-11-27,12:00:00,,3,,2025-05-22 16:58:50
8041,7,173,2025-03-23,12:45:00,,4,,2025-05-22 16:58:50
8042,2,976,2025-02-09,10:30:00,,,,2025-05-22 16:58:50
8043,10,54,2025-01-05,12:15:00,,,部分展区很精彩，部分展区一般。,2025-05-22 16:58:50
8044,6,335,2024-10-04,14:45:00,,4,,2025-05-22 16:58:50
8045,3,763,2023-12-18,14:00:00,,3,,2025-05-22 16:58:50
8046,1,779,2024-12-10,13:15:00,,5,,2025-05-22 16:58:50
8047,7,362,2024-08-17,13:45:00,,3,,2025-05-22 16:58:50
8048,1,871,2024-05-24,09:15:00,,,,2025-05-22 16:58:50
8049,9,450,2023-11-02,11:45:00,,,部分展区很精彩，部分展区一般。,2025-05-22 16:58:50
8050,6,472,2024-01-25,16:30:00,,,,2025-05-22 16:58:50
8051,9,56,2024-05-31,10:30:00,,5,,2025-05-22 16:58:50
8052,9,54,2025-05-13,12:00:00,,5,,2025-05-22 16:58:50
8053,4,803,2024-12-09,12:30:00,,,,2025-05-22 16:58:50
8054,6,130,2024-12-31,15:30:00,,4,,2025-05-22 16:58:50
8055,3,360,2024-10-18,10:15:00,,,,2025-05-22 16:58:50
8056,8,432,2025-02-14,13:15:00,,5,,2025-05-22 16:58:50
8057,5,837,2024-07-24,13:45:00,,3,,2025-05-22 16:58:50
8058,2,518,2024-07-15,15:45:00,,,,2025-05-22 16:58:50
8059,1,33,2025-01-26,14:15:00,,,,2025-05-22 16:58:50
8060,7,502,2023-06-09,15:30:00,,4,交通便利，设施完善。,2025-05-22 16:58:50
8061,10,294,2024-11-07,14:00:00,,4,,2025-05-22 16:58:50
8062,1,265,2024-07-24,14:30:00,,4,,2025-05-22 16:58:50
8063,3,699,2024-09-13,15:30:00,,4,,2025-05-22 16:58:50
8064,6,615,2024-05-31,09:15:00,,5,,2025-05-22 16:58:50
8065,3,755,2023-08-13,15:15:00,,3,,2025-05-22 16:58:50
8066,9,252,2025-04-13,10:15:00,,3,,2025-05-22 16:58:50
8067,10,851,2025-05-20,09:15:00,,5,讲解员专业知识丰富，讲解生动。,2025-05-22 16:58:50
8068,7,102,2025-03-18,13:00:00,,4,,2025-05-22 16:58:50
8069,5,966,2024-08-12,16:30:00,,4,,2025-05-22 16:58:50
8070,10,165,2025-01-16,16:15:00,,3,,2025-05-22 16:58:50
8071,3,348,2024-01-01,09:15:00,,,,2025-05-22 16:58:50
8072,9,186,2023-12-09,13:30:00,,,,2025-05-22 16:58:50
8073,2,520,2025-03-03,12:00:00,,,建议增加外语讲解服务。,2025-05-22 16:58:50
8074,7,236,2024-04-24,15:15:00,,4,,2025-05-22 16:58:50
8075,1,190,2025-01-15,14:15:00,,5,,2025-05-22 16:58:50
8076,8,90,2024-08-06,12:30:00,39,,,2025-05-22 16:58:50
8077,2,269,2024-11-18,11:15:00,,3,,2025-05-22 16:58:50
8078,7,480,2025-03-02,13:45:00,,4,,2025-05-22 16:58:50
8079,9,70,2024-09-12,15:15:00,,,,2025-05-22 16:58:50
8080,6,423,2024-08-21,11:00:00,,3,,2025-05-22 16:58:50
8081,2,15,2023-06-24,13:45:00,,,,2025-05-22 16:58:50
8082,2,905,2025-04-16,11:00:00,,4,,2025-05-22 16:58:50
8083,9,441,2023-09-08,11:00:00,,5,活动组织得很好，环境舒适。,2025-05-22 16:58:50
8084,5,642,2024-11-30,13:45:00,,,整体还不错，但有提升空间。,2025-05-22 16:58:50
8085,6,311,2025-05-07,13:30:00,,5,,2025-05-22 16:58:50
8086,2,558,2024-11-15,11:00:00,,,,2025-05-22 16:58:50
8087,9,11,2024-09-04,09:15:00,,,,2025-05-22 16:58:50
8088,3,960,2024-10-06,16:00:00,,4,,2025-05-22 16:58:50
8089,4,373,2024-06-18,16:45:00,,5,,2025-05-22 16:58:50
8090,7,652,2024-08-29,14:45:00,,,停车不太方便。,2025-05-22 16:58:50
8091,3,945,2023-08-08,15:00:00,,3,,2025-05-22 16:58:50
8092,1,112,2024-02-24,16:45:00,,3,,2025-05-22 16:58:50
8093,3,513,2023-10-29,14:30:00,,4,,2025-05-22 16:58:50
8094,8,202,2025-04-23,15:15:00,,3,,2025-05-22 16:58:50
8095,3,109,2025-04-04,10:15:00,,,,2025-05-22 16:58:50
8096,9,786,2024-08-26,10:15:00,,4,,2025-05-22 16:58:50
8097,10,226,2024-11-12,11:45:00,,4,,2025-05-22 16:58:50
8098,11,559,2023-08-20,10:15:00,,,,2025-05-22 16:58:50
8099,10,10,2023-12-21,16:30:00,,3,,2025-05-22 16:58:50
8100,3,323,2023-07-18,16:30:00,,5,,2025-05-22 16:58:50
8101,9,339,2023-07-31,09:00:00,,5,,2025-05-22 16:58:50
8102,6,634,2024-10-27,11:15:00,,,,2025-05-22 16:58:50
8103,11,768,2023-11-05,15:00:00,,4,,2025-05-22 16:58:50
8104,11,984,2024-10-17,13:45:00,,,,2025-05-22 16:58:50
8105,3,401,2025-04-13,14:00:00,,,,2025-05-22 16:58:50
8106,1,761,2024-10-09,13:45:00,,,,2025-05-22 16:58:50
8107,1,280,2025-05-22,15:45:00,,,建议增加外语讲解服务。,2025-05-22 16:58:50
8108,7,29,2024-10-03,13:45:00,,,,2025-05-22 16:58:50
8109,11,631,2024-03-02,10:45:00,,3,,2025-05-22 16:58:50
8110,10,36,2024-01-14,10:45:00,,4,,2025-05-22 16:58:50
8111,4,650,2024-12-22,12:45:00,,,,2025-05-22 16:58:50
8112,8,839,2025-05-11,12:00:00,,,,2025-05-22 16:58:50
8113,6,52,2024-11-11,16:15:00,,5,讲解员专业知识丰富，讲解生动。,2025-05-22 16:58:50
8114,3,854,2025-02-08,09:15:00,,,希望能增加互动性的展品。,2025-05-22 16:58:50
8115,6,647,2024-07-01,16:45:00,,3,,2025-05-22 16:58:50
8116,2,787,2023-09-24,13:00:00,,,,2025-05-22 16:58:50
8117,4,333,2023-11-25,14:30:00,,,整体还不错，但有提升空间。,2025-05-22 16:58:50
8118,5,724,2024-10-30,16:30:00,,,,2025-05-22 16:58:50
8119,10,887,2024-10-20,15:00:00,,4,,2025-05-22 16:58:50
8120,4,988,2023-12-10,10:30:00,,,整体还不错，但有提升空间。,2025-05-22 16:58:50
8121,6,765,2024-06-18,12:15:00,,3,,2025-05-22 16:58:50
8122,4,482,2025-03-31,13:00:00,,,,2025-05-22 16:58:50
8123,4,42,2024-06-04,15:15:00,,,停车不太方便。,2025-05-22 16:58:50
8124,9,922,2024-10-22,12:45:00,,,,2025-05-22 16:58:50
8125,1,563,2025-03-20,10:30:00,,3,,2025-05-22 16:58:50
8126,11,415,2023-10-21,09:45:00,,5,,2025-05-22 16:58:50
8127,1,543,2024-06-10,09:30:00,,5,,2025-05-22 16:58:50
8128,7,457,2024-06-14,10:45:00,,3,整体还不错，但有提升空间。,2025-05-22 16:58:50
8129,4,897,2024-08-19,14:45:00,,,,2025-05-22 16:58:50
8130,6,417,2025-05-02,15:15:00,,3,,2025-05-22 16:58:50
8131,2,190,2024-09-12,16:15:00,,5,交通便利，设施完善。,2025-05-22 16:58:50
8132,7,648,2025-01-02,09:45:00,,,,2025-05-22 16:58:50
8133,7,206,2024-05-06,12:30:00,,,,2025-05-22 16:58:50
8134,8,337,2025-01-14,16:45:00,,,,2025-05-22 16:58:50
8135,3,653,2023-08-03,11:30:00,,,,2025-05-22 16:58:50
8136,4,12,2025-03-06,14:15:00,,,希望能增加互动性的展品。,2025-05-22 16:58:50
8137,6,139,2024-11-27,11:00:00,,3,,2025-05-22 16:58:50
8138,6,70,2023-08-29,15:45:00,,5,很适合带孩子来参观学习。,2025-05-22 16:58:50
8139,6,460,2024-02-20,13:15:00,,3,,2025-05-22 16:58:50
8140,9,198,2024-08-09,12:15:00,23,3,,2025-05-22 16:58:50
8141,3,826,2024-12-20,15:15:00,,4,,2025-05-22 16:58:50
8142,7,830,2024-01-31,11:45:00,,4,,2025-05-22 16:58:50
8143,9,576,2025-03-26,13:00:00,,5,,2025-05-22 16:58:50
8144,4,575,2023-07-04,10:30:00,,3,,2025-05-22 16:58:50
8145,1,571,2023-12-29,14:30:00,,3,停车不太方便。,2025-05-22 16:58:50
8146,7,921,2024-09-06,12:30:00,,4,,2025-05-22 16:58:50
8147,6,120,2023-11-10,11:45:00,,5,,2025-05-22 16:58:50
8148,6,93,2024-03-12,09:45:00,,5,活动组织得很好，环境舒适。,2025-05-22 16:58:50
8149,3,885,2024-11-28,12:15:00,,,,2025-05-22 16:58:50
8150,7,405,2024-09-10,12:00:00,,4,,2025-05-22 16:58:50
8151,4,315,2024-12-27,16:45:00,,5,,2025-05-22 16:58:50
8152,6,306,2024-02-04,15:00:00,,3,,2025-05-22 16:58:50
8153,4,449,2023-08-12,12:00:00,,5,,2025-05-22 16:58:50
8154,4,108,2025-05-02,16:45:00,,3,,2025-05-22 16:58:50
8155,8,358,2025-05-14,14:45:00,,,停车不太方便。,2025-05-22 16:58:50
8156,7,14,2025-05-15,16:00:00,3,5,,2025-05-22 16:58:50
8157,5,593,2024-07-13,09:45:00,,3,,2025-05-22 16:58:50
8158,4,318,2024-12-22,13:15:00,,3,,2025-05-22 16:58:50
8159,7,17,2024-07-29,14:15:00,,5,,2025-05-22 16:58:50
8160,4,650,2025-01-28,10:30:00,,3,,2025-05-22 16:58:50
8161,5,92,2025-05-16,10:45:00,,3,,2025-05-22 16:58:50
8162,5,98,2024-09-13,15:15:00,,4,,2025-05-22 16:58:50
8163,8,648,2024-04-28,10:45:00,,5,,2025-05-22 16:58:50
8164,10,299,2024-07-22,16:30:00,,,部分展区很精彩，部分展区一般。,2025-05-22 16:58:50
8165,7,182,2024-06-22,10:15:00,,,,2025-05-22 16:58:50
8166,9,941,2023-06-16,12:15:00,,5,活动组织得很好，环境舒适。,2025-05-22 16:58:50
8167,1,589,2025-01-05,09:15:00,,3,,2025-05-22 16:58:50
8168,6,31,2025-04-02,11:15:00,,4,,2025-05-22 16:58:50
8169,8,905,2024-12-25,14:00:00,,3,部分展区很精彩，部分展区一般。,2025-05-22 16:58:50
8170,9,156,2024-06-15,13:45:00,,,,2025-05-22 16:58:50
8171,1,411,2024-12-05,14:00:00,,,,2025-05-22 16:58:50
8172,8,273,2024-12-19,10:30:00,,4,,2025-05-22 16:58:50
8173,1,419,2024-04-30,15:30:00,,,,2025-05-22 16:58:50
8174,6,858,2024-10-11,16:15:00,,4,,2025-05-22 16:58:50
8175,1,756,2025-02-10,10:00:00,,,,2025-05-22 16:58:50
8176,3,189,2024-06-16,13:00:00,,,,2025-05-22 16:58:50
8177,6,599,2023-10-13,14:15:00,,3,,2025-05-22 16:58:50
8178,7,639,2025-05-10,14:45:00,,3,,2025-05-22 16:58:50
8179,6,967,2025-02-18,16:00:00,,3,,2025-05-22 16:58:50
8180,2,550,2024-06-05,15:45:00,,3,建议增加外语讲解服务。,2025-05-22 16:58:50
8181,8,255,2025-03-19,09:00:00,,3,,2025-05-22 16:58:50
8182,7,371,2024-07-12,15:15:00,,5,,2025-05-22 16:58:50
8183,8,147,2024-05-16,09:45:00,,4,,2025-05-22 16:58:50
8184,2,143,2024-09-20,09:30:00,,5,,2025-05-22 16:58:50
8185,7,558,2024-10-31,16:00:00,,,,2025-05-22 16:58:50
8186,7,1001,2023-08-06,15:00:00,,4,讲解员专业知识丰富，讲解生动。,2025-05-22 16:58:50
8187,6,696,2024-04-07,14:45:00,,3,,2025-05-22 16:58:50
8188,2,639,2023-08-12,11:00:00,,,,2025-05-22 16:58:50
8189,5,159,2023-09-09,10:45:00,,,,2025-05-22 16:58:50
8190,6,527,2024-06-07,11:15:00,,,,2025-05-22 16:58:50
8191,8,776,2023-11-19,12:45:00,,4,,2025-05-22 16:58:50
8192,1,579,2025-01-15,16:00:00,,4,,2025-05-22 16:58:50
8193,6,908,2024-08-23,09:45:00,,5,,2025-05-22 16:58:50
8194,5,892,2024-10-11,14:15:00,,,停车不太方便。,2025-05-22 16:58:50
8195,7,689,2025-01-13,12:15:00,,,,2025-05-22 16:58:50
8196,4,792,2025-04-10,15:45:00,,5,很适合带孩子来参观学习。,2025-05-22 16:58:50
8197,7,398,2023-12-01,13:45:00,,5,,2025-05-22 16:58:50
8198,3,337,2023-12-17,15:00:00,,3,希望能增加互动性的展品。,2025-05-22 16:58:50
8199,3,880,2024-08-07,14:15:00,,,,2025-05-22 16:58:50
8200,1,60,2025-02-14,16:45:00,,5,,2025-05-22 16:58:50
8201,7,683,2024-12-30,11:30:00,,4,,2025-05-22 16:58:50
8202,3,697,2023-11-01,09:45:00,,3,,2025-05-22 16:58:50
8203,4,698,2023-08-22,16:45:00,,,,2025-05-22 16:58:50
8204,4,252,2025-02-21,16:45:00,49,,,2025-05-22 16:58:50
8205,10,630,2024-08-26,13:00:00,,,,2025-05-22 16:58:50
8206,2,116,2024-04-21,12:30:00,,,整体还不错，但有提升空间。,2025-05-22 16:58:50
8207,4,396,2025-02-22,13:15:00,,4,,2025-05-22 16:58:50
8208,4,28,2024-04-02,15:15:00,,3,,2025-05-22 16:58:50
8209,8,288,2024-09-14,11:30:00,,3,希望能增加互动性的展品。,2025-05-22 16:58:50
8210,4,834,2024-04-05,11:15:00,,3,,2025-05-22 16:58:50
8211,5,268,2024-01-30,09:30:00,,3,,2025-05-22 16:58:50
8212,9,786,2024-11-13,13:00:00,,,停车不太方便。,2025-05-22 16:58:50
8213,1,198,2024-04-04,12:30:00,,3,,2025-05-22 16:58:50
8214,8,262,2023-11-22,14:30:00,,,,2025-05-22 16:58:50
8215,1,905,2025-01-08,10:15:00,,5,,2025-05-22 16:58:50
8216,9,624,2025-03-18,12:00:00,,,,2025-05-22 16:58:50
8217,2,576,2025-01-28,15:30:00,,5,,2025-05-22 16:58:50
8218,2,247,2024-07-09,12:00:00,,,,2025-05-22 16:58:50
8219,8,281,2023-12-15,10:00:00,,,,2025-05-22 16:58:50
8220,6,885,2024-06-06,12:30:00,,5,,2025-05-22 16:58:50
8221,2,414,2024-12-29,15:30:00,,4,活动组织得很好，环境舒适。,2025-05-22 16:58:50
8222,7,614,2023-11-10,16:15:00,,4,,2025-05-22 16:58:50
8223,7,477,2024-07-04,12:00:00,,4,,2025-05-22 16:58:50
8224,8,594,2025-02-09,09:15:00,,3,希望能增加互动性的展品。,2025-05-22 16:58:50
8225,9,678,2023-12-26,12:00:00,,5,展览内容非常丰富，很有教育意义。,2025-05-22 16:58:50
8226,7,85,2025-01-25,11:30:00,,,,2025-05-22 16:58:50
8227,3,222,2023-06-19,16:30:00,,5,,2025-05-22 16:58:50
8228,8,374,2025-05-17,11:00:00,,3,,2025-05-22 16:58:50
8229,8,650,2023-08-29,16:00:00,,4,,2025-05-22 16:58:50
8230,4,694,2025-03-19,16:00:00,,5,讲解员专业知识丰富，讲解生动。,2025-05-22 16:58:50
8231,11,970,2024-07-24,14:00:00,,5,,2025-05-22 16:58:50
8232,3,253,2024-10-23,12:30:00,,3,,2025-05-22 16:58:50
8233,9,572,2024-11-17,14:00:00,,5,,2025-05-22 16:58:50
8234,3,275,2023-08-11,16:00:00,,5,,2025-05-22 16:58:50
8235,7,475,2024-07-27,09:45:00,,5,,2025-05-22 16:58:50
8236,11,125,2025-02-10,10:00:00,,5,,2025-05-22 16:58:50
8237,6,492,2024-09-27,16:15:00,,,,2025-05-22 16:58:50
8238,1,795,2023-07-15,15:30:00,,,,2025-05-22 16:58:50
8239,3,429,2024-07-30,15:45:00,,5,,2025-05-22 16:58:50
8240,5,49,2024-07-07,15:30:00,,,,2025-05-22 16:58:50
8241,9,777,2025-03-30,14:15:00,,,停车不太方便。,2025-05-22 16:58:50
8242,5,410,2024-10-23,09:15:00,,4,,2025-05-22 16:58:50
8243,3,636,2024-01-08,16:15:00,,5,,2025-05-22 16:58:50
8244,8,335,2024-09-01,14:45:00,,,,2025-05-22 16:58:50
8245,8,968,2024-06-27,12:30:00,,5,,2025-05-22 16:58:50
8246,5,748,2024-09-06,16:00:00,,4,,2025-05-22 16:58:50
8247,9,314,2024-06-20,16:45:00,,,,2025-05-22 16:58:50
8248,2,752,2024-10-08,15:15:00,,5,,2025-05-22 16:58:50
8249,7,561,2025-05-08,14:30:00,,,,2025-05-22 16:58:50
8250,11,341,2024-06-28,12:30:00,,4,,2025-05-22 16:58:50
8251,8,966,2023-12-14,14:30:00,,,整体还不错，但有提升空间。,2025-05-22 16:58:50
8252,4,127,2023-10-02,16:45:00,,3,,2025-05-22 16:58:50
8253,3,326,2025-01-14,15:45:00,,5,,2025-05-22 16:58:50
8254,4,661,2023-07-20,13:15:00,,3,,2025-05-22 16:58:50
8255,3,492,2023-06-09,09:45:00,,,,2025-05-22 16:58:50
8256,4,617,2025-02-26,13:00:00,,3,,2025-05-22 16:58:50
8257,8,583,2024-09-21,09:00:00,,5,交通便利，设施完善。,2025-05-22 16:58:50
8258,6,90,2025-03-21,09:30:00,,,,2025-05-22 16:58:50
8259,6,12,2025-05-12,15:15:00,,,建议增加外语讲解服务。,2025-05-22 16:58:50
8260,6,26,2025-05-15,10:30:00,,,,2025-05-22 16:58:50
8261,9,388,2025-05-08,11:45:00,,,,2025-05-22 16:58:50
8262,1,246,2023-12-13,12:15:00,,5,,2025-05-22 16:58:50
8263,7,428,2024-03-20,16:45:00,,4,,2025-05-22 16:58:50
8264,9,284,2023-05-27,09:30:00,,,,2025-05-22 16:58:50
8265,6,31,2023-09-14,09:00:00,,4,,2025-05-22 16:58:50
8266,3,778,2024-10-15,14:30:00,24,,,2025-05-22 16:58:50
8267,5,18,2025-04-21,10:45:00,,4,,2025-05-22 16:58:50
8268,5,126,2024-03-19,11:30:00,,3,,2025-05-22 16:58:50
8269,2,910,2025-05-21,12:45:00,,5,交通便利，设施完善。,2025-05-22 16:58:50
8270,9,716,2023-09-05,13:45:00,,,,2025-05-22 16:58:50
8271,2,523,2024-02-17,13:00:00,,5,,2025-05-22 16:58:50
8272,3,638,2023-09-03,09:30:00,,4,,2025-05-22 16:58:50
8273,1,186,2024-11-07,10:45:00,,,,2025-05-22 16:58:50
8274,8,527,2024-08-21,15:45:00,39,3,建议增加外语讲解服务。,2025-05-22 16:58:50
8275,5,113,2023-08-21,14:00:00,,3,,2025-05-22 16:58:50
8276,2,650,2024-11-07,11:30:00,,,,2025-05-22 16:58:50
8277,9,970,2023-12-28,16:30:00,,4,,2025-05-22 16:58:50
8278,8,815,2023-08-20,11:15:00,,,,2025-05-22 16:58:50
8279,6,110,2023-12-13,13:45:00,,5,,2025-05-22 16:58:50
8280,8,999,2024-08-28,09:00:00,39,3,,2025-05-22 16:58:50
8281,2,418,2024-05-23,11:15:00,,,,2025-05-22 16:58:50
8282,9,390,2025-04-19,13:00:00,,5,,2025-05-22 16:58:50
8283,4,899,2025-01-28,11:30:00,,3,,2025-05-22 16:58:50
8284,6,239,2025-03-08,09:00:00,,,,2025-05-22 16:58:50
8285,4,114,2023-11-12,12:00:00,,4,,2025-05-22 16:58:50
8286,7,152,2024-09-16,11:30:00,,5,,2025-05-22 16:58:50
8287,7,884,2024-06-12,15:45:00,,3,,2025-05-22 16:58:50
8288,9,687,2024-08-01,09:30:00,23,4,,2025-05-22 16:58:50
8289,9,265,2024-10-16,13:45:00,,,,2025-05-22 16:58:50
8290,8,328,2023-05-25,13:45:00,,,,2025-05-22 16:58:50
8291,5,854,2024-04-01,15:15:00,,,建议增加外语讲解服务。,2025-05-22 16:58:50
8292,7,548,2025-01-09,13:30:00,,,,2025-05-22 16:58:50
8293,2,796,2024-11-17,10:30:00,,,,2025-05-22 16:58:50
8294,2,890,2024-10-24,09:00:00,,4,,2025-05-22 16:58:50
8295,5,567,2024-10-05,15:00:00,,5,活动组织得很好，环境舒适。,2025-05-22 16:58:50
8296,7,290,2024-12-18,11:45:00,,,,2025-05-22 16:58:50
8297,4,331,2024-09-03,11:45:00,,,,2025-05-22 16:58:50
8298,3,914,2025-03-22,11:30:00,,5,,2025-05-22 16:58:50
8299,3,31,2024-08-15,15:30:00,,3,,2025-05-22 16:58:50
8300,3,798,2023-07-05,16:00:00,,,,2025-05-22 16:58:50
8301,6,459,2024-03-27,09:15:00,,,,2025-05-22 16:58:50
8302,2,233,2023-11-21,16:30:00,,,,2025-05-22 16:58:50
8303,11,59,2025-02-22,15:30:00,,,,2025-05-22 16:58:50
8304,3,499,2024-02-05,10:15:00,,3,,2025-05-22 16:58:50
8305,11,469,2024-06-28,10:45:00,,,整体还不错，但有提升空间。,2025-05-22 16:58:50
8306,5,783,2024-06-16,12:00:00,,4,,2025-05-22 16:58:50
8307,7,79,2024-12-04,13:30:00,,3,,2025-05-22 16:58:50
8308,5,784,2024-09-03,11:45:00,,4,讲解员专业知识丰富，讲解生动。,2025-05-22 16:58:50
8309,5,337,2024-02-08,13:15:00,,3,,2025-05-22 16:58:50
8310,2,285,2024-03-23,12:30:00,,3,,2025-05-22 16:58:50
8311,4,629,2024-08-17,13:45:00,,4,,2025-05-22 16:58:50
8312,5,569,2025-01-28,10:30:00,,,,2025-05-22 16:58:50
8313,3,722,2023-12-11,12:30:00,,5,展览内容非常丰富，很有教育意义。,2025-05-22 16:58:50
8314,7,663,2024-10-06,12:00:00,,5,讲解员专业知识丰富，讲解生动。,2025-05-22 16:58:50
8315,1,52,2023-11-29,13:30:00,,5,,2025-05-22 16:58:50
8316,3,125,2025-01-04,12:45:00,,5,展览内容非常丰富，很有教育意义。,2025-05-22 16:58:50
8317,4,713,2024-10-10,15:15:00,,5,活动组织得很好，环境舒适。,2025-05-22 16:58:50
8318,8,132,2023-12-05,14:30:00,,,,2025-05-22 16:58:50
8319,7,61,2023-11-23,16:45:00,,,,2025-05-22 16:58:50
8320,2,207,2025-03-11,09:15:00,,,,2025-05-22 16:58:50
8321,9,233,2024-07-05,11:45:00,,5,,2025-05-22 16:58:50
8322,7,2,2024-12-20,09:30:00,,,建议增加外语讲解服务。,2025-05-22 16:58:50
8323,1,872,2023-08-28,13:30:00,,5,活动组织得很好，环境舒适。,2025-05-22 16:58:50
8324,3,178,2025-02-22,16:15:00,,,,2025-05-22 16:58:50
8325,10,284,2024-07-01,15:15:00,,,,2025-05-22 16:58:50
8326,1,194,2023-06-15,12:15:00,,4,,2025-05-22 16:58:50
8327,2,219,2023-11-13,11:30:00,,,,2025-05-22 16:58:50
8328,3,1,2025-04-03,12:15:00,,,,2025-05-22 16:58:50
8329,9,482,2023-08-09,09:45:00,,5,很适合带孩子来参观学习。,2025-05-22 16:58:50
8330,9,719,2025-04-08,15:30:00,,3,,2025-05-22 16:58:50
8331,1,309,2024-01-18,15:00:00,,4,,2025-05-22 16:58:50
8332,7,602,2024-11-11,14:30:00,,,,2025-05-22 16:58:50
8333,5,621,2024-06-29,12:00:00,,3,,2025-05-22 16:58:50
8334,6,321,2025-05-04,09:30:00,,5,很适合带孩子来参观学习。,2025-05-22 16:58:50
8335,1,478,2024-12-18,15:30:00,,4,,2025-05-22 16:58:50
8336,9,561,2024-07-19,12:30:00,23,,,2025-05-22 16:58:50
8337,5,806,2023-08-22,10:30:00,,,,2025-05-22 16:58:50
8338,9,682,2025-04-27,09:30:00,,,,2025-05-22 16:58:50
8339,10,226,2023-09-09,13:00:00,,,,2025-05-22 16:58:50
8340,1,8,2024-03-23,09:45:00,,,,2025-05-22 16:58:50
8341,2,547,2023-06-04,10:00:00,,3,,2025-05-22 16:58:50
8342,4,601,2023-07-31,09:00:00,,,,2025-05-22 16:58:50
8343,4,832,2025-01-30,14:30:00,,4,,2025-05-22 16:58:50
8344,5,776,2024-12-29,15:15:00,,4,,2025-05-22 16:58:50
8345,9,845,2025-03-11,16:30:00,,,,2025-05-22 16:58:50
8346,4,206,2024-05-04,13:30:00,,3,,2025-05-22 16:58:50
8347,9,136,2024-01-11,14:30:00,,3,,2025-05-22 16:58:50
8348,2,892,2025-05-22,11:15:00,,,,2025-05-22 16:58:50
8349,11,315,2025-04-01,14:30:00,,4,很适合带孩子来参观学习。,2025-05-22 16:58:50
8350,6,816,2023-09-17,09:00:00,,3,,2025-05-22 16:58:50
8351,2,921,2025-01-28,10:15:00,,5,,2025-05-22 16:58:50
8352,10,410,2025-04-28,14:15:00,,4,,2025-05-22 16:58:50
8353,7,893,2023-09-28,12:45:00,,,,2025-05-22 16:58:50
8354,9,110,2023-08-16,14:00:00,,5,,2025-05-22 16:58:50
8355,5,135,2024-07-20,10:00:00,,,,2025-05-22 16:58:50
8356,3,39,2023-10-27,11:00:00,,5,,2025-05-22 16:58:50
8357,1,153,2024-05-24,16:30:00,,,,2025-05-22 16:58:50
8358,8,914,2023-08-01,15:15:00,,,,2025-05-22 16:58:50
8359,1,980,2024-02-24,14:30:00,,,,2025-05-22 16:58:50
8360,8,641,2023-09-16,12:30:00,,,建议增加外语讲解服务。,2025-05-22 16:58:50
8361,6,975,2023-11-16,15:30:00,,4,,2025-05-22 16:58:50
8362,3,65,2024-09-10,10:30:00,,,整体还不错，但有提升空间。,2025-05-22 16:58:50
8363,6,903,2024-02-01,09:00:00,,3,,2025-05-22 16:58:50
8364,11,322,2025-05-15,11:00:00,,3,,2025-05-22 16:58:50
8365,3,778,2023-08-14,09:45:00,,4,,2025-05-22 16:58:50
8366,7,727,2023-10-30,14:45:00,,3,,2025-05-22 16:58:50
8367,3,840,2024-03-18,16:30:00,,3,,2025-05-22 16:58:50
8368,6,708,2024-07-03,13:00:00,,3,,2025-05-22 16:58:50
8369,3,240,2025-01-14,15:15:00,,3,,2025-05-22 16:58:50
8370,7,85,2024-02-05,16:30:00,,,,2025-05-22 16:58:50
8371,9,574,2024-06-05,09:30:00,,,,2025-05-22 16:58:50
8372,9,108,2025-01-21,15:30:00,,5,,2025-05-22 16:58:50
8373,6,718,2024-11-27,13:30:00,,,,2025-05-22 16:58:50
8374,8,651,2025-02-05,12:45:00,,3,希望能增加互动性的展品。,2025-05-22 16:58:50
8375,8,889,2024-09-29,16:15:00,,4,,2025-05-22 16:58:50
8376,8,930,2024-07-13,13:15:00,,,,2025-05-22 16:58:50
8377,7,609,2025-02-10,11:30:00,,5,,2025-05-22 16:58:50
8378,4,98,2024-06-07,16:45:00,,4,活动组织得很好，环境舒适。,2025-05-22 16:58:50
8379,2,67,2023-12-23,13:00:00,,3,,2025-05-22 16:58:50
8380,9,201,2024-05-27,15:00:00,,,,2025-05-22 16:58:50
8381,6,647,2024-10-11,11:15:00,,5,,2025-05-22 16:58:50
8382,7,956,2024-12-26,12:45:00,,,,2025-05-22 16:58:50
8383,8,7,2024-09-16,16:45:00,39,3,建议增加外语讲解服务。,2025-05-22 16:58:50
8384,7,60,2023-12-01,11:30:00,,,,2025-05-22 16:58:50
8385,6,131,2025-05-11,11:00:00,,3,,2025-05-22 16:58:50
8386,5,305,2023-06-16,16:30:00,,3,,2025-05-22 16:58:50
8387,2,624,2025-01-29,12:15:00,,5,,2025-05-22 16:58:50
8388,2,168,2025-05-11,12:00:00,,,,2025-05-22 16:58:50
8389,8,528,2025-02-13,14:00:00,,3,建议增加外语讲解服务。,2025-05-22 16:58:50
8390,7,877,2024-08-19,09:45:00,,5,,2025-05-22 16:58:50
8391,3,332,2023-06-14,09:15:00,,5,,2025-05-22 16:58:50
8392,6,552,2024-07-21,15:00:00,29,5,,2025-05-22 16:58:50
8393,6,427,2023-09-30,12:00:00,,5,很适合带孩子来参观学习。,2025-05-22 16:58:50
8394,1,965,2024-01-23,15:15:00,,,,2025-05-22 16:58:50
8395,9,479,2024-07-30,10:30:00,23,,,2025-05-22 16:58:50
8396,9,362,2025-03-17,11:15:00,,3,,2025-05-22 16:58:50
8397,9,535,2024-09-05,11:30:00,,3,,2025-05-22 16:58:50
8398,8,775,2024-09-28,09:15:00,,,,2025-05-22 16:58:50
8399,6,359,2025-05-14,13:45:00,,5,,2025-05-22 16:58:50
8400,1,427,2025-05-16,10:45:00,,,停车不太方便。,2025-05-22 16:58:50
8401,1,327,2024-04-28,16:45:00,,4,,2025-05-22 16:58:50
8402,6,383,2023-06-03,11:45:00,,5,,2025-05-22 16:58:50
8403,8,316,2024-07-24,10:15:00,,,,2025-05-22 16:58:50
8404,10,673,2024-03-03,11:45:00,,3,希望能增加互动性的展品。,2025-05-22 16:58:50
8405,8,114,2024-05-14,12:30:00,,3,,2025-05-22 16:58:50
8406,1,322,2025-04-09,15:15:00,,4,,2025-05-22 16:58:50
8407,5,890,2023-06-30,09:45:00,,,,2025-05-22 16:58:50
8408,3,347,2025-03-30,12:15:00,,4,交通便利，设施完善。,2025-05-22 16:58:50
8409,5,747,2025-01-05,14:45:00,,4,,2025-05-22 16:58:50
8410,1,452,2024-12-27,15:15:00,,,希望能增加互动性的展品。,2025-05-22 16:58:50
8411,6,126,2025-03-24,12:30:00,,,,2025-05-22 16:58:50
8412,8,824,2024-09-24,10:30:00,,4,展览内容非常丰富，很有教育意义。,2025-05-22 16:58:50
8413,5,764,2025-03-19,11:30:00,,,,2025-05-22 16:58:50
8414,8,628,2023-11-17,13:30:00,,3,,2025-05-22 16:58:50
8415,3,450,2023-08-09,14:15:00,,5,,2025-05-22 16:58:50
8416,2,500,2024-07-11,13:15:00,,,,2025-05-22 16:58:50
8417,2,352,2024-08-03,09:45:00,,,,2025-05-22 16:58:50
8418,4,104,2024-06-11,14:00:00,,5,很适合带孩子来参观学习。,2025-05-22 16:58:50
8419,10,843,2024-07-22,11:00:00,,,,2025-05-22 16:58:50
8420,4,375,2025-03-09,11:15:00,,,,2025-05-22 16:58:50
8421,2,964,2024-02-08,12:15:00,,3,,2025-05-22 16:58:50
8422,1,309,2024-05-25,12:15:00,,4,,2025-05-22 16:58:50
8423,9,221,2024-12-25,16:15:00,,,,2025-05-22 16:58:50
8424,1,774,2024-08-31,16:30:00,,5,活动组织得很好，环境舒适。,2025-05-22 16:58:50
8425,4,779,2024-12-01,15:45:00,,,,2025-05-22 16:58:50
8426,4,491,2024-11-29,14:00:00,49,,,2025-05-22 16:58:50
8427,5,77,2024-07-01,10:45:00,,5,,2025-05-22 16:58:50
8428,8,516,2024-12-15,12:45:00,,5,活动组织得很好，环境舒适。,2025-05-22 16:58:50
8429,3,988,2024-11-01,09:45:00,,,整体还不错，但有提升空间。,2025-05-22 16:58:50
8430,1,682,2024-08-26,10:45:00,,,,2025-05-22 16:58:50
8431,3,977,2025-04-03,12:00:00,,,,2025-05-22 16:58:50
8432,1,955,2024-08-23,10:30:00,,4,很适合带孩子来参观学习。,2025-05-22 16:58:50
8433,7,170,2025-01-22,09:45:00,,5,,2025-05-22 16:58:50
8434,3,506,2024-06-03,12:45:00,,4,,2025-05-22 16:58:50
8435,10,960,2025-04-08,11:15:00,,,,2025-05-22 16:58:50
8436,2,409,2024-04-27,12:00:00,,5,,2025-05-22 16:58:50
8437,11,759,2025-03-26,13:00:00,,,建议增加外语讲解服务。,2025-05-22 16:58:50
8438,7,938,2025-03-24,11:00:00,,,整体还不错，但有提升空间。,2025-05-22 16:58:50
8439,2,835,2024-02-03,14:45:00,,,建议增加外语讲解服务。,2025-05-22 16:58:50
8440,7,487,2024-07-02,13:45:00,,,,2025-05-22 16:58:50
8441,8,491,2025-04-02,12:45:00,,4,,2025-05-22 16:58:50
8442,11,179,2024-12-04,16:15:00,,3,希望能增加互动性的展品。,2025-05-22 16:58:50
8443,4,84,2023-08-05,13:45:00,,3,,2025-05-22 16:58:50
8444,3,183,2024-12-26,12:45:00,,3,,2025-05-22 16:58:50
8445,2,251,2025-01-29,16:30:00,,,,2025-05-22 16:58:50
8446,10,388,2025-05-09,15:45:00,,3,,2025-05-22 16:58:50
8447,9,685,2024-02-27,16:45:00,,,建议增加外语讲解服务。,2025-05-22 16:58:50
8448,6,547,2024-08-20,15:30:00,,5,,2025-05-22 16:58:50
8449,2,120,2024-11-28,11:45:00,,3,,2025-05-22 16:58:50
8450,4,583,2024-12-24,11:00:00,,3,,2025-05-22 16:58:50
8451,8,37,2024-03-17,16:30:00,,,,2025-05-22 16:58:50
8452,4,628,2024-09-18,09:00:00,,4,很适合带孩子来参观学习。,2025-05-22 16:58:50
8453,6,48,2024-10-02,14:45:00,,5,,2025-05-22 16:58:50
8454,3,918,2024-11-13,15:30:00,,3,,2025-05-22 16:58:50
8455,5,285,2025-01-11,11:45:00,,,,2025-05-22 16:58:50
8456,6,265,2023-10-01,10:30:00,,4,,2025-05-22 16:58:50
8457,6,765,2024-08-05,15:00:00,,3,,2025-05-22 16:58:50
8458,8,869,2025-02-11,14:15:00,,,,2025-05-22 16:58:50
8459,4,34,2024-08-30,11:45:00,,,,2025-05-22 16:58:50
8460,4,620,2024-04-22,11:00:00,,3,,2025-05-22 16:58:50
8461,8,839,2024-01-06,09:15:00,,3,建议增加外语讲解服务。,2025-05-22 16:58:50
8462,10,942,2023-12-20,16:45:00,,3,,2025-05-22 16:58:50
8463,7,70,2024-12-07,11:30:00,,3,,2025-05-22 16:58:50
8464,4,503,2024-05-03,11:15:00,,4,,2025-05-22 16:58:50
8465,6,998,2025-03-26,11:30:00,,,,2025-05-22 16:58:50
8466,3,132,2025-04-26,09:15:00,,5,,2025-05-22 16:58:50
8467,1,815,2025-02-20,10:00:00,,,整体还不错，但有提升空间。,2025-05-22 16:58:50
8468,6,859,2023-12-26,10:45:00,,5,活动组织得很好，环境舒适。,2025-05-22 16:58:50
8469,2,778,2024-04-23,11:30:00,,,希望能增加互动性的展品。,2025-05-22 16:58:50
8470,9,93,2023-10-18,16:30:00,,4,,2025-05-22 16:58:50
8471,6,750,2024-06-07,15:45:00,29,5,很适合带孩子来参观学习。,2025-05-22 16:58:50
8472,8,733,2024-07-24,13:15:00,,,部分展区很精彩，部分展区一般。,2025-05-22 16:58:50
8473,8,929,2023-11-18,12:00:00,,,,2025-05-22 16:58:50
8474,9,820,2024-09-17,16:15:00,,5,,2025-05-22 16:58:50
8475,1,785,2023-09-22,12:45:00,,3,,2025-05-22 16:58:50
8476,3,694,2024-06-25,12:30:00,,5,,2025-05-22 16:58:50
8477,5,777,2024-10-27,15:00:00,,3,,2025-05-22 16:58:50
8478,5,369,2024-10-14,15:00:00,,3,,2025-05-22 16:58:50
8479,11,908,2023-11-17,14:15:00,,3,,2025-05-22 16:58:50
8480,1,688,2024-11-10,14:15:00,,3,,2025-05-22 16:58:50
8481,4,35,2024-09-13,10:15:00,,,,2025-05-22 16:58:50
8482,3,605,2025-02-27,13:45:00,,3,,2025-05-22 16:58:50
8483,11,237,2024-06-25,13:15:00,,5,活动组织得很好，环境舒适。,2025-05-22 16:58:50
8484,9,275,2024-12-05,09:00:00,,5,,2025-05-22 16:58:50
8485,2,54,2025-04-15,11:45:00,,5,很适合带孩子来参观学习。,2025-05-22 16:58:50
8486,4,978,2023-08-26,10:45:00,,,,2025-05-22 16:58:50
8487,10,255,2024-01-19,14:30:00,,5,,2025-05-22 16:58:50
8488,3,452,2024-07-14,15:00:00,,,建议增加外语讲解服务。,2025-05-22 16:58:50
8489,5,850,2024-12-11,15:15:00,,3,,2025-05-22 16:58:50
8490,5,727,2023-12-30,09:00:00,,,整体还不错，但有提升空间。,2025-05-22 16:58:50
8491,1,328,2024-11-09,10:30:00,,,,2025-05-22 16:58:50
8492,5,868,2024-07-09,09:30:00,,,,2025-05-22 16:58:50
8493,2,708,2024-11-29,16:15:00,,3,部分展区很精彩，部分展区一般。,2025-05-22 16:58:50
8494,8,954,2024-12-21,12:15:00,,,,2025-05-22 16:58:50
8495,6,77,2025-05-08,15:45:00,,4,讲解员专业知识丰富，讲解生动。,2025-05-22 16:58:50
8496,8,253,2024-05-21,11:30:00,,,,2025-05-22 16:58:50
8497,4,434,2023-10-21,12:30:00,,3,,2025-05-22 16:58:50
8498,5,761,2025-05-13,14:00:00,,,,2025-05-22 16:58:50
8499,8,459,2024-07-08,14:00:00,,3,停车不太方便。,2025-05-22 16:58:50
8500,5,371,2024-06-03,15:45:00,,5,,2025-05-22 16:58:50
8501,2,476,2024-10-16,16:45:00,,,,2025-05-22 16:58:50
8502,10,511,2024-09-08,10:00:00,,,,2025-05-22 16:58:50
8503,11,892,2023-10-16,12:30:00,,5,,2025-05-22 16:58:50
8504,7,379,2025-05-10,14:45:00,,3,,2025-05-22 16:58:50
8505,6,768,2023-06-01,16:00:00,,,部分展区很精彩，部分展区一般。,2025-05-22 16:58:50
8506,7,211,2024-06-18,13:15:00,,5,,2025-05-22 16:58:50
8507,4,802,2024-11-02,16:00:00,,4,很适合带孩子来参观学习。,2025-05-22 16:58:50
8508,10,159,2024-08-22,09:45:00,,,,2025-05-22 16:58:50
8509,4,565,2023-12-17,11:30:00,,4,,2025-05-22 16:58:50
8510,6,173,2023-05-26,15:30:00,,,,2025-05-22 16:58:50
8511,7,371,2024-08-17,13:30:00,,5,很适合带孩子来参观学习。,2025-05-22 16:58:50
8512,4,66,2024-03-17,13:45:00,,3,,2025-05-22 16:58:50
8513,8,726,2024-11-18,16:15:00,,,,2025-05-22 16:58:50
8514,8,324,2024-03-18,11:30:00,,4,,2025-05-22 16:58:50
8515,5,532,2024-09-17,10:15:00,,3,希望能增加互动性的展品。,2025-05-22 16:58:50
8516,6,518,2023-12-08,10:30:00,,5,,2025-05-22 16:58:50
8517,6,390,2025-04-20,09:00:00,,3,,2025-05-22 16:58:50
8518,5,663,2024-06-29,12:15:00,,,,2025-05-22 16:58:50
8519,3,529,2024-09-09,09:00:00,,,,2025-05-22 16:58:50
8520,3,808,2024-07-29,16:45:00,,5,,2025-05-22 16:58:50
8521,2,744,2023-12-18,16:30:00,,,整体还不错，但有提升空间。,2025-05-22 16:58:50
8522,8,259,2025-02-14,12:00:00,,,建议增加外语讲解服务。,2025-05-22 16:58:50
8523,3,462,2023-06-17,12:45:00,,,,2025-05-22 16:58:50
8524,3,292,2024-02-24,11:15:00,,4,,2025-05-22 16:58:50
8525,8,579,2024-06-29,11:45:00,,5,,2025-05-22 16:58:50
8526,3,318,2024-01-29,09:00:00,,3,停车不太方便。,2025-05-22 16:58:50
8527,2,457,2025-01-24,13:00:00,,,,2025-05-22 16:58:50
8528,7,705,2023-06-05,15:15:00,,3,部分展区很精彩，部分展区一般。,2025-05-22 16:58:50
8529,1,385,2024-11-01,12:15:00,,,希望能增加互动性的展品。,2025-05-22 16:58:50
8530,7,327,2023-12-05,09:15:00,,4,,2025-05-22 16:58:50
8531,7,900,2023-08-10,13:45:00,,5,,2025-05-22 16:58:50
8532,5,624,2023-08-11,16:15:00,,,希望能增加互动性的展品。,2025-05-22 16:58:50
8533,1,672,2024-03-05,14:45:00,,5,很适合带孩子来参观学习。,2025-05-22 16:58:50
8534,5,393,2023-11-16,12:00:00,,,,2025-05-22 16:58:50
8535,6,545,2023-12-01,10:30:00,,4,,2025-05-22 16:58:50
8536,9,507,2025-03-05,12:00:00,,5,,2025-05-22 16:58:50
8537,1,178,2023-09-12,16:30:00,,3,,2025-05-22 16:58:50
8538,4,999,2025-02-07,09:00:00,,5,,2025-05-22 16:58:50
8539,9,306,2023-11-22,14:15:00,,,,2025-05-22 16:58:50
8540,6,906,2024-09-20,09:00:00,,3,,2025-05-22 16:58:50
8541,5,63,2023-07-04,15:15:00,,5,,2025-05-22 16:58:50
8542,4,965,2023-05-31,10:00:00,,5,,2025-05-22 16:58:50
8543,7,598,2024-11-22,15:30:00,,5,,2025-05-22 16:58:50
8544,8,645,2024-08-12,16:30:00,,,,2025-05-22 16:58:50
8545,3,514,2024-07-06,12:15:00,,4,,2025-05-22 16:58:50
8546,8,48,2024-11-11,15:15:00,,,整体还不错，但有提升空间。,2025-05-22 16:58:50
8547,8,304,2024-04-20,12:15:00,,3,,2025-05-22 16:58:50
8548,2,816,2024-11-21,09:15:00,,4,,2025-05-22 16:58:50
8549,7,45,2024-06-19,16:45:00,,4,很适合带孩子来参观学习。,2025-05-22 16:58:50
8550,3,995,2024-07-17,13:00:00,,,,2025-05-22 16:58:50
8551,9,459,2025-01-06,13:15:00,,,,2025-05-22 16:58:50
8552,9,450,2024-08-30,16:45:00,,4,交通便利，设施完善。,2025-05-22 16:58:50
8553,3,399,2024-01-15,16:45:00,,,部分展区很精彩，部分展区一般。,2025-05-22 16:58:50
8554,6,959,2023-07-21,11:30:00,,,,2025-05-22 16:58:50
8555,4,682,2024-11-03,13:15:00,,,,2025-05-22 16:58:50
8556,7,892,2025-02-25,16:15:00,,4,,2025-05-22 16:58:50
8557,8,375,2024-12-18,12:45:00,,5,,2025-05-22 16:58:50
8558,4,947,2024-11-26,12:15:00,49,,希望能增加互动性的展品。,2025-05-22 16:58:50
8559,2,588,2024-05-17,13:15:00,,4,,2025-05-22 16:58:50
8560,2,787,2024-10-14,16:45:00,,5,,2025-05-22 16:58:50
8561,3,664,2023-12-10,11:00:00,,,,2025-05-22 16:58:50
8562,7,455,2024-06-12,14:15:00,,3,,2025-05-22 16:58:50
8563,10,759,2023-10-31,15:00:00,,,,2025-05-22 16:58:50
8564,4,997,2024-09-21,11:15:00,,,,2025-05-22 16:58:50
8565,10,961,2024-07-01,15:15:00,,,部分展区很精彩，部分展区一般。,2025-05-22 16:58:50
8566,8,801,2024-09-28,12:15:00,,4,,2025-05-22 16:58:50
8567,6,581,2024-09-06,10:45:00,,,希望能增加互动性的展品。,2025-05-22 16:58:50
8568,7,393,2025-04-22,15:00:00,,4,活动组织得很好，环境舒适。,2025-05-22 16:58:50
8569,3,607,2024-04-05,13:30:00,,5,活动组织得很好，环境舒适。,2025-05-22 16:58:50
8570,6,469,2024-06-02,13:30:00,,,,2025-05-22 16:58:50
8571,4,42,2023-07-03,15:45:00,,,,2025-05-22 16:58:50
8572,7,30,2023-11-19,12:30:00,,3,,2025-05-22 16:58:50
8573,8,584,2023-06-03,11:15:00,,4,,2025-05-22 16:58:50
8574,3,490,2023-10-31,10:15:00,,5,,2025-05-22 16:58:50
8575,4,318,2023-06-28,10:15:00,,,,2025-05-22 16:58:50
8576,5,719,2023-05-29,12:45:00,,4,,2025-05-22 16:58:50
8577,4,850,2024-10-23,10:45:00,,,,2025-05-22 16:58:50
8578,7,737,2024-12-30,12:15:00,,5,,2025-05-22 16:58:50
8579,5,272,2024-10-20,09:45:00,,,,2025-05-22 16:58:50
8580,1,261,2024-05-30,14:45:00,,,,2025-05-22 16:58:50
8581,4,527,2025-01-02,10:30:00,49,4,,2025-05-22 16:58:50
8582,2,331,2024-04-22,11:00:00,,4,,2025-05-22 16:58:50
8583,7,673,2024-01-01,15:30:00,,,,2025-05-22 16:58:50
8584,9,698,2025-04-24,09:30:00,,4,,2025-05-22 16:58:50
8585,7,171,2024-10-18,16:00:00,,,,2025-05-22 16:58:50
8586,5,254,2024-06-19,09:00:00,,5,,2025-05-22 16:58:50
8587,7,498,2023-12-15,10:15:00,,3,,2025-05-22 16:58:50
8588,10,482,2023-06-14,14:45:00,,4,交通便利，设施完善。,2025-05-22 16:58:50
8589,2,651,2025-02-16,14:45:00,,,,2025-05-22 16:58:50
8590,7,307,2024-11-16,16:00:00,,5,,2025-05-22 16:58:50
8591,11,676,2025-03-22,15:00:00,,5,,2025-05-22 16:58:50
8592,3,723,2025-05-09,09:30:00,,3,停车不太方便。,2025-05-22 16:58:50
8593,4,404,2023-10-06,12:30:00,,,,2025-05-22 16:58:50
8594,6,807,2023-06-29,15:45:00,,,,2025-05-22 16:58:50
8595,7,668,2024-07-10,12:45:00,,,部分展区很精彩，部分展区一般。,2025-05-22 16:58:50
8596,11,669,2024-08-12,16:15:00,,3,,2025-05-22 16:58:50
8597,9,926,2024-11-20,11:45:00,,5,展览内容非常丰富，很有教育意义。,2025-05-22 16:58:50
8598,7,693,2025-01-14,12:15:00,,4,,2025-05-22 16:58:50
8599,1,926,2025-01-18,10:30:00,,5,,2025-05-22 16:58:50
8600,5,651,2025-03-13,11:00:00,,,,2025-05-22 16:58:50
8601,4,481,2024-01-02,12:15:00,,5,讲解员专业知识丰富，讲解生动。,2025-05-22 16:58:50
8602,3,531,2024-06-17,09:00:00,,,,2025-05-22 16:58:50
8603,6,589,2024-04-05,09:15:00,,4,展览内容非常丰富，很有教育意义。,2025-05-22 16:58:50
8604,9,187,2024-02-29,11:45:00,,,,2025-05-22 16:58:50
8605,6,385,2024-10-07,11:45:00,,5,,2025-05-22 16:58:50
8606,2,605,2025-04-13,14:45:00,,3,,2025-05-22 16:58:50
8607,11,475,2024-09-01,12:00:00,,3,,2025-05-22 16:58:50
8608,6,334,2024-03-17,13:15:00,,5,,2025-05-22 16:58:50
8609,2,6,2025-04-27,13:30:00,,,,2025-05-22 16:58:50
8610,9,538,2025-02-05,15:30:00,,3,,2025-05-22 16:58:50
8611,4,623,2025-01-27,15:15:00,,3,,2025-05-22 16:58:50
8612,3,251,2024-04-07,15:45:00,,3,,2025-05-22 16:58:50
8613,7,641,2024-11-07,13:15:00,,4,展览内容非常丰富，很有教育意义。,2025-05-22 16:58:50
8614,8,918,2025-02-27,16:15:00,,,,2025-05-22 16:58:50
8615,4,656,2025-01-18,16:00:00,,,希望能增加互动性的展品。,2025-05-22 16:58:50
8616,3,282,2025-03-09,09:15:00,,5,讲解员专业知识丰富，讲解生动。,2025-05-22 16:58:50
8617,3,645,2025-03-20,09:00:00,,3,希望能增加互动性的展品。,2025-05-22 16:58:50
8618,2,413,2024-07-28,13:30:00,,,,2025-05-22 16:58:50
8619,5,522,2023-05-26,13:00:00,,4,,2025-05-22 16:58:50
8620,11,803,2024-01-11,14:00:00,,,,2025-05-22 16:58:50
8621,9,904,2025-03-29,10:30:00,,,,2025-05-22 16:58:50
8622,5,284,2023-10-10,10:15:00,,,,2025-05-22 16:58:50
8623,3,765,2025-04-27,14:30:00,,3,停车不太方便。,2025-05-22 16:58:50
8624,1,645,2024-06-16,16:45:00,,3,停车不太方便。,2025-05-22 16:58:50
8625,9,82,2024-04-25,14:00:00,,3,,2025-05-22 16:58:50
8626,3,389,2025-01-21,15:45:00,,,,2025-05-22 16:58:50
8627,9,409,2025-03-24,12:30:00,,,,2025-05-22 16:58:50
8628,3,791,2023-09-05,13:15:00,,3,,2025-05-22 16:58:50
8629,3,218,2025-02-24,16:45:00,,3,整体还不错，但有提升空间。,2025-05-22 16:58:50
8630,2,90,2024-11-30,13:00:00,,,,2025-05-22 16:58:50
8631,8,63,2025-04-30,11:00:00,,3,,2025-05-22 16:58:50
8632,2,406,2024-11-22,09:00:00,,,建议增加外语讲解服务。,2025-05-22 16:58:50
8633,1,718,2024-08-14,16:45:00,,,,2025-05-22 16:58:50
8634,10,830,2024-07-06,10:00:00,,5,很适合带孩子来参观学习。,2025-05-22 16:58:50
8635,9,918,2023-06-13,11:45:00,,4,,2025-05-22 16:58:50
8636,8,479,2024-10-28,09:15:00,,,,2025-05-22 16:58:50
8637,5,250,2025-02-01,09:45:00,,4,,2025-05-22 16:58:50
8638,2,502,2024-12-23,13:45:00,,5,很适合带孩子来参观学习。,2025-05-22 16:58:50
8639,2,884,2024-01-26,13:30:00,,,,2025-05-22 16:58:50
8640,5,523,2025-01-14,14:30:00,,,,2025-05-22 16:58:50
8641,4,594,2025-01-18,12:45:00,,,,2025-05-22 16:58:50
8642,4,75,2023-06-16,12:45:00,,,,2025-05-22 16:58:50
8643,3,223,2024-03-12,14:15:00,,,,2025-05-22 16:58:50
8644,1,261,2024-12-12,14:45:00,,4,,2025-05-22 16:58:50
8645,4,426,2023-06-11,14:15:00,,4,活动组织得很好，环境舒适。,2025-05-22 16:58:50
8646,4,865,2025-02-03,11:45:00,,4,,2025-05-22 16:58:50
8647,7,557,2023-07-09,10:30:00,,3,,2025-05-22 16:58:50
8648,5,214,2024-08-15,12:15:00,,4,活动组织得很好，环境舒适。,2025-05-22 16:58:50
8649,9,458,2024-07-22,13:00:00,,5,,2025-05-22 16:58:50
8650,1,549,2025-02-02,10:15:00,,3,,2025-05-22 16:58:50
8651,3,675,2023-06-16,10:00:00,,5,讲解员专业知识丰富，讲解生动。,2025-05-22 16:58:50
8652,4,39,2025-04-22,10:45:00,,3,,2025-05-22 16:58:50
8653,9,984,2023-09-03,16:00:00,,4,,2025-05-22 16:58:50
8654,11,561,2024-09-15,15:15:00,,,,2025-05-22 16:58:50
8655,7,926,2023-07-15,09:00:00,,4,,2025-05-22 16:58:50
8656,3,288,2024-01-09,12:45:00,,4,讲解员专业知识丰富，讲解生动。,2025-05-22 16:58:50
8657,8,221,2025-04-01,13:15:00,,5,,2025-05-22 16:58:50
8658,7,969,2024-01-13,09:45:00,,3,,2025-05-22 16:58:50
8659,1,162,2024-07-04,14:45:00,,3,,2025-05-22 16:58:50
8660,1,514,2023-06-27,12:30:00,,4,,2025-05-22 16:58:50
8661,4,684,2024-05-09,10:45:00,,4,,2025-05-22 16:58:50
8662,1,907,2024-11-09,14:30:00,,4,,2025-05-22 16:58:50
8663,2,295,2025-02-14,11:45:00,,,希望能增加互动性的展品。,2025-05-22 16:58:50
8664,9,963,2024-07-30,11:45:00,,,,2025-05-22 16:58:50
8665,7,671,2024-08-26,09:00:00,,3,,2025-05-22 16:58:50
8666,4,329,2023-07-07,11:15:00,,,,2025-05-22 16:58:50
8667,3,349,2023-07-16,14:30:00,,,,2025-05-22 16:58:50
8668,6,513,2024-06-11,11:30:00,29,5,,2025-05-22 16:58:50
8669,4,548,2024-07-06,09:15:00,,4,展览内容非常丰富，很有教育意义。,2025-05-22 16:58:50
8670,1,782,2024-02-03,09:15:00,,,停车不太方便。,2025-05-22 16:58:50
8671,8,326,2024-09-25,10:30:00,,5,,2025-05-22 16:58:50
8672,2,952,2023-10-13,12:00:00,,3,,2025-05-22 16:58:50
8673,7,448,2023-06-26,15:00:00,,5,活动组织得很好，环境舒适。,2025-05-22 16:58:50
8674,1,796,2024-04-03,12:30:00,,,部分展区很精彩，部分展区一般。,2025-05-22 16:58:50
8675,7,815,2025-01-20,13:30:00,,,,2025-05-22 16:58:50
8676,7,258,2024-03-14,12:30:00,,3,,2025-05-22 16:58:50
8677,3,139,2024-05-28,15:45:00,,4,,2025-05-22 16:58:50
8678,3,98,2024-07-25,11:00:00,,,,2025-05-22 16:58:50
8679,9,309,2024-11-19,16:15:00,,4,,2025-05-22 16:58:50
8680,1,610,2024-03-15,16:15:00,,3,,2025-05-22 16:58:50
8681,4,394,2025-01-26,12:45:00,49,,,2025-05-22 16:58:50
8682,3,569,2023-08-16,12:45:00,,5,展览内容非常丰富，很有教育意义。,2025-05-22 16:58:50
8683,1,369,2025-03-21,14:45:00,,4,,2025-05-22 16:58:50
8684,3,834,2023-07-15,12:15:00,,,停车不太方便。,2025-05-22 16:58:50
8685,2,147,2024-02-04,10:00:00,,3,,2025-05-22 16:58:50
8686,1,189,2023-11-15,12:45:00,,5,,2025-05-22 16:58:50
8687,3,178,2023-07-10,15:15:00,,3,,2025-05-22 16:58:50
8688,9,463,2024-03-18,12:30:00,,3,,2025-05-22 16:58:50
8689,9,729,2024-07-14,14:00:00,,,,2025-05-22 16:58:50
8690,6,918,2023-06-27,16:00:00,,3,,2025-05-22 16:58:50
8691,1,890,2025-03-06,10:00:00,,,,2025-05-22 16:58:50
8692,2,287,2024-03-21,13:15:00,,3,,2025-05-22 16:58:50
8693,1,482,2024-10-11,12:30:00,,4,活动组织得很好，环境舒适。,2025-05-22 16:58:50
8694,6,748,2024-07-02,15:30:00,29,4,,2025-05-22 16:58:50
8695,3,173,2023-09-15,16:30:00,,,停车不太方便。,2025-05-22 16:58:50
8696,9,374,2024-10-27,12:30:00,,4,,2025-05-22 16:58:50
8697,8,814,2023-09-08,13:30:00,,3,,2025-05-22 16:58:50
8698,8,314,2023-08-12,15:30:00,,,,2025-05-22 16:58:50
8699,2,845,2025-01-30,12:45:00,,3,,2025-05-22 16:58:50
8700,1,103,2025-01-03,09:45:00,,5,,2025-05-22 16:58:50
8701,7,27,2025-02-14,15:30:00,,3,,2025-05-22 16:58:50
8702,9,678,2025-01-17,13:00:00,,,,2025-05-22 16:58:50
8703,3,652,2023-07-26,14:45:00,,,,2025-05-22 16:58:50
8704,1,746,2024-02-28,13:00:00,,3,,2025-05-22 16:58:50
8705,1,993,2025-03-01,11:15:00,,,部分展区很精彩，部分展区一般。,2025-05-22 16:58:50
8706,2,117,2025-01-11,11:00:00,,4,,2025-05-22 16:58:50
8707,7,948,2024-04-16,16:00:00,,5,,2025-05-22 16:58:50
8708,9,324,2024-07-23,10:00:00,23,5,,2025-05-22 16:58:50
8709,5,656,2024-10-12,13:45:00,,5,,2025-05-22 16:58:50
8710,7,730,2025-05-06,12:15:00,,5,活动组织得很好，环境舒适。,2025-05-22 16:58:50
8711,4,431,2024-10-13,10:30:00,,,,2025-05-22 16:58:50
8712,5,333,2025-05-02,13:15:00,,3,,2025-05-22 16:58:50
8713,2,472,2025-05-16,15:30:00,,,停车不太方便。,2025-05-22 16:58:50
8714,10,817,2023-11-02,15:45:00,,5,,2025-05-22 16:58:50
8715,7,626,2025-01-26,10:30:00,,4,,2025-05-22 16:58:50
8716,4,177,2025-01-13,11:15:00,49,,,2025-05-22 16:58:50
8717,2,261,2025-04-26,13:45:00,,5,,2025-05-22 16:58:50
8718,9,928,2024-01-25,14:00:00,,3,整体还不错，但有提升空间。,2025-05-22 16:58:50
8719,11,541,2025-05-22,12:00:00,,,停车不太方便。,2025-05-22 16:58:50
8720,8,963,2024-10-12,16:15:00,39,4,,2025-05-22 16:58:50
8721,8,839,2025-02-03,10:00:00,,5,,2025-05-22 16:58:50
8722,1,818,2024-11-27,12:45:00,,,,2025-05-22 16:58:50
8723,6,934,2025-03-26,16:00:00,,4,,2025-05-22 16:58:50
8724,8,34,2023-11-05,11:00:00,,4,,2025-05-22 16:58:50
8725,5,786,2025-03-29,14:15:00,,4,交通便利，设施完善。,2025-05-22 16:58:50
8726,1,774,2024-09-29,12:30:00,,4,,2025-05-22 16:58:50
8727,6,488,2024-05-17,15:00:00,,4,,2025-05-22 16:58:50
8728,1,339,2023-10-28,11:00:00,,3,,2025-05-22 16:58:50
8729,3,544,2023-10-28,12:00:00,,3,,2025-05-22 16:58:50
8730,2,643,2023-11-20,11:00:00,,5,,2025-05-22 16:58:50
8731,4,107,2023-07-16,10:30:00,,3,,2025-05-22 16:58:50
8732,8,42,2024-10-03,11:45:00,,3,部分展区很精彩，部分展区一般。,2025-05-22 16:58:50
8733,1,244,2024-01-14,15:00:00,,,,2025-05-22 16:58:50
8734,6,57,2024-07-07,15:45:00,,3,,2025-05-22 16:58:50
8735,4,164,2024-11-29,16:30:00,,4,,2025-05-22 16:58:50
8736,5,737,2025-04-05,10:45:00,,5,,2025-05-22 16:58:50
8737,8,66,2023-09-23,09:30:00,,3,,2025-05-22 16:58:50
8738,6,47,2024-05-15,14:15:00,,5,,2025-05-22 16:58:50
8739,3,518,2024-08-17,13:00:00,,4,交通便利，设施完善。,2025-05-22 16:58:50
8740,9,185,2024-11-21,16:30:00,,4,,2025-05-22 16:58:50
8741,9,169,2024-11-04,16:15:00,,,,2025-05-22 16:58:50
8742,7,902,2023-06-28,09:45:00,,,,2025-05-22 16:58:50
8743,3,276,2024-03-06,16:30:00,,,,2025-05-22 16:58:50
8744,7,220,2025-02-26,16:15:00,,4,,2025-05-22 16:58:50
8745,5,605,2024-07-13,12:00:00,,3,停车不太方便。,2025-05-22 16:58:50
8746,11,681,2025-01-29,12:15:00,,3,,2025-05-22 16:58:50
8747,2,277,2024-10-15,14:30:00,,4,,2025-05-22 16:58:50
8748,1,754,2024-03-17,09:45:00,,4,,2025-05-22 16:58:50
8749,10,835,2024-08-31,09:15:00,,,停车不太方便。,2025-05-22 16:58:50
8750,1,959,2024-10-19,10:30:00,,3,,2025-05-22 16:58:50
8751,5,745,2023-11-07,13:15:00,,3,,2025-05-22 16:58:50
8752,2,692,2024-05-27,12:15:00,,,,2025-05-22 16:58:50
8753,1,980,2024-07-08,12:15:00,,4,,2025-05-22 16:58:50
8754,11,662,2025-02-13,15:00:00,,3,部分展区很精彩，部分展区一般。,2025-05-22 16:58:50
8755,5,714,2023-12-06,09:15:00,,5,,2025-05-22 16:58:50
8756,2,137,2025-04-19,12:30:00,,5,,2025-05-22 16:58:50
8757,6,259,2025-03-31,10:00:00,,3,,2025-05-22 16:58:50
8758,9,52,2023-11-07,10:00:00,,3,整体还不错，但有提升空间。,2025-05-22 16:58:50
8759,7,719,2024-11-10,11:30:00,,4,,2025-05-22 16:58:50
8760,11,379,2024-07-15,10:45:00,,,,2025-05-22 16:58:50
8761,1,399,2024-01-21,10:30:00,,4,,2025-05-22 16:58:50
8762,2,363,2024-06-05,12:00:00,,,,2025-05-22 16:58:50
8763,10,966,2024-08-27,15:30:00,,,,2025-05-22 16:58:50
8764,6,849,2023-09-02,09:45:00,,3,,2025-05-22 16:58:50
8765,6,907,2024-01-25,09:30:00,,,,2025-05-22 16:58:50
8766,9,135,2024-07-30,11:15:00,,5,,2025-05-22 16:58:50
8767,8,72,2024-07-25,13:30:00,,5,,2025-05-22 16:58:50
8768,5,221,2025-05-05,16:15:00,,5,,2025-05-22 16:58:50
8769,8,981,2025-03-13,10:00:00,,5,,2025-05-22 16:58:50
8770,2,399,2024-10-19,10:45:00,,,部分展区很精彩，部分展区一般。,2025-05-22 16:58:50
8771,3,973,2024-08-04,12:15:00,,,希望能增加互动性的展品。,2025-05-22 16:58:50
8772,9,862,2024-06-17,11:30:00,,3,,2025-05-22 16:58:50
8773,4,201,2025-04-24,09:15:00,,,,2025-05-22 16:58:50
8774,2,526,2023-07-11,11:30:00,,4,,2025-05-22 16:58:50
8775,2,917,2024-04-17,11:15:00,,4,,2025-05-22 16:58:50
8776,1,191,2024-06-03,09:45:00,,4,,2025-05-22 16:58:50
8777,1,772,2024-02-05,16:45:00,,,,2025-05-22 16:58:50
8778,8,686,2024-06-10,11:45:00,,,,2025-05-22 16:58:50
8779,8,759,2024-08-10,09:45:00,,5,讲解员专业知识丰富，讲解生动。,2025-05-22 16:58:50
8780,9,929,2025-01-22,15:45:00,,3,,2025-05-22 16:58:50
8781,5,622,2024-10-28,09:45:00,,4,,2025-05-22 16:58:50
8782,6,560,2025-03-31,15:00:00,,,,2025-05-22 16:58:50
8783,9,460,2024-12-03,09:30:00,,4,,2025-05-22 16:58:50
8784,9,223,2023-07-23,15:15:00,,5,,2025-05-22 16:58:50
8785,7,759,2023-06-11,09:45:00,,,,2025-05-22 16:58:50
8786,7,178,2024-01-08,10:15:00,,,停车不太方便。,2025-05-22 16:58:50
8787,3,494,2025-02-16,14:30:00,,,希望能增加互动性的展品。,2025-05-22 16:58:50
8788,6,943,2025-03-09,14:30:00,,3,,2025-05-22 16:58:50
8789,9,901,2025-05-20,14:45:00,,,,2025-05-22 16:58:50
8790,2,878,2023-11-04,09:00:00,,3,部分展区很精彩，部分展区一般。,2025-05-22 16:58:50
8791,5,677,2025-03-09,11:15:00,,,,2025-05-22 16:58:50
8792,9,607,2024-12-16,13:30:00,,,,2025-05-22 16:58:50
8793,2,643,2024-10-27,10:45:00,,,,2025-05-22 16:58:50
8794,3,171,2024-05-23,13:15:00,,,,2025-05-22 16:58:50
8795,6,759,2024-11-26,14:00:00,,4,很适合带孩子来参观学习。,2025-05-22 16:58:50
8796,3,582,2025-02-14,13:00:00,,4,,2025-05-22 16:58:50
8797,7,819,2023-09-11,12:00:00,,,,2025-05-22 16:58:50
8798,2,650,2024-03-09,10:00:00,,,,2025-05-22 16:58:50
8799,3,676,2023-09-11,11:30:00,,5,展览内容非常丰富，很有教育意义。,2025-05-22 16:58:50
8800,9,558,2024-01-06,16:45:00,,,,2025-05-22 16:58:50
8801,5,1000,2024-02-29,09:30:00,,4,,2025-05-22 16:58:50
8802,5,137,2024-08-13,10:00:00,,3,,2025-05-22 16:58:50
8803,5,84,2024-06-08,09:45:00,,,,2025-05-22 16:58:50
8804,2,709,2024-05-26,10:00:00,,,建议增加外语讲解服务。,2025-05-22 16:58:50
8805,2,952,2023-06-11,16:00:00,,,整体还不错，但有提升空间。,2025-05-22 16:58:50
8806,7,382,2025-04-23,11:00:00,,4,,2025-05-22 16:58:50
8807,4,542,2024-05-27,14:15:00,,4,,2025-05-22 16:58:50
8808,4,361,2024-09-06,09:30:00,,,,2025-05-22 16:58:50
8809,2,67,2024-07-13,14:45:00,,5,很适合带孩子来参观学习。,2025-05-22 16:58:50
8810,10,337,2024-05-31,12:15:00,,4,,2025-05-22 16:58:50
8811,9,774,2025-01-09,10:30:00,,5,,2025-05-22 16:58:50
8812,9,652,2024-04-13,14:15:00,,,,2025-05-22 16:58:50
8813,6,598,2025-01-08,09:00:00,,5,,2025-05-22 16:58:50
8814,8,101,2024-05-08,11:00:00,,3,,2025-05-22 16:58:50
8815,8,258,2025-04-18,15:15:00,,5,,2025-05-22 16:58:50
8816,5,714,2024-12-22,14:00:00,,3,,2025-05-22 16:58:50
8817,3,861,2024-06-05,15:00:00,,,部分展区很精彩，部分展区一般。,2025-05-22 16:58:50
8818,1,148,2024-08-04,13:15:00,,,,2025-05-22 16:58:50
8819,1,296,2023-06-16,14:15:00,,,,2025-05-22 16:58:50
8820,2,697,2024-10-10,10:15:00,,,,2025-05-22 16:58:50
8821,3,29,2024-12-07,12:45:00,,5,,2025-05-22 16:58:50
8822,9,15,2024-07-22,10:15:00,23,,,2025-05-22 16:58:50
8823,5,194,2024-06-26,10:30:00,,3,,2025-05-22 16:58:50
8824,9,34,2024-07-01,15:30:00,23,5,展览内容非常丰富，很有教育意义。,2025-05-22 16:58:50
8825,3,312,2024-05-05,15:30:00,,,,2025-05-22 16:58:50
8826,5,440,2024-09-10,14:15:00,,4,,2025-05-22 16:58:50
8827,6,591,2024-04-13,10:15:00,,5,,2025-05-22 16:58:50
8828,5,92,2024-12-13,15:00:00,,,部分展区很精彩，部分展区一般。,2025-05-22 16:58:50
8829,2,484,2025-03-03,15:00:00,,,希望能增加互动性的展品。,2025-05-22 16:58:50
8830,8,319,2024-05-06,16:45:00,,,整体还不错，但有提升空间。,2025-05-22 16:58:50
8831,2,192,2024-12-07,14:45:00,,,,2025-05-22 16:58:50
8832,2,914,2024-04-04,15:30:00,,4,,2025-05-22 16:58:50
8833,2,117,2025-04-29,12:00:00,,5,,2025-05-22 16:58:50
8834,9,88,2024-09-21,12:30:00,,4,,2025-05-22 16:58:50
8835,1,784,2024-10-22,09:15:00,,,,2025-05-22 16:58:50
8836,7,166,2024-08-18,16:00:00,,3,,2025-05-22 16:58:50
8837,6,530,2024-09-15,14:15:00,,,,2025-05-22 16:58:50
8838,8,563,2024-08-09,12:30:00,,3,,2025-05-22 16:58:50
8839,1,920,2024-12-26,10:45:00,,,,2025-05-22 16:58:50
8840,5,241,2025-01-09,13:15:00,,3,,2025-05-22 16:58:50
8841,4,469,2024-12-18,10:00:00,,4,,2025-05-22 16:58:50
8842,7,126,2024-07-13,12:15:00,,,希望能增加互动性的展品。,2025-05-22 16:58:50
8843,10,209,2024-10-03,15:30:00,,,希望能增加互动性的展品。,2025-05-22 16:58:50
8844,7,424,2024-08-28,15:30:00,,3,,2025-05-22 16:58:50
8845,4,801,2023-07-26,13:00:00,,,,2025-05-22 16:58:50
8846,4,284,2025-03-29,13:15:00,,,,2025-05-22 16:58:50
8847,3,36,2025-05-01,11:15:00,,3,停车不太方便。,2025-05-22 16:58:50
8848,8,663,2024-08-16,09:00:00,39,3,,2025-05-22 16:58:50
8849,9,857,2023-10-22,13:30:00,,,,2025-05-22 16:58:50
8850,3,103,2024-12-16,14:45:00,,4,,2025-05-22 16:58:50
8851,7,260,2024-04-15,11:15:00,,3,,2025-05-22 16:58:50
8852,2,921,2024-12-05,10:30:00,,4,很适合带孩子来参观学习。,2025-05-22 16:58:50
8853,2,258,2024-09-26,16:45:00,,3,,2025-05-22 16:58:50
8854,6,861,2025-03-22,14:30:00,,,,2025-05-22 16:58:50
8855,2,416,2025-04-11,16:30:00,,4,,2025-05-22 16:58:50
8856,1,580,2024-07-15,15:15:00,,4,展览内容非常丰富，很有教育意义。,2025-05-22 16:58:50
8857,8,871,2024-02-18,13:45:00,,,部分展区很精彩，部分展区一般。,2025-05-22 16:58:50
8858,8,204,2024-01-10,09:45:00,,,,2025-05-22 16:58:50
8859,1,136,2024-06-07,11:30:00,,5,展览内容非常丰富，很有教育意义。,2025-05-22 16:58:50
8860,5,682,2025-03-03,13:00:00,,4,,2025-05-22 16:58:50
8861,7,112,2023-12-22,11:30:00,,,,2025-05-22 16:58:50
8862,4,553,2024-08-17,12:45:00,,5,,2025-05-22 16:58:50
8863,2,75,2024-02-25,10:00:00,,5,,2025-05-22 16:58:50
8864,7,724,2024-07-09,15:45:00,,,整体还不错，但有提升空间。,2025-05-22 16:58:50
8865,7,603,2024-09-12,09:00:00,,,,2025-05-22 16:58:50
8866,2,646,2024-07-17,10:45:00,,5,,2025-05-22 16:58:50
8867,5,99,2025-04-21,16:45:00,,,,2025-05-22 16:58:50
8868,6,973,2023-12-25,15:45:00,,4,活动组织得很好，环境舒适。,2025-05-22 16:58:50
8869,6,271,2025-01-03,16:00:00,,3,,2025-05-22 16:58:50
8870,5,7,2024-03-18,16:45:00,,3,,2025-05-22 16:58:50
8871,6,467,2023-06-15,10:45:00,,4,,2025-05-22 16:58:50
8872,2,493,2024-11-01,14:30:00,,,,2025-05-22 16:58:50
8873,3,23,2024-10-11,10:15:00,,4,活动组织得很好，环境舒适。,2025-05-22 16:58:50
8874,5,674,2025-05-10,15:30:00,,,,2025-05-22 16:58:50
8875,1,475,2024-10-01,15:00:00,,3,,2025-05-22 16:58:50
8876,5,527,2024-05-28,13:45:00,,5,,2025-05-22 16:58:50
8877,1,495,2023-10-20,14:15:00,,,希望能增加互动性的展品。,2025-05-22 16:58:50
8878,6,714,2024-10-02,11:30:00,,3,希望能增加互动性的展品。,2025-05-22 16:58:50
8879,2,452,2025-01-09,16:15:00,,,希望能增加互动性的展品。,2025-05-22 16:58:50
8880,6,232,2023-12-27,10:45:00,,4,讲解员专业知识丰富，讲解生动。,2025-05-22 16:58:50
8881,1,498,2024-01-24,09:15:00,,5,展览内容非常丰富，很有教育意义。,2025-05-22 16:58:50
8882,7,495,2024-12-03,14:00:00,,5,,2025-05-22 16:58:50
8883,2,622,2024-12-11,11:45:00,,5,,2025-05-22 16:58:50
8884,7,448,2024-12-09,14:00:00,,4,,2025-05-22 16:58:50
8885,5,483,2024-09-10,11:00:00,,,,2025-05-22 16:58:50
8886,11,509,2025-04-08,13:30:00,,,,2025-05-22 16:58:50
8887,9,349,2023-07-31,14:00:00,,3,,2025-05-22 16:58:50
8888,6,550,2024-11-15,15:00:00,,3,,2025-05-22 16:58:50
8889,1,5,2024-08-16,11:15:00,,,,2025-05-22 16:58:50
8890,7,742,2024-05-18,10:15:00,,,,2025-05-22 16:58:50
8891,6,188,2023-06-05,10:15:00,,4,,2025-05-22 16:58:50
8892,2,147,2024-06-07,16:00:00,,,部分展区很精彩，部分展区一般。,2025-05-22 16:58:50
8893,1,455,2025-03-06,11:00:00,,3,,2025-05-22 16:58:50
8894,6,78,2024-06-30,16:45:00,,4,,2025-05-22 16:58:50
8895,10,470,2023-06-08,16:45:00,,,,2025-05-22 16:58:50
8896,8,539,2025-01-16,12:45:00,,,整体还不错，但有提升空间。,2025-05-22 16:58:50
8897,8,635,2024-09-29,11:30:00,,5,,2025-05-22 16:58:50
8898,9,600,2025-04-16,12:30:00,,3,,2025-05-22 16:58:50
8899,4,818,2024-12-15,12:00:00,49,,,2025-05-22 16:58:50
8900,1,443,2025-01-17,14:45:00,,5,,2025-05-22 16:58:50
8901,3,108,2024-06-30,11:15:00,,3,,2025-05-22 16:58:50
8902,7,38,2024-06-29,12:45:00,,3,,2025-05-22 16:58:50
8903,8,853,2024-09-10,15:00:00,39,4,,2025-05-22 16:58:50
8904,5,380,2024-03-13,14:45:00,,,,2025-05-22 16:58:50
8905,10,587,2024-01-15,09:45:00,,,,2025-05-22 16:58:50
8906,7,489,2025-02-24,12:45:00,,4,,2025-05-22 16:58:50
8907,9,512,2023-06-11,12:30:00,,4,,2025-05-22 16:58:50
8908,8,738,2025-03-24,13:00:00,,4,,2025-05-22 16:58:50
8909,5,67,2024-10-31,11:15:00,,,,2025-05-22 16:58:50
8910,3,487,2023-12-16,11:15:00,,,,2025-05-22 16:58:50
8911,10,66,2024-03-15,09:00:00,,5,,2025-05-22 16:58:50
8912,9,942,2025-04-21,09:15:00,,3,,2025-05-22 16:58:50
8913,1,520,2024-07-07,10:45:00,,3,,2025-05-22 16:58:50
8914,9,11,2025-01-16,15:15:00,,3,,2025-05-22 16:58:50
8915,6,68,2023-12-16,10:30:00,,4,很适合带孩子来参观学习。,2025-05-22 16:58:50
8916,5,385,2024-07-01,15:00:00,,5,,2025-05-22 16:58:50
8917,7,947,2025-03-21,09:15:00,,5,,2025-05-22 16:58:50
8918,1,490,2024-04-30,14:15:00,,,,2025-05-22 16:58:50
8919,2,53,2024-05-20,16:00:00,,5,,2025-05-22 16:58:50
8920,1,369,2023-06-01,09:15:00,,3,,2025-05-22 16:58:50
8921,7,127,2025-04-15,12:15:00,3,3,建议增加外语讲解服务。,2025-05-22 16:58:50
8922,11,301,2023-07-10,11:00:00,,5,,2025-05-22 16:58:50
8923,7,416,2024-10-22,11:45:00,,5,,2025-05-22 16:58:50
8924,9,82,2024-07-25,14:15:00,,5,讲解员专业知识丰富，讲解生动。,2025-05-22 16:58:50
8925,4,888,2025-01-20,14:00:00,49,3,,2025-05-22 16:58:50
8926,8,184,2023-11-15,16:00:00,,5,,2025-05-22 16:58:50
8927,6,597,2024-12-27,11:00:00,,,,2025-05-22 16:58:50
8928,2,440,2024-09-02,16:00:00,,4,,2025-05-22 16:58:50
8929,9,171,2023-06-11,09:30:00,,3,,2025-05-22 16:58:50
8930,7,484,2025-04-30,15:15:00,,4,,2025-05-22 16:58:50
8931,7,385,2024-07-04,16:15:00,,,,2025-05-22 16:58:50
8932,3,516,2025-03-14,16:00:00,,3,停车不太方便。,2025-05-22 16:58:50
8933,6,42,2024-10-28,15:45:00,,,,2025-05-22 16:58:50
8934,6,407,2023-07-06,16:30:00,,,,2025-05-22 16:58:50
8935,7,752,2024-08-07,11:15:00,,5,,2025-05-22 16:58:50
8936,3,348,2024-09-07,10:15:00,,5,,2025-05-22 16:58:50
8937,2,867,2024-03-06,13:30:00,,5,,2025-05-22 16:58:50
8938,8,978,2023-10-03,14:30:00,,4,,2025-05-22 16:58:50
8939,9,41,2025-02-13,13:30:00,,5,,2025-05-22 16:58:50
8940,9,636,2023-09-29,16:30:00,,5,,2025-05-22 16:58:50
8941,1,159,2025-04-12,12:15:00,,4,讲解员专业知识丰富，讲解生动。,2025-05-22 16:58:50
8942,2,48,2025-03-04,10:00:00,,,建议增加外语讲解服务。,2025-05-22 16:58:50
8943,7,27,2024-12-21,15:00:00,,3,,2025-05-22 16:58:50
8944,8,934,2024-08-04,14:45:00,,4,,2025-05-22 16:58:50
8945,10,766,2023-10-13,11:15:00,,5,,2025-05-22 16:58:50
8946,4,188,2023-11-20,15:45:00,,,,2025-05-22 16:58:50
8947,6,421,2025-03-06,16:45:00,,,,2025-05-22 16:58:50
8948,9,495,2023-10-15,13:45:00,,3,,2025-05-22 16:58:50
8949,7,618,2024-08-23,11:00:00,,4,,2025-05-22 16:58:50
8950,8,526,2024-10-08,11:45:00,,3,,2025-05-22 16:58:50
8951,3,307,2024-06-08,09:45:00,,5,交通便利，设施完善。,2025-05-22 16:58:50
8952,11,109,2024-12-20,16:45:00,,,,2025-05-22 16:58:50
8953,9,290,2023-09-13,15:30:00,,,建议增加外语讲解服务。,2025-05-22 16:58:50
8954,4,639,2024-03-27,09:30:00,,,,2025-05-22 16:58:50
8955,7,782,2024-02-26,10:15:00,,4,,2025-05-22 16:58:50
8956,6,732,2024-06-22,11:30:00,,3,,2025-05-22 16:58:50
8957,6,974,2023-11-10,11:00:00,,3,,2025-05-22 16:58:50
8958,2,613,2024-02-12,10:30:00,,4,,2025-05-22 16:58:50
8959,1,288,2024-09-11,15:15:00,,4,,2025-05-22 16:58:50
8960,11,295,2025-02-04,16:30:00,,,希望能增加互动性的展品。,2025-05-22 16:58:50
8961,1,297,2024-09-09,13:00:00,,4,,2025-05-22 16:58:50
8962,5,355,2025-01-19,12:30:00,,4,展览内容非常丰富，很有教育意义。,2025-05-22 16:58:50
8963,6,271,2025-04-23,13:15:00,,,,2025-05-22 16:58:50
8964,7,264,2025-03-13,11:30:00,,,停车不太方便。,2025-05-22 16:58:50
8965,4,278,2024-01-09,11:15:00,,3,,2025-05-22 16:58:50
8966,9,396,2023-11-09,16:30:00,,,,2025-05-22 16:58:50
8967,4,816,2024-12-20,09:45:00,49,,,2025-05-22 16:58:50
8968,8,520,2023-07-22,13:30:00,,4,,2025-05-22 16:58:50
8969,5,223,2024-12-24,14:00:00,,4,展览内容非常丰富，很有教育意义。,2025-05-22 16:58:50
8970,9,116,2024-08-16,09:15:00,23,5,,2025-05-22 16:58:50
8971,2,904,2025-04-09,14:15:00,,3,,2025-05-22 16:58:50
8972,2,987,2023-06-06,16:30:00,,4,,2025-05-22 16:58:50
8973,6,981,2024-09-22,16:45:00,,4,活动组织得很好，环境舒适。,2025-05-22 16:58:50
8974,1,774,2023-08-06,10:45:00,,4,,2025-05-22 16:58:50
8975,5,162,2024-06-19,09:15:00,,,,2025-05-22 16:58:50
8976,1,912,2023-12-03,09:00:00,,4,,2025-05-22 16:58:50
8977,8,506,2023-08-05,09:00:00,,4,,2025-05-22 16:58:50
8978,6,846,2025-02-04,15:00:00,,5,很适合带孩子来参观学习。,2025-05-22 16:58:50
8979,10,407,2025-04-20,11:45:00,,5,,2025-05-22 16:58:50
8980,5,150,2024-07-12,15:45:00,,,,2025-05-22 16:58:50
8981,1,721,2024-06-11,11:00:00,,3,部分展区很精彩，部分展区一般。,2025-05-22 16:58:50
8982,2,783,2025-02-20,16:15:00,,,停车不太方便。,2025-05-22 16:58:50
8983,6,375,2024-09-20,11:30:00,,5,,2025-05-22 16:58:50
8984,3,602,2023-06-25,09:30:00,,4,,2025-05-22 16:58:50
8985,5,804,2024-07-06,14:15:00,,4,交通便利，设施完善。,2025-05-22 16:58:50
8986,10,467,2025-05-19,14:45:00,,,,2025-05-22 16:58:50
8987,11,413,2023-12-30,10:30:00,,,,2025-05-22 16:58:50
8988,11,826,2025-02-18,11:30:00,,4,,2025-05-22 16:58:50
8989,3,625,2023-08-17,14:30:00,,,,2025-05-22 16:58:50
8990,1,911,2024-12-14,10:30:00,,5,,2025-05-22 16:58:50
8991,7,509,2023-10-15,11:30:00,,,,2025-05-22 16:58:50
8992,9,214,2023-11-13,13:00:00,,4,,2025-05-22 16:58:50
8993,9,959,2023-08-31,11:30:00,,3,,2025-05-22 16:58:50
8994,5,39,2024-01-25,11:30:00,,5,,2025-05-22 16:58:50
8995,2,799,2024-11-29,13:00:00,,5,,2025-05-22 16:58:50
8996,9,509,2024-12-27,09:30:00,,3,建议增加外语讲解服务。,2025-05-22 16:58:50
8997,7,617,2024-08-05,11:15:00,,,,2025-05-22 16:58:50
8998,7,423,2025-01-10,14:30:00,,5,,2025-05-22 16:58:50
8999,8,57,2025-03-11,15:00:00,,4,活动组织得很好，环境舒适。,2025-05-22 16:58:50
9000,10,622,2025-04-08,12:15:00,,4,,2025-05-22 16:58:50
9001,7,735,2025-04-20,10:45:00,3,,,2025-05-22 16:58:50
9002,7,219,2025-02-17,16:15:00,,4,讲解员专业知识丰富，讲解生动。,2025-05-22 16:58:50
9003,4,403,2024-06-03,09:30:00,,3,,2025-05-22 16:58:50
9004,10,766,2024-12-01,10:30:00,,3,,2025-05-22 16:58:50
9005,7,58,2024-04-17,13:30:00,,5,,2025-05-22 16:58:50
9006,6,795,2024-03-01,13:45:00,,,,2025-05-22 16:58:50
9007,7,187,2024-09-27,15:00:00,,4,,2025-05-22 16:58:50
9008,10,613,2023-07-22,16:00:00,,4,展览内容非常丰富，很有教育意义。,2025-05-22 16:58:50
9009,7,846,2023-06-30,16:00:00,,3,建议增加外语讲解服务。,2025-05-22 16:58:50
9010,2,583,2023-07-18,15:00:00,,,,2025-05-22 16:58:50
9011,7,10,2025-03-31,16:00:00,,4,,2025-05-22 16:58:50
9012,9,382,2025-04-24,09:00:00,,4,,2025-05-22 16:58:50
9013,11,526,2025-01-28,12:30:00,,3,停车不太方便。,2025-05-22 16:58:50
9014,2,898,2024-03-14,10:15:00,,3,建议增加外语讲解服务。,2025-05-22 16:58:50
9015,7,780,2025-03-18,10:45:00,3,,,2025-05-22 16:58:50
9016,6,545,2023-09-16,15:30:00,,,,2025-05-22 16:58:50
9017,6,955,2024-06-28,14:15:00,,,停车不太方便。,2025-05-22 16:58:50
9018,11,509,2025-02-21,16:15:00,,5,,2025-05-22 16:58:50
9019,8,297,2024-12-19,11:15:00,,,,2025-05-22 16:58:50
9020,1,819,2025-03-20,13:30:00,,5,交通便利，设施完善。,2025-05-22 16:58:50
9021,9,71,2025-02-23,12:30:00,,,,2025-05-22 16:58:50
9022,6,266,2025-03-06,11:15:00,,5,,2025-05-22 16:58:50
9023,9,33,2024-07-30,11:00:00,,4,,2025-05-22 16:58:50
9024,5,538,2025-04-30,10:45:00,,5,讲解员专业知识丰富，讲解生动。,2025-05-22 16:58:50
9025,9,968,2024-08-04,14:30:00,,3,,2025-05-22 16:58:50
9026,2,503,2024-01-21,15:30:00,,3,,2025-05-22 16:58:50
9027,9,551,2023-12-12,14:00:00,,,,2025-05-22 16:58:50
9028,2,897,2025-02-05,13:45:00,,5,活动组织得很好，环境舒适。,2025-05-22 16:58:50
9029,4,327,2024-09-02,16:30:00,,,,2025-05-22 16:58:50
9030,3,52,2024-09-16,16:00:00,,3,,2025-05-22 16:58:50
9031,1,396,2024-04-24,12:15:00,,3,,2025-05-22 16:58:50
9032,10,517,2024-12-19,09:15:00,,5,,2025-05-22 16:58:50
9033,6,320,2025-01-25,09:45:00,,5,展览内容非常丰富，很有教育意义。,2025-05-22 16:58:50
9034,9,556,2024-12-01,12:15:00,,4,,2025-05-22 16:58:50
9035,9,965,2025-03-30,12:00:00,,5,,2025-05-22 16:58:50
9036,11,481,2024-03-23,11:45:00,,,,2025-05-22 16:58:50
9037,8,638,2023-12-05,13:00:00,,,建议增加外语讲解服务。,2025-05-22 16:58:50
9038,2,699,2024-10-31,10:45:00,,,,2025-05-22 16:58:50
9039,8,948,2023-10-03,13:45:00,,,,2025-05-22 16:58:50
9040,4,147,2024-01-18,12:00:00,,,,2025-05-22 16:58:50
9041,2,102,2025-03-09,09:00:00,,,,2025-05-22 16:58:50
9042,9,639,2024-09-07,12:45:00,23,,部分展区很精彩，部分展区一般。,2025-05-22 16:58:50
9043,9,867,2024-05-19,10:00:00,,,,2025-05-22 16:58:50
9044,2,196,2024-06-26,12:00:00,,,,2025-05-22 16:58:50
9045,1,110,2024-09-27,14:15:00,,5,,2025-05-22 16:58:50
9046,8,341,2024-07-24,11:30:00,,5,,2025-05-22 16:58:50
9047,8,710,2024-06-23,11:30:00,,5,,2025-05-22 16:58:50
9048,3,750,2023-10-14,11:30:00,,,,2025-05-22 16:58:50
9049,2,831,2024-12-31,14:45:00,,,整体还不错，但有提升空间。,2025-05-22 16:58:50
9050,4,103,2023-12-01,15:45:00,,5,,2025-05-22 16:58:50
9051,2,455,2023-11-30,11:15:00,,3,,2025-05-22 16:58:50
9052,7,735,2024-03-23,16:15:00,,3,,2025-05-22 16:58:50
9053,10,605,2023-08-27,13:30:00,,5,,2025-05-22 16:58:50
9054,1,931,2024-05-12,14:45:00,,4,,2025-05-22 16:58:50
9055,7,260,2024-10-18,14:45:00,,,,2025-05-22 16:58:50
9056,8,618,2025-02-11,15:00:00,,,,2025-05-22 16:58:50
9057,5,24,2025-03-07,13:30:00,,4,,2025-05-22 16:58:50
9058,4,266,2024-10-05,09:15:00,,,,2025-05-22 16:58:50
9059,5,385,2025-04-29,11:15:00,,3,,2025-05-22 16:58:50
9060,6,159,2024-11-30,13:45:00,,4,,2025-05-22 16:58:50
9061,4,1,2024-12-23,13:00:00,,4,,2025-05-22 16:58:50
9062,4,156,2024-10-01,14:45:00,,3,,2025-05-22 16:58:50
9063,11,347,2024-10-17,15:45:00,,4,讲解员专业知识丰富，讲解生动。,2025-05-22 16:58:50
9064,11,537,2024-11-07,09:30:00,,5,很适合带孩子来参观学习。,2025-05-22 16:58:50
9065,1,846,2023-11-01,09:00:00,,4,,2025-05-22 16:58:50
9066,8,79,2023-07-23,10:30:00,,,,2025-05-22 16:58:50
9067,6,392,2024-06-21,15:00:00,,4,,2025-05-22 16:58:50
9068,4,114,2024-06-27,11:15:00,,,,2025-05-22 16:58:50
9069,2,233,2025-03-31,09:15:00,,,整体还不错，但有提升空间。,2025-05-22 16:58:50
9070,2,127,2024-01-24,09:30:00,,3,,2025-05-22 16:58:50
9071,5,280,2024-09-16,12:15:00,,5,,2025-05-22 16:58:50
9072,2,834,2023-10-12,09:00:00,,3,整体还不错，但有提升空间。,2025-05-22 16:58:50
9073,2,158,2024-04-12,16:15:00,,4,,2025-05-22 16:58:50
9074,1,35,2024-06-07,15:30:00,,,,2025-05-22 16:58:50
9075,9,583,2024-09-05,13:45:00,,,,2025-05-22 16:58:50
9076,7,119,2024-12-07,13:15:00,,5,讲解员专业知识丰富，讲解生动。,2025-05-22 16:58:50
9077,11,416,2023-11-25,11:30:00,,,停车不太方便。,2025-05-22 16:58:50
9078,6,536,2025-04-14,10:45:00,,,,2025-05-22 16:58:50
9079,6,855,2024-05-03,11:45:00,,,,2025-05-22 16:58:50
9080,8,534,2025-01-08,14:00:00,,4,,2025-05-22 16:58:50
9081,5,67,2025-04-21,10:30:00,,4,,2025-05-22 16:58:50
9082,6,317,2023-09-09,09:00:00,,4,,2025-05-22 16:58:50
9083,1,907,2024-12-13,10:15:00,,,,2025-05-22 16:58:50
9084,5,150,2025-05-10,15:45:00,,,,2025-05-22 16:58:50
9085,2,675,2023-09-18,10:45:00,,,,2025-05-22 16:58:50
9086,3,385,2024-09-04,12:45:00,,5,,2025-05-22 16:58:50
9087,7,827,2025-05-20,09:30:00,3,5,,2025-05-22 16:58:50
9088,4,754,2024-09-13,10:30:00,,3,,2025-05-22 16:58:50
9089,9,827,2023-09-19,13:45:00,,,,2025-05-22 16:58:50
9090,1,470,2024-05-20,14:15:00,,5,活动组织得很好，环境舒适。,2025-05-22 16:58:50
9091,8,776,2023-06-11,13:00:00,,,,2025-05-22 16:58:50
9092,4,676,2024-05-21,16:00:00,,,,2025-05-22 16:58:50
9093,8,40,2024-12-23,13:00:00,,,,2025-05-22 16:58:50
9094,3,132,2024-12-26,12:00:00,,5,,2025-05-22 16:58:50
9095,1,613,2024-06-05,13:30:00,,,建议增加外语讲解服务。,2025-05-22 16:58:50
9096,8,353,2025-04-28,12:00:00,,,,2025-05-22 16:58:50
9097,3,806,2025-02-23,12:45:00,,,,2025-05-22 16:58:50
9098,10,155,2023-05-24,16:15:00,,,停车不太方便。,2025-05-22 16:58:50
9099,3,893,2024-11-14,09:45:00,,,部分展区很精彩，部分展区一般。,2025-05-22 16:58:50
9100,5,327,2024-07-18,12:30:00,,5,,2025-05-22 16:58:50
9101,4,424,2023-10-27,09:30:00,,5,,2025-05-22 16:58:50
9102,6,607,2024-07-08,09:30:00,29,3,,2025-05-22 16:58:50
9103,9,827,2025-03-28,12:45:00,,3,整体还不错，但有提升空间。,2025-05-22 16:58:50
9104,4,786,2024-08-09,16:30:00,,3,,2025-05-22 16:58:50
9105,6,862,2024-11-04,12:00:00,,3,,2025-05-22 16:58:50
9106,7,990,2024-08-30,13:30:00,,4,,2025-05-22 16:58:50
9107,11,537,2024-06-01,11:30:00,,4,,2025-05-22 16:58:50
9108,3,130,2024-09-07,16:45:00,,4,展览内容非常丰富，很有教育意义。,2025-05-22 16:58:50
9109,11,766,2023-10-12,14:00:00,,3,,2025-05-22 16:58:50
9110,7,683,2024-04-27,13:00:00,,5,,2025-05-22 16:58:50
9111,3,414,2024-08-17,10:15:00,,5,,2025-05-22 16:58:50
9112,5,650,2024-01-04,13:30:00,,5,,2025-05-22 16:58:50
9113,3,489,2023-08-05,16:45:00,,3,,2025-05-22 16:58:50
9114,6,127,2024-07-20,12:45:00,29,5,讲解员专业知识丰富，讲解生动。,2025-05-22 16:58:50
9115,4,87,2025-03-07,16:30:00,,3,,2025-05-22 16:58:50
9116,9,578,2025-04-14,13:45:00,,5,,2025-05-22 16:58:50
9117,9,948,2023-12-14,10:45:00,,,,2025-05-22 16:58:50
9118,2,977,2024-03-12,12:00:00,,4,展览内容非常丰富，很有教育意义。,2025-05-22 16:58:50
9119,6,306,2024-06-27,13:45:00,,5,活动组织得很好，环境舒适。,2025-05-22 16:58:50
9120,11,824,2024-12-20,12:45:00,,,,2025-05-22 16:58:50
9121,6,324,2025-01-26,11:45:00,,4,交通便利，设施完善。,2025-05-22 16:58:50
9122,10,301,2025-03-12,11:30:00,,,,2025-05-22 16:58:50
9123,1,667,2023-11-30,09:00:00,,4,交通便利，设施完善。,2025-05-22 16:58:50
9124,7,862,2024-10-27,13:30:00,,,,2025-05-22 16:58:50
9125,9,503,2023-12-13,15:30:00,,,,2025-05-22 16:58:50
9126,8,370,2024-10-19,11:30:00,,,,2025-05-22 16:58:50
9127,6,175,2024-07-21,13:30:00,,5,,2025-05-22 16:58:50
9128,8,468,2025-01-23,16:30:00,,4,,2025-05-22 16:58:50
9129,2,473,2024-04-15,11:30:00,,4,,2025-05-22 16:58:50
9130,7,166,2025-04-01,16:45:00,,,,2025-05-22 16:58:50
9131,8,340,2024-03-11,15:00:00,,,整体还不错，但有提升空间。,2025-05-22 16:58:50
9132,10,461,2024-06-04,10:15:00,,3,,2025-05-22 16:58:50
9133,1,209,2024-07-04,16:30:00,,,,2025-05-22 16:58:50
9134,1,63,2024-02-27,09:00:00,,3,,2025-05-22 16:58:50
9135,6,759,2024-07-09,09:00:00,,4,,2025-05-22 16:58:50
9136,2,713,2024-09-21,16:00:00,,5,,2025-05-22 16:58:50
9137,4,182,2024-09-15,10:45:00,,4,,2025-05-22 16:58:50
9138,2,705,2024-07-26,14:45:00,,3,,2025-05-22 16:58:50
9139,2,183,2024-06-26,10:45:00,,3,,2025-05-22 16:58:50
9140,7,974,2023-10-30,15:00:00,,,,2025-05-22 16:58:50
9141,4,515,2024-11-02,16:15:00,,,停车不太方便。,2025-05-22 16:58:50
9142,6,649,2024-07-11,16:45:00,,4,,2025-05-22 16:58:50
9143,11,673,2024-09-28,15:15:00,,,建议增加外语讲解服务。,2025-05-22 16:58:50
9144,11,680,2024-09-04,11:15:00,,,,2025-05-22 16:58:50
9145,5,197,2024-07-31,15:45:00,,4,活动组织得很好，环境舒适。,2025-05-22 16:58:50
9146,6,404,2025-04-04,14:30:00,,5,交通便利，设施完善。,2025-05-22 16:58:50
9147,5,875,2023-11-26,16:00:00,,5,,2025-05-22 16:58:50
9148,3,147,2023-08-24,12:45:00,,5,,2025-05-22 16:58:50
9149,2,823,2024-02-16,15:30:00,,5,,2025-05-22 16:58:50
9150,6,654,2024-08-27,12:00:00,,,,2025-05-22 16:58:50
9151,2,321,2024-08-23,12:45:00,,4,,2025-05-22 16:58:50
9152,5,365,2025-02-09,14:15:00,,,,2025-05-22 16:58:50
9153,9,120,2024-11-06,13:00:00,,,,2025-05-22 16:58:50
9154,3,635,2024-06-20,15:15:00,,4,很适合带孩子来参观学习。,2025-05-22 16:58:50
9155,3,519,2024-08-19,12:00:00,,4,,2025-05-22 16:58:50
9156,8,872,2024-06-29,12:15:00,,,,2025-05-22 16:58:50
9157,7,906,2025-01-17,11:30:00,,3,希望能增加互动性的展品。,2025-05-22 16:58:50
9158,1,947,2024-06-25,11:30:00,,4,,2025-05-22 16:58:50
9159,4,647,2023-07-16,11:15:00,,,,2025-05-22 16:58:50
9160,8,663,2024-07-23,10:00:00,,,,2025-05-22 16:58:50
9161,6,153,2024-10-28,16:45:00,,,,2025-05-22 16:58:50
9162,1,670,2023-11-18,09:15:00,,4,,2025-05-22 16:58:50
9163,4,770,2025-02-11,14:15:00,,4,活动组织得很好，环境舒适。,2025-05-22 16:58:50
9164,4,328,2024-11-29,09:15:00,,,,2025-05-22 16:58:50
9165,7,369,2023-08-27,15:00:00,,,希望能增加互动性的展品。,2025-05-22 16:58:50
9166,10,296,2025-04-13,16:15:00,,,,2025-05-22 16:58:50
9167,10,378,2024-01-14,16:30:00,,,希望能增加互动性的展品。,2025-05-22 16:58:50
9168,4,826,2024-11-07,11:30:00,,3,,2025-05-22 16:58:50
9169,6,636,2025-04-09,09:30:00,,4,,2025-05-22 16:58:50
9170,7,395,2025-03-15,16:45:00,3,,,2025-05-22 16:58:50
9171,5,420,2023-12-09,11:15:00,,4,,2025-05-22 16:58:50
9172,5,211,2024-09-03,10:15:00,,5,,2025-05-22 16:58:50
9173,2,483,2024-12-29,14:45:00,43,4,,2025-05-22 16:58:50
9174,4,422,2024-10-08,11:30:00,,4,,2025-05-22 16:58:50
9175,4,157,2024-06-05,14:30:00,,,,2025-05-22 16:58:50
9176,3,823,2024-06-15,12:00:00,,5,,2025-05-22 16:58:50
9177,7,557,2024-05-29,15:15:00,,,,2025-05-22 16:58:50
9178,9,796,2024-11-18,10:00:00,,,停车不太方便。,2025-05-22 16:58:50
9179,8,885,2023-10-27,09:45:00,,5,,2025-05-22 16:58:50
9180,7,161,2023-12-07,14:15:00,,,,2025-05-22 16:58:50
9181,3,796,2024-07-24,11:30:00,,,,2025-05-22 16:58:50
9182,2,865,2024-07-12,11:30:00,,5,,2025-05-22 16:58:50
9183,3,505,2024-11-14,09:00:00,,4,,2025-05-22 16:58:50
9184,9,634,2024-03-22,12:45:00,,3,整体还不错，但有提升空间。,2025-05-22 16:58:50
9185,1,948,2024-04-12,13:45:00,,4,,2025-05-22 16:58:50
9186,8,782,2025-05-21,15:00:00,,,,2025-05-22 16:58:50
9187,1,679,2023-09-10,11:15:00,,,,2025-05-22 16:58:50
9188,4,290,2025-05-20,09:00:00,,4,,2025-05-22 16:58:50
9189,8,549,2024-04-16,16:30:00,,4,,2025-05-22 16:58:50
9190,4,76,2023-10-02,10:45:00,,3,,2025-05-22 16:58:50
9191,5,329,2024-07-09,10:00:00,,,,2025-05-22 16:58:50
9192,4,387,2023-12-05,10:30:00,,5,,2025-05-22 16:58:50
9193,1,648,2024-07-14,09:30:00,,,,2025-05-22 16:58:50
9194,8,995,2023-06-17,14:45:00,,,,2025-05-22 16:58:50
9195,4,171,2024-05-01,12:00:00,,5,讲解员专业知识丰富，讲解生动。,2025-05-22 16:58:50
9196,4,514,2024-02-05,11:45:00,,4,,2025-05-22 16:58:50
9197,10,1000,2024-12-01,13:15:00,,5,,2025-05-22 16:58:50
9198,5,454,2023-10-07,13:45:00,,3,,2025-05-22 16:58:50
9199,5,661,2025-03-26,12:00:00,,4,,2025-05-22 16:58:50
9200,4,68,2024-04-19,09:30:00,,4,,2025-05-22 16:58:50
9201,6,170,2024-03-17,13:30:00,,5,,2025-05-22 16:58:50
9202,2,15,2024-07-29,14:45:00,,4,很适合带孩子来参观学习。,2025-05-22 16:58:50
9203,1,838,2023-11-20,09:15:00,,4,,2025-05-22 16:58:50
9204,6,611,2023-08-07,14:45:00,,3,,2025-05-22 16:58:50
9205,8,926,2023-12-10,13:00:00,,4,,2025-05-22 16:58:50
9206,1,544,2025-01-16,11:30:00,,4,,2025-05-22 16:58:50
9207,3,63,2024-01-30,11:30:00,,3,,2025-05-22 16:58:50
9208,2,108,2025-03-17,13:30:00,,,,2025-05-22 16:58:50
9209,7,361,2024-08-12,15:15:00,,4,,2025-05-22 16:58:50
9210,9,732,2024-09-30,12:45:00,,,,2025-05-22 16:58:50
9211,6,86,2024-03-27,14:15:00,,5,,2025-05-22 16:58:50
9212,2,872,2023-11-12,11:45:00,,,,2025-05-22 16:58:50
9213,1,326,2024-08-15,16:30:00,,,,2025-05-22 16:58:50
9214,5,670,2023-10-09,11:00:00,,4,,2025-05-22 16:58:50
9215,6,930,2023-08-19,10:45:00,,,,2025-05-22 16:58:50
9216,6,39,2025-04-13,16:30:00,,,,2025-05-22 16:58:50
9217,7,211,2025-01-13,11:45:00,,,,2025-05-22 16:58:50
9218,2,294,2025-04-14,15:15:00,,5,,2025-05-22 16:58:50
9219,5,5,2025-02-06,14:00:00,,,建议增加外语讲解服务。,2025-05-22 16:58:50
9220,2,784,2024-07-18,10:45:00,,3,部分展区很精彩，部分展区一般。,2025-05-22 16:58:50
9221,6,719,2024-04-04,15:30:00,,,,2025-05-22 16:58:50
9222,4,154,2024-10-18,11:00:00,,,,2025-05-22 16:58:50
9223,3,928,2023-11-01,16:00:00,,,,2025-05-22 16:58:50
9224,2,892,2023-11-22,14:00:00,,,,2025-05-22 16:58:50
9225,2,534,2023-12-01,15:30:00,,5,,2025-05-22 16:58:50
9226,4,736,2025-04-06,15:00:00,,5,,2025-05-22 16:58:50
9227,1,106,2023-10-21,15:00:00,,4,,2025-05-22 16:58:50
9228,4,733,2024-12-29,14:00:00,49,3,,2025-05-22 16:58:50
9229,3,729,2025-02-12,13:30:00,,5,交通便利，设施完善。,2025-05-22 16:58:50
9230,2,628,2024-07-16,13:30:00,,5,,2025-05-22 16:58:50
9231,5,441,2023-11-29,13:00:00,,,,2025-05-22 16:58:50
9232,4,665,2024-01-29,15:30:00,,,,2025-05-22 16:58:50
9233,5,371,2024-03-08,09:30:00,,,,2025-05-22 16:58:50
9234,5,442,2024-10-14,14:15:00,,3,,2025-05-22 16:58:50
9235,4,967,2024-05-25,14:30:00,,,,2025-05-22 16:58:50
9236,4,187,2024-06-08,15:15:00,,4,,2025-05-22 16:58:50
9237,5,242,2023-11-20,12:15:00,,3,,2025-05-22 16:58:50
9238,2,311,2025-03-18,12:30:00,,3,,2025-05-22 16:58:50
9239,4,552,2025-05-14,09:15:00,,,,2025-05-22 16:58:50
9240,3,237,2024-01-05,16:00:00,,3,,2025-05-22 16:58:50
9241,4,196,2024-11-20,16:00:00,,5,,2025-05-22 16:58:50
9242,5,89,2023-12-27,09:45:00,,,,2025-05-22 16:58:50
9243,1,715,2024-08-24,11:15:00,,4,,2025-05-22 16:58:50
9244,6,494,2024-07-15,11:00:00,29,,,2025-05-22 16:58:50
9245,2,804,2024-06-01,14:45:00,,4,,2025-05-22 16:58:50
9246,7,9,2024-06-10,09:30:00,,4,活动组织得很好，环境舒适。,2025-05-22 16:58:50
9247,1,383,2024-04-21,12:00:00,,4,,2025-05-22 16:58:50
9248,5,6,2024-08-06,15:00:00,,3,,2025-05-22 16:58:50
9249,2,523,2023-10-24,14:30:00,,,,2025-05-22 16:58:50
9250,9,26,2025-04-13,15:30:00,,4,活动组织得很好，环境舒适。,2025-05-22 16:58:50
9251,5,587,2025-01-07,09:00:00,,,,2025-05-22 16:58:50
9252,9,935,2023-06-19,13:30:00,,4,,2025-05-22 16:58:50
9253,6,19,2024-05-06,12:00:00,,,部分展区很精彩，部分展区一般。,2025-05-22 16:58:50
9254,1,992,2023-12-19,14:30:00,,,,2025-05-22 16:58:50
9255,8,135,2024-11-28,12:30:00,,3,,2025-05-22 16:58:50
9256,8,747,2025-02-15,11:45:00,,4,,2025-05-22 16:58:50
9257,8,998,2025-04-30,11:45:00,,3,,2025-05-22 16:58:50
9258,9,56,2025-02-06,15:15:00,,4,交通便利，设施完善。,2025-05-22 16:58:50
9259,2,467,2025-01-24,13:30:00,,3,,2025-05-22 16:58:50
9260,2,309,2024-09-04,16:45:00,,,,2025-05-22 16:58:50
9261,6,431,2024-05-26,14:45:00,,,,2025-05-22 16:58:50
9262,8,495,2024-08-21,13:30:00,,,停车不太方便。,2025-05-22 16:58:50
9263,7,672,2025-05-01,10:30:00,3,5,,2025-05-22 16:58:50
9264,9,999,2023-07-17,09:15:00,,3,,2025-05-22 16:58:50
9265,11,714,2024-11-05,10:15:00,,5,,2025-05-22 16:58:50
9266,9,939,2023-07-19,15:00:00,,,,2025-05-22 16:58:50
9267,2,716,2023-06-16,12:45:00,,5,,2025-05-22 16:58:50
9268,5,88,2024-09-03,10:45:00,,5,,2025-05-22 16:58:50
9269,3,291,2025-03-27,13:30:00,,,,2025-05-22 16:58:50
9270,4,973,2025-03-20,14:00:00,,,,2025-05-22 16:58:50
9271,10,181,2024-08-26,13:45:00,,5,交通便利，设施完善。,2025-05-22 16:58:50
9272,7,481,2023-12-20,11:15:00,,4,,2025-05-22 16:58:50
9273,11,525,2024-10-01,14:15:00,,5,,2025-05-22 16:58:50
9274,5,579,2024-12-11,10:15:00,,,,2025-05-22 16:58:50
9275,7,328,2024-09-22,13:30:00,,4,,2025-05-22 16:58:50
9276,6,836,2025-01-15,10:00:00,,4,,2025-05-22 16:58:50
9277,4,603,2023-12-15,13:30:00,,,,2025-05-22 16:58:50
9278,5,2,2023-09-17,15:45:00,,,,2025-05-22 16:58:50
9279,4,829,2024-02-16,09:45:00,,3,,2025-05-22 16:58:50
9280,3,411,2025-01-22,15:45:00,,3,,2025-05-22 16:58:50
9281,3,471,2023-12-04,14:30:00,,,,2025-05-22 16:58:50
9282,9,347,2024-04-12,16:00:00,,4,,2025-05-22 16:58:50
9283,4,297,2024-10-31,14:30:00,,4,展览内容非常丰富，很有教育意义。,2025-05-22 16:58:50
9284,6,268,2025-02-21,15:15:00,,,,2025-05-22 16:58:50
9285,3,183,2024-05-11,16:30:00,,,整体还不错，但有提升空间。,2025-05-22 16:58:50
9286,1,899,2024-12-08,14:15:00,,,,2025-05-22 16:58:50
9287,3,708,2024-10-13,10:15:00,,3,,2025-05-22 16:58:50
9288,8,465,2024-11-05,10:45:00,,,,2025-05-22 16:58:50
9289,4,818,2024-07-08,10:15:00,,4,交通便利，设施完善。,2025-05-22 16:58:50
9290,7,779,2023-06-22,16:30:00,,3,,2025-05-22 16:58:50
9291,3,644,2025-02-19,10:00:00,,3,希望能增加互动性的展品。,2025-05-22 16:58:50
9292,6,169,2024-12-23,10:45:00,,3,,2025-05-22 16:58:50
9293,8,397,2023-08-01,13:15:00,,4,,2025-05-22 16:58:50
9294,3,673,2025-01-09,10:00:00,,3,,2025-05-22 16:58:50
9295,9,741,2024-02-01,09:30:00,,3,,2025-05-22 16:58:50
9296,6,341,2025-04-24,15:30:00,,,,2025-05-22 16:58:50
9297,9,557,2024-10-06,09:15:00,,3,,2025-05-22 16:58:50
9298,5,159,2024-06-26,13:15:00,,3,,2025-05-22 16:58:50
9299,4,134,2024-05-24,09:00:00,,4,,2025-05-22 16:58:50
9300,1,22,2024-04-28,12:15:00,,,,2025-05-22 16:58:50
9301,11,863,2025-05-21,15:45:00,,5,,2025-05-22 16:58:50
9302,3,791,2025-03-12,16:45:00,,,,2025-05-22 16:58:50
9303,7,846,2024-06-04,09:15:00,,5,,2025-05-22 16:58:50
9304,8,415,2024-08-01,13:45:00,,,,2025-05-22 16:58:50
9305,5,954,2023-06-11,15:00:00,,,,2025-05-22 16:58:50
9306,9,607,2023-07-25,12:00:00,,3,,2025-05-22 16:58:50
9307,1,268,2024-05-21,11:45:00,,5,,2025-05-22 16:58:50
9308,5,939,2024-12-29,16:30:00,,,,2025-05-22 16:58:50
9309,8,495,2024-01-08,12:45:00,,5,,2025-05-22 16:58:50
9310,3,243,2025-05-07,09:30:00,,3,,2025-05-22 16:58:50
9311,2,91,2024-12-23,16:30:00,,4,,2025-05-22 16:58:50
9312,3,316,2024-10-14,15:45:00,,,,2025-05-22 16:58:50
9313,5,1001,2025-02-12,11:30:00,,,,2025-05-22 16:58:50
9314,1,229,2023-06-22,09:00:00,,3,建议增加外语讲解服务。,2025-05-22 16:58:50
9315,8,163,2024-09-09,16:00:00,,,,2025-05-22 16:58:50
9316,9,272,2025-04-02,09:00:00,,4,,2025-05-22 16:58:50
9317,11,327,2025-01-24,16:30:00,,5,展览内容非常丰富，很有教育意义。,2025-05-22 16:58:50
9318,1,819,2023-11-20,11:15:00,,3,,2025-05-22 16:58:50
9319,9,350,2024-08-10,16:00:00,,5,,2025-05-22 16:58:50
9320,3,672,2023-11-10,12:45:00,,3,,2025-05-22 16:58:50
9321,1,185,2024-11-18,10:45:00,,,,2025-05-22 16:58:50
9322,3,87,2024-09-08,12:00:00,,5,,2025-05-22 16:58:50
9323,1,718,2025-03-30,09:15:00,,5,,2025-05-22 16:58:50
9324,11,507,2025-03-18,14:15:00,,,,2025-05-22 16:58:50
9325,2,967,2024-10-16,15:30:00,,,,2025-05-22 16:58:50
9326,3,772,2025-01-05,11:15:00,,5,,2025-05-22 16:58:50
9327,9,202,2023-11-17,15:00:00,,,,2025-05-22 16:58:50
9328,2,594,2025-04-21,10:30:00,,3,,2025-05-22 16:58:50
9329,1,78,2023-10-12,09:45:00,,5,,2025-05-22 16:58:50
9330,1,28,2024-12-01,12:45:00,,,,2025-05-22 16:58:50
9331,5,906,2023-05-24,09:45:00,,3,,2025-05-22 16:58:50
9332,4,251,2024-02-15,16:00:00,,,,2025-05-22 16:58:50
9333,2,868,2023-06-10,10:00:00,,,,2025-05-22 16:58:50
9334,6,238,2023-06-01,11:15:00,,,,2025-05-22 16:58:50
9335,4,174,2025-04-15,16:00:00,,,希望能增加互动性的展品。,2025-05-22 16:58:50
9336,9,859,2024-07-10,14:30:00,23,4,,2025-05-22 16:58:50
9337,3,747,2024-09-07,16:00:00,,,,2025-05-22 16:58:50
9338,9,283,2024-09-07,13:00:00,,4,,2025-05-22 16:58:50
9339,6,400,2023-09-03,16:45:00,,4,,2025-05-22 16:58:50
9340,11,355,2024-07-16,12:30:00,,3,,2025-05-22 16:58:50
9341,11,729,2024-07-01,10:30:00,,5,,2025-05-22 16:58:50
9342,11,460,2024-09-26,14:15:00,,,,2025-05-22 16:58:50
9343,7,58,2025-01-20,09:45:00,,4,,2025-05-22 16:58:50
9344,11,450,2024-09-16,16:30:00,,3,,2025-05-22 16:58:50
9345,1,350,2024-01-17,11:45:00,,3,建议增加外语讲解服务。,2025-05-22 16:58:50
9346,11,814,2025-02-06,12:45:00,,4,,2025-05-22 16:58:50
9347,8,274,2024-08-03,09:00:00,,3,,2025-05-22 16:58:50
9348,6,357,2025-01-12,13:00:00,,,,2025-05-22 16:58:50
9349,8,309,2025-04-15,16:30:00,,,,2025-05-22 16:58:50
9350,1,442,2023-08-18,09:15:00,,,,2025-05-22 16:58:50
9351,2,699,2023-10-25,09:00:00,,3,,2025-05-22 16:58:50
9352,7,909,2025-03-20,13:15:00,3,4,,2025-05-22 16:58:50
9353,11,965,2024-09-27,10:15:00,,,,2025-05-22 16:58:50
9354,6,278,2024-04-11,10:45:00,,3,,2025-05-22 16:58:50
9355,3,995,2024-11-20,09:45:00,,,,2025-05-22 16:58:50
9356,3,916,2025-05-04,09:30:00,,3,,2025-05-22 16:58:50
9357,5,762,2025-03-20,14:45:00,,4,,2025-05-22 16:58:50
9358,4,780,2023-12-12,14:45:00,,,,2025-05-22 16:58:50
9359,5,925,2024-11-27,12:30:00,,,,2025-05-22 16:58:50
9360,8,324,2024-08-03,13:45:00,,5,,2025-05-22 16:58:50
9361,6,336,2024-01-26,11:45:00,,,,2025-05-22 16:58:50
9362,8,20,2023-06-16,12:45:00,,3,,2025-05-22 16:58:50
9363,7,695,2023-10-14,14:45:00,,,,2025-05-22 16:58:50
9364,6,731,2025-01-13,12:45:00,,3,,2025-05-22 16:58:50
9365,2,535,2025-01-07,15:45:00,,4,,2025-05-22 16:58:50
9366,7,285,2024-09-05,13:30:00,,5,,2025-05-22 16:58:50
9367,6,384,2023-06-12,14:30:00,,5,展览内容非常丰富，很有教育意义。,2025-05-22 16:58:50
9368,7,422,2024-12-17,15:00:00,,5,很适合带孩子来参观学习。,2025-05-22 16:58:50
9369,2,174,2024-04-27,09:45:00,,4,,2025-05-22 16:58:50
9370,1,950,2024-06-06,09:30:00,,4,,2025-05-22 16:58:50
9371,5,972,2024-12-24,14:30:00,,,整体还不错，但有提升空间。,2025-05-22 16:58:50
9372,6,689,2025-05-22,13:00:00,,5,,2025-05-22 16:58:50
9373,1,941,2025-04-23,15:30:00,,3,,2025-05-22 16:58:50
9374,9,359,2024-02-17,15:00:00,,,,2025-05-22 16:58:50
9375,9,382,2023-10-06,10:00:00,,3,,2025-05-22 16:58:50
9376,10,800,2023-12-25,12:30:00,,5,,2025-05-22 16:58:50
9377,5,315,2024-02-23,16:30:00,,3,,2025-05-22 16:58:50
9378,2,612,2024-01-14,16:15:00,,3,停车不太方便。,2025-05-22 16:58:50
9379,3,892,2024-07-23,09:45:00,,,希望能增加互动性的展品。,2025-05-22 16:58:50
9380,11,968,2023-06-02,14:30:00,,5,很适合带孩子来参观学习。,2025-05-22 16:58:50
9381,1,685,2025-02-28,16:30:00,,,,2025-05-22 16:58:50
9382,9,889,2023-07-29,12:45:00,,,,2025-05-22 16:58:50
9383,1,36,2024-07-16,13:00:00,,5,,2025-05-22 16:58:50
9384,8,401,2025-02-02,16:45:00,,,,2025-05-22 16:58:50
9385,2,449,2023-12-03,14:30:00,,4,,2025-05-22 16:58:50
9386,3,485,2024-07-09,09:15:00,,5,,2025-05-22 16:58:50
9387,8,137,2023-12-12,09:15:00,,,建议增加外语讲解服务。,2025-05-22 16:58:50
9388,8,247,2024-09-11,15:15:00,,4,,2025-05-22 16:58:50
9389,6,852,2025-03-30,14:15:00,,3,,2025-05-22 16:58:50
9390,9,690,2024-02-21,16:15:00,,4,很适合带孩子来参观学习。,2025-05-22 16:58:50
9391,4,210,2023-06-13,12:00:00,,5,,2025-05-22 16:58:50
9392,3,478,2024-12-13,10:15:00,,3,,2025-05-22 16:58:50
9393,6,376,2024-08-02,16:45:00,,3,,2025-05-22 16:58:50
9394,4,286,2023-06-19,16:45:00,,,,2025-05-22 16:58:50
9395,6,17,2023-09-08,12:00:00,,4,,2025-05-22 16:58:50
9396,7,171,2024-11-07,12:15:00,,,整体还不错，但有提升空间。,2025-05-22 16:58:50
9397,9,755,2024-08-21,16:15:00,,4,,2025-05-22 16:58:50
9398,1,537,2023-09-27,14:00:00,,,,2025-05-22 16:58:50
9399,3,928,2024-04-11,09:30:00,,,,2025-05-22 16:58:50
9400,7,185,2024-04-19,16:15:00,,3,,2025-05-22 16:58:50
9401,3,534,2024-11-08,11:15:00,,,,2025-05-22 16:58:50
9402,8,123,2024-11-08,15:00:00,,3,,2025-05-22 16:58:50
9403,8,377,2025-01-31,16:00:00,,,整体还不错，但有提升空间。,2025-05-22 16:58:50
9404,8,39,2025-03-16,09:30:00,,4,,2025-05-22 16:58:50
9405,4,207,2024-11-07,12:30:00,,,,2025-05-22 16:58:50
9406,9,676,2023-05-27,12:45:00,,,,2025-05-22 16:58:50
9407,7,790,2023-10-10,10:15:00,,,,2025-05-22 16:58:50
9408,5,995,2024-08-05,14:30:00,,,希望能增加互动性的展品。,2025-05-22 16:58:50
9409,11,945,2025-02-23,11:15:00,,4,展览内容非常丰富，很有教育意义。,2025-05-22 16:58:50
9410,11,47,2023-12-29,16:15:00,,4,,2025-05-22 16:58:50
9411,5,8,2024-07-16,11:00:00,,,,2025-05-22 16:58:50
9412,1,364,2023-11-16,13:00:00,,4,,2025-05-22 16:58:50
9413,3,679,2024-10-02,11:15:00,,5,,2025-05-22 16:58:50
9414,11,297,2023-09-17,11:45:00,,5,,2025-05-22 16:58:50
9415,1,694,2025-04-14,14:15:00,,,,2025-05-22 16:58:50
9416,4,666,2024-12-24,16:15:00,49,,,2025-05-22 16:58:50
9417,2,126,2024-01-08,09:45:00,,,,2025-05-22 16:58:50
9418,4,47,2025-03-23,14:00:00,,5,展览内容非常丰富，很有教育意义。,2025-05-22 16:58:50
9419,5,145,2024-03-17,14:15:00,,3,,2025-05-22 16:58:50
9420,3,403,2023-07-22,12:00:00,,,,2025-05-22 16:58:50
9421,7,991,2025-02-13,15:45:00,,,,2025-05-22 16:58:50
9422,5,950,2024-02-21,12:15:00,,,,2025-05-22 16:58:50
9423,5,331,2024-05-24,10:45:00,,,,2025-05-22 16:58:50
9424,5,272,2024-09-25,15:00:00,,,希望能增加互动性的展品。,2025-05-22 16:58:50
9425,2,68,2024-03-19,12:00:00,,3,,2025-05-22 16:58:50
9426,4,792,2023-07-18,14:45:00,,3,,2025-05-22 16:58:50
9427,2,545,2024-06-05,14:15:00,,3,部分展区很精彩，部分展区一般。,2025-05-22 16:58:50
9428,9,631,2025-03-31,10:00:00,,4,,2025-05-22 16:58:50
9429,6,420,2025-01-07,15:00:00,,,希望能增加互动性的展品。,2025-05-22 16:58:50
9430,5,771,2024-12-24,16:30:00,,3,,2025-05-22 16:58:50
9431,2,639,2024-07-23,09:15:00,,3,,2025-05-22 16:58:50
9432,2,49,2025-04-28,16:30:00,,,希望能增加互动性的展品。,2025-05-22 16:58:50
9433,7,921,2024-11-09,16:30:00,,,,2025-05-22 16:58:50
9434,5,814,2023-12-01,10:00:00,,,部分展区很精彩，部分展区一般。,2025-05-22 16:58:50
9435,1,156,2023-12-18,16:30:00,,,,2025-05-22 16:58:50
9436,8,295,2024-08-06,16:00:00,,,,2025-05-22 16:58:50
9437,8,211,2023-07-01,16:30:00,,,,2025-05-22 16:58:50
9438,11,248,2023-06-18,11:45:00,,3,,2025-05-22 16:58:50
9439,3,906,2023-09-16,10:30:00,,,整体还不错，但有提升空间。,2025-05-22 16:58:50
9440,1,703,2024-10-09,12:00:00,,,,2025-05-22 16:58:50
9441,3,553,2025-01-21,13:45:00,,5,交通便利，设施完善。,2025-05-22 16:58:50
9442,9,790,2024-07-30,11:15:00,,4,,2025-05-22 16:58:50
9443,1,178,2025-03-24,10:30:00,,,,2025-05-22 16:58:50
9444,7,95,2023-12-27,15:00:00,,5,讲解员专业知识丰富，讲解生动。,2025-05-22 16:58:50
9445,10,386,2024-09-15,12:00:00,,,,2025-05-22 16:58:50
9446,5,681,2024-06-14,11:45:00,,,,2025-05-22 16:58:50
9447,7,154,2024-07-03,15:00:00,,5,展览内容非常丰富，很有教育意义。,2025-05-22 16:58:50
9448,5,116,2024-12-29,10:00:00,,4,讲解员专业知识丰富，讲解生动。,2025-05-22 16:58:50
9449,4,685,2023-11-21,11:30:00,,5,,2025-05-22 16:58:50
9450,2,601,2023-09-25,14:00:00,,4,很适合带孩子来参观学习。,2025-05-22 16:58:50
9451,2,171,2024-12-02,10:15:00,,4,,2025-05-22 16:58:50
9452,5,309,2023-12-14,16:15:00,,3,,2025-05-22 16:58:50
9453,1,984,2024-07-27,11:00:00,,4,,2025-05-22 16:58:50
9454,10,870,2024-08-14,16:30:00,,5,,2025-05-22 16:58:50
9455,1,574,2023-06-02,09:30:00,,3,,2025-05-22 16:58:50
9456,3,960,2023-06-05,13:00:00,,5,,2025-05-22 16:58:50
9457,4,822,2024-03-17,10:45:00,,3,,2025-05-22 16:58:50
9458,1,603,2025-03-18,15:45:00,,,,2025-05-22 16:58:50
9459,3,992,2024-12-24,11:45:00,,4,,2025-05-22 16:58:50
9460,4,332,2024-12-07,15:45:00,,,部分展区很精彩，部分展区一般。,2025-05-22 16:58:50
9461,11,791,2024-07-10,11:00:00,,,,2025-05-22 16:58:50
9462,8,128,2024-03-07,09:15:00,,,,2025-05-22 16:58:50
9463,2,642,2024-09-22,15:30:00,,,,2025-05-22 16:58:50
9464,8,932,2025-01-08,15:45:00,,,,2025-05-22 16:58:50
9465,10,281,2023-12-07,14:30:00,,5,,2025-05-22 16:58:50
9466,6,886,2024-03-29,14:45:00,,,,2025-05-22 16:58:50
9467,4,19,2024-10-05,09:00:00,,,,2025-05-22 16:58:50
9468,11,515,2023-12-30,16:45:00,,5,,2025-05-22 16:58:50
9469,3,503,2025-02-01,14:45:00,,4,展览内容非常丰富，很有教育意义。,2025-05-22 16:58:50
9470,6,257,2025-03-12,10:30:00,,5,,2025-05-22 16:58:50
9471,9,869,2024-08-07,10:30:00,,4,,2025-05-22 16:58:50
9472,6,233,2023-07-17,10:30:00,,4,,2025-05-22 16:58:50
9473,1,353,2025-04-24,13:15:00,,3,,2025-05-22 16:58:50
9474,4,858,2024-05-28,14:00:00,,5,,2025-05-22 16:58:50
9475,8,161,2024-08-19,09:45:00,39,4,,2025-05-22 16:58:50
9476,3,166,2024-08-10,16:00:00,,4,很适合带孩子来参观学习。,2025-05-22 16:58:50
9477,5,856,2024-08-11,16:45:00,,4,,2025-05-22 16:58:50
9478,1,285,2024-07-05,09:45:00,,,整体还不错，但有提升空间。,2025-05-22 16:58:50
9479,7,516,2024-04-13,09:45:00,,,,2025-05-22 16:58:50
9480,2,37,2023-08-28,10:45:00,,,,2025-05-22 16:58:50
9481,6,632,2025-02-12,12:00:00,,5,,2025-05-22 16:58:50
9482,4,707,2023-07-01,10:15:00,,4,,2025-05-22 16:58:50
9483,6,979,2024-05-25,09:15:00,,5,,2025-05-22 16:58:50
9484,2,608,2025-03-05,12:30:00,,,,2025-05-22 16:58:50
9485,7,442,2024-07-08,15:45:00,,4,,2025-05-22 16:58:50
9486,5,17,2024-08-07,10:30:00,,5,活动组织得很好，环境舒适。,2025-05-22 16:58:50
9487,5,776,2025-01-07,13:45:00,,4,讲解员专业知识丰富，讲解生动。,2025-05-22 16:58:50
9488,2,370,2024-06-13,12:00:00,,,,2025-05-22 16:58:50
9489,7,270,2024-09-16,11:00:00,,3,,2025-05-22 16:58:50
9490,2,679,2024-06-22,10:00:00,,3,,2025-05-22 16:58:50
9491,6,69,2024-07-25,09:00:00,29,4,,2025-05-22 16:58:50
9492,2,365,2025-03-17,10:45:00,,,部分展区很精彩，部分展区一般。,2025-05-22 16:58:50
9493,9,167,2024-07-31,11:15:00,,,整体还不错，但有提升空间。,2025-05-22 16:58:50
9494,11,836,2024-08-23,11:45:00,,4,,2025-05-22 16:58:50
9495,7,287,2024-04-06,12:45:00,,4,讲解员专业知识丰富，讲解生动。,2025-05-22 16:58:50
9496,7,529,2023-10-01,11:00:00,,5,,2025-05-22 16:58:50
9497,7,761,2025-02-23,09:00:00,,,,2025-05-22 16:58:50
9498,9,935,2024-09-18,14:45:00,,3,,2025-05-22 16:58:50
9499,3,389,2023-10-15,15:30:00,,5,,2025-05-22 16:58:50
9500,6,1001,2024-10-15,16:00:00,,,,2025-05-22 16:58:50
9501,10,966,2024-11-27,13:00:00,,5,,2025-05-22 16:58:50
9502,3,327,2024-08-07,14:45:00,,,,2025-05-22 16:58:50
9503,4,872,2024-07-15,14:30:00,,5,,2025-05-22 16:58:50
9504,3,908,2023-09-01,16:45:00,,5,,2025-05-22 16:58:50
9505,4,139,2024-08-28,16:30:00,,,,2025-05-22 16:58:50
9506,9,584,2024-06-11,11:00:00,,4,,2025-05-22 16:58:50
9507,11,168,2024-03-19,10:00:00,,3,,2025-05-22 16:58:50
9508,5,953,2024-08-07,10:45:00,,,,2025-05-22 16:58:50
9509,5,522,2023-10-07,12:00:00,,3,,2025-05-22 16:58:50
9510,8,896,2025-05-22,11:45:00,,4,,2025-05-22 16:58:50
9511,9,905,2025-02-22,15:00:00,,3,,2025-05-22 16:58:50
9512,3,591,2024-06-11,09:00:00,,4,,2025-05-22 16:58:50
9513,9,453,2023-12-03,10:45:00,,5,展览内容非常丰富，很有教育意义。,2025-05-22 16:58:50
9514,2,205,2024-04-25,11:30:00,,,,2025-05-22 16:58:50
9515,6,78,2025-02-04,10:00:00,,5,,2025-05-22 16:58:50
9516,3,217,2025-05-12,16:00:00,,4,,2025-05-22 16:58:50
9517,2,867,2023-11-21,10:00:00,,5,讲解员专业知识丰富，讲解生动。,2025-05-22 16:58:50
9518,8,122,2025-03-14,14:30:00,,5,,2025-05-22 16:58:50
9519,1,6,2025-05-15,09:00:00,,3,,2025-05-22 16:58:50
9520,10,687,2024-06-29,14:30:00,,,,2025-05-22 16:58:50
9521,4,558,2024-05-29,10:45:00,,3,,2025-05-22 16:58:50
9522,6,107,2024-07-30,11:45:00,,4,,2025-05-22 16:58:50
9523,9,506,2025-02-09,14:15:00,,4,,2025-05-22 16:58:50
9524,4,599,2024-10-05,09:00:00,,4,,2025-05-22 16:58:50
9525,7,353,2023-06-29,14:30:00,,3,,2025-05-22 16:58:50
9526,11,586,2024-05-08,15:45:00,,5,,2025-05-22 16:58:50
9527,4,385,2023-08-27,14:00:00,,,,2025-05-22 16:58:50
9528,1,684,2023-11-29,09:45:00,,,,2025-05-22 16:58:50
9529,8,132,2025-01-31,14:00:00,,,,2025-05-22 16:58:50
9530,4,773,2025-03-18,14:15:00,,,,2025-05-22 16:58:50
9531,8,596,2024-08-29,12:15:00,,,,2025-05-22 16:58:50
9532,8,161,2024-06-06,09:30:00,,,建议增加外语讲解服务。,2025-05-22 16:58:50
9533,8,563,2025-03-31,16:15:00,,5,,2025-05-22 16:58:50
9534,2,289,2024-01-28,15:30:00,,3,,2025-05-22 16:58:50
9535,3,744,2024-10-01,13:30:00,,5,交通便利，设施完善。,2025-05-22 16:58:50
9536,3,34,2024-10-02,16:30:00,,5,活动组织得很好，环境舒适。,2025-05-22 16:58:50
9537,3,177,2024-02-06,13:30:00,,,,2025-05-22 16:58:50
9538,11,510,2023-12-27,14:45:00,,,希望能增加互动性的展品。,2025-05-22 16:58:50
9539,2,518,2024-11-03,10:15:00,,3,,2025-05-22 16:58:50
9540,8,701,2023-11-21,09:00:00,,5,,2025-05-22 16:58:50
9541,4,902,2023-12-20,16:15:00,,,,2025-05-22 16:58:50
9542,11,250,2025-02-21,12:30:00,,,停车不太方便。,2025-05-22 16:58:50
9543,10,283,2023-10-26,14:45:00,,4,,2025-05-22 16:58:50
9544,2,41,2024-12-23,12:45:00,43,,希望能增加互动性的展品。,2025-05-22 16:58:50
9545,2,50,2024-07-06,14:45:00,,5,,2025-05-22 16:58:50
9546,2,1000,2024-01-06,15:00:00,,4,,2025-05-22 16:58:50
9547,6,541,2024-10-25,12:15:00,,,部分展区很精彩，部分展区一般。,2025-05-22 16:58:50
9548,4,139,2023-06-17,12:00:00,,,,2025-05-22 16:58:50
9549,6,636,2024-04-21,16:45:00,,,,2025-05-22 16:58:50
9550,7,448,2025-02-12,16:00:00,,,,2025-05-22 16:58:50
9551,4,194,2024-10-16,11:30:00,,4,活动组织得很好，环境舒适。,2025-05-22 16:58:50
9552,8,215,2024-07-20,10:30:00,,,,2025-05-22 16:58:50
9553,1,648,2024-11-12,16:45:00,,,,2025-05-22 16:58:50
9554,2,975,2024-06-28,16:30:00,,4,,2025-05-22 16:58:50
9555,7,100,2023-09-04,10:00:00,,,整体还不错，但有提升空间。,2025-05-22 16:58:50
9556,4,233,2025-05-03,10:30:00,,,,2025-05-22 16:58:50
9557,6,21,2025-02-12,11:00:00,,5,,2025-05-22 16:58:50
9558,8,740,2025-01-03,14:15:00,,,部分展区很精彩，部分展区一般。,2025-05-22 16:58:50
9559,2,861,2024-05-23,10:15:00,,,,2025-05-22 16:58:50
9560,5,341,2024-07-10,12:30:00,,5,,2025-05-22 16:58:50
9561,11,994,2024-08-09,12:30:00,,,部分展区很精彩，部分展区一般。,2025-05-22 16:58:50
9562,11,511,2025-04-25,16:30:00,,,,2025-05-22 16:58:50
9563,5,692,2023-09-20,14:45:00,,5,,2025-05-22 16:58:50
9564,2,748,2025-02-03,12:45:00,,5,,2025-05-22 16:58:50
9565,4,20,2023-09-09,15:15:00,,5,,2025-05-22 16:58:50
9566,5,916,2024-07-19,14:30:00,,,,2025-05-22 16:58:50
9567,2,619,2025-04-12,12:45:00,,4,,2025-05-22 16:58:50
9568,7,831,2024-09-09,09:30:00,,5,,2025-05-22 16:58:50
9569,4,627,2025-02-28,12:00:00,,5,交通便利，设施完善。,2025-05-22 16:58:50
9570,8,589,2024-11-18,09:15:00,,3,,2025-05-22 16:58:50
9571,10,264,2024-12-18,10:00:00,,,,2025-05-22 16:58:50
9572,2,170,2024-11-07,10:45:00,,5,,2025-05-22 16:58:50
9573,5,506,2025-03-29,13:30:00,,5,,2025-05-22 16:58:50
9574,7,409,2024-07-03,15:00:00,,3,,2025-05-22 16:58:50
9575,2,788,2025-01-18,15:00:00,,,,2025-05-22 16:58:50
9576,6,956,2024-07-12,16:00:00,,3,,2025-05-22 16:58:50
9577,3,670,2024-06-01,13:00:00,,5,,2025-05-22 16:58:50
9578,8,373,2025-03-23,16:30:00,,,整体还不错，但有提升空间。,2025-05-22 16:58:50
9579,4,473,2024-02-22,16:00:00,,,,2025-05-22 16:58:50
9580,11,617,2024-01-28,12:00:00,,,,2025-05-22 16:58:50
9581,1,515,2025-04-28,11:00:00,,5,,2025-05-22 16:58:50
9582,8,992,2024-06-04,09:15:00,,,,2025-05-22 16:58:50
9583,4,460,2024-12-12,09:30:00,,5,,2025-05-22 16:58:50
9584,5,893,2024-12-29,11:15:00,,4,交通便利，设施完善。,2025-05-22 16:58:50
9585,8,765,2024-04-10,15:30:00,,,,2025-05-22 16:58:50
9586,7,482,2025-03-24,09:45:00,3,3,,2025-05-22 16:58:50
9587,1,202,2024-12-21,11:30:00,,3,,2025-05-22 16:58:50
9588,11,176,2025-01-21,15:15:00,,3,希望能增加互动性的展品。,2025-05-22 16:58:50
9589,1,102,2024-07-23,13:30:00,,,希望能增加互动性的展品。,2025-05-22 16:58:50
9590,2,562,2025-02-03,10:15:00,,5,,2025-05-22 16:58:50
9591,7,422,2025-03-27,15:15:00,,3,,2025-05-22 16:58:50
9592,11,88,2023-07-03,10:45:00,,4,,2025-05-22 16:58:50
9593,2,403,2024-07-30,15:00:00,,,,2025-05-22 16:58:50
9594,2,91,2024-08-19,14:15:00,,,,2025-05-22 16:58:50
9595,2,349,2023-11-05,10:15:00,,,,2025-05-22 16:58:50
9596,4,529,2024-10-01,13:45:00,,,,2025-05-22 16:58:50
9597,11,673,2024-09-20,12:15:00,,,,2025-05-22 16:58:50
9598,2,839,2023-08-01,15:30:00,,5,,2025-05-22 16:58:50
9599,9,256,2023-09-11,10:00:00,,5,,2025-05-22 16:58:50
9600,10,866,2025-05-19,13:30:00,,4,,2025-05-22 16:58:50
9601,4,409,2024-06-08,13:45:00,,,建议增加外语讲解服务。,2025-05-22 16:58:50
9602,2,483,2024-08-26,09:00:00,,4,,2025-05-22 16:58:50
9603,11,756,2025-04-29,09:00:00,,,停车不太方便。,2025-05-22 16:58:50
9604,9,957,2023-07-13,10:15:00,,4,,2025-05-22 16:58:50
9605,5,647,2025-02-12,15:00:00,,5,,2025-05-22 16:58:50
9606,8,440,2024-11-05,09:00:00,,,,2025-05-22 16:58:50
9607,6,737,2024-05-23,13:45:00,,3,,2025-05-22 16:58:50
9608,2,879,2025-03-31,13:15:00,,5,,2025-05-22 16:58:50
9609,2,627,2025-04-04,12:30:00,,,,2025-05-22 16:58:50
9610,7,875,2024-10-03,14:30:00,,3,,2025-05-22 16:58:50
9611,6,774,2024-05-19,13:45:00,,,,2025-05-22 16:58:50
9612,9,728,2024-11-08,14:45:00,,,,2025-05-22 16:58:50
9613,11,525,2024-01-01,12:45:00,,,,2025-05-22 16:58:50
9614,4,880,2025-05-21,12:00:00,,,,2025-05-22 16:58:50
9615,7,548,2024-09-15,14:15:00,,,,2025-05-22 16:58:50
9616,3,597,2024-09-08,12:30:00,,,,2025-05-22 16:58:50
9617,6,470,2025-04-01,11:00:00,,5,,2025-05-22 16:58:50
9618,8,254,2025-03-26,15:30:00,,4,,2025-05-22 16:58:50
9619,10,131,2024-09-29,16:45:00,,,,2025-05-22 16:58:50
9620,6,867,2024-07-07,12:15:00,29,5,展览内容非常丰富，很有教育意义。,2025-05-22 16:58:50
9621,2,134,2024-01-21,13:30:00,,4,,2025-05-22 16:58:50
9622,1,600,2025-02-27,10:30:00,,3,,2025-05-22 16:58:50
9623,4,546,2024-07-01,12:30:00,,,,2025-05-22 16:58:50
9624,9,633,2024-06-15,13:30:00,,5,,2025-05-22 16:58:50
9625,8,346,2025-03-12,16:45:00,,5,,2025-05-22 16:58:50
9626,4,602,2023-07-15,11:45:00,,5,,2025-05-22 16:58:50
9627,6,752,2024-06-11,12:30:00,,4,,2025-05-22 16:58:50
9628,6,330,2024-04-26,15:30:00,,,,2025-05-22 16:58:50
9629,9,394,2023-09-23,14:00:00,,4,活动组织得很好，环境舒适。,2025-05-22 16:58:50
9630,1,73,2024-01-26,16:00:00,,3,,2025-05-22 16:58:50
9631,7,413,2024-05-23,14:45:00,,,停车不太方便。,2025-05-22 16:58:50
9632,5,242,2023-07-02,09:30:00,,3,,2025-05-22 16:58:50
9633,2,995,2025-01-31,14:00:00,,,,2025-05-22 16:58:50
9634,7,273,2024-11-06,11:00:00,,4,,2025-05-22 16:58:50
9635,8,3,2025-03-15,12:45:00,,,希望能增加互动性的展品。,2025-05-22 16:58:50
9636,10,563,2024-08-18,11:15:00,,3,,2025-05-22 16:58:50
9637,4,444,2024-08-11,15:15:00,,3,希望能增加互动性的展品。,2025-05-22 16:58:50
9638,8,544,2024-09-01,14:15:00,,,,2025-05-22 16:58:50
9639,5,986,2023-08-03,13:15:00,,5,,2025-05-22 16:58:50
9640,9,396,2025-01-06,11:30:00,,4,,2025-05-22 16:58:50
9641,7,922,2024-09-05,16:45:00,,,,2025-05-22 16:58:50
9642,2,485,2025-05-11,11:30:00,,4,,2025-05-22 16:58:50
9643,4,656,2024-12-16,15:15:00,,3,,2025-05-22 16:58:50
9644,7,149,2024-07-16,16:00:00,,4,交通便利，设施完善。,2025-05-22 16:58:50
9645,5,193,2024-08-24,16:30:00,,5,,2025-05-22 16:58:50
9646,2,262,2023-10-28,16:30:00,,5,,2025-05-22 16:58:50
9647,8,892,2025-03-21,13:30:00,,,,2025-05-22 16:58:50
9648,8,974,2024-12-09,16:30:00,,,,2025-05-22 16:58:50
9649,1,9,2023-07-04,11:15:00,,3,,2025-05-22 16:58:50
9650,6,696,2024-08-19,09:15:00,,5,,2025-05-22 16:58:50
9651,9,765,2024-06-29,15:15:00,23,4,讲解员专业知识丰富，讲解生动。,2025-05-22 16:58:50
9652,2,942,2024-07-12,11:30:00,,,,2025-05-22 16:58:50
9653,2,365,2024-05-16,13:00:00,,3,,2025-05-22 16:58:50
9654,9,978,2024-10-14,10:45:00,,5,,2025-05-22 16:58:50
9655,7,517,2024-11-01,11:15:00,,,,2025-05-22 16:58:50
9656,8,188,2023-05-24,14:00:00,,,停车不太方便。,2025-05-22 16:58:50
9657,2,340,2025-02-07,09:15:00,,5,,2025-05-22 16:58:50
9658,9,624,2024-08-26,15:15:00,23,5,,2025-05-22 16:58:50
9659,3,766,2024-11-29,15:15:00,,,,2025-05-22 16:58:50
9660,4,96,2023-11-29,14:00:00,,4,,2025-05-22 16:58:50
9661,8,81,2023-05-26,10:45:00,,5,,2025-05-22 16:58:50
9662,1,654,2024-06-22,10:00:00,,3,,2025-05-22 16:58:50
9663,9,841,2024-11-14,10:45:00,,5,,2025-05-22 16:58:50
9664,2,406,2023-09-13,15:15:00,,5,,2025-05-22 16:58:50
9665,1,743,2024-10-31,15:30:00,,4,,2025-05-22 16:58:50
9666,8,847,2024-06-06,15:45:00,,4,展览内容非常丰富，很有教育意义。,2025-05-22 16:58:50
9667,3,652,2024-06-01,13:00:00,,3,,2025-05-22 16:58:50
9668,5,879,2024-10-28,16:45:00,,4,,2025-05-22 16:58:50
9669,2,418,2025-01-02,15:30:00,,5,,2025-05-22 16:58:50
9670,6,855,2024-09-29,13:30:00,,5,,2025-05-22 16:58:50
9671,5,395,2023-06-06,14:45:00,,,整体还不错，但有提升空间。,2025-05-22 16:58:50
9672,3,529,2023-10-20,10:45:00,,5,,2025-05-22 16:58:50
9673,2,590,2023-10-11,14:00:00,,3,,2025-05-22 16:58:50
9674,4,866,2023-07-09,11:45:00,,,,2025-05-22 16:58:50
9675,9,725,2023-09-25,16:00:00,,5,,2025-05-22 16:58:50
9676,9,93,2024-04-30,09:30:00,,,,2025-05-22 16:58:50
9677,7,290,2024-05-02,13:15:00,,5,,2025-05-22 16:58:50
9678,11,273,2025-03-08,16:45:00,,,,2025-05-22 16:58:50
9679,7,423,2024-10-26,11:45:00,,,,2025-05-22 16:58:50
9680,2,439,2025-04-15,12:30:00,,3,,2025-05-22 16:58:50
9681,10,834,2025-01-24,09:45:00,,3,,2025-05-22 16:58:50
9682,1,144,2024-08-28,16:15:00,,,整体还不错，但有提升空间。,2025-05-22 16:58:50
9683,8,755,2024-09-06,09:45:00,,4,,2025-05-22 16:58:50
9684,8,25,2023-12-26,14:00:00,,3,部分展区很精彩，部分展区一般。,2025-05-22 16:58:50
9685,11,105,2023-12-07,16:00:00,,,,2025-05-22 16:58:50
9686,11,669,2023-12-11,11:15:00,,5,,2025-05-22 16:58:50
9687,10,802,2024-09-14,13:00:00,,,希望能增加互动性的展品。,2025-05-22 16:58:50
9688,1,364,2023-08-28,11:00:00,,5,交通便利，设施完善。,2025-05-22 16:58:50
9689,5,948,2024-03-20,11:30:00,,5,,2025-05-22 16:58:50
9690,8,433,2023-10-12,16:45:00,,5,讲解员专业知识丰富，讲解生动。,2025-05-22 16:58:50
9691,1,145,2024-05-27,09:00:00,,4,讲解员专业知识丰富，讲解生动。,2025-05-22 16:58:50
9692,5,623,2024-10-31,12:30:00,,4,很适合带孩子来参观学习。,2025-05-22 16:58:50
9693,7,536,2025-02-15,12:45:00,,4,,2025-05-22 16:58:50
9694,6,830,2023-09-23,13:15:00,,3,,2025-05-22 16:58:50
9695,9,610,2023-06-16,14:30:00,,3,整体还不错，但有提升空间。,2025-05-22 16:58:50
9696,4,753,2023-10-03,14:30:00,,3,整体还不错，但有提升空间。,2025-05-22 16:58:50
9697,9,647,2024-08-17,11:15:00,,3,,2025-05-22 16:58:50
9698,7,524,2024-08-01,11:30:00,,4,,2025-05-22 16:58:50
9699,4,99,2024-09-28,15:15:00,,5,,2025-05-22 16:58:50
9700,5,210,2024-05-09,11:00:00,,4,,2025-05-22 16:58:50
9701,8,950,2023-11-04,12:45:00,,3,,2025-05-22 16:58:50
9702,1,998,2025-01-27,10:45:00,,,,2025-05-22 16:58:50
9703,9,627,2024-02-27,15:30:00,,5,,2025-05-22 16:58:50
9704,1,249,2024-07-27,10:30:00,,,,2025-05-22 16:58:50
9705,3,420,2025-03-17,16:45:00,,3,,2025-05-22 16:58:50
9706,1,66,2023-12-26,13:15:00,,3,,2025-05-22 16:58:50
9707,8,471,2025-02-03,15:15:00,,,,2025-05-22 16:58:50
9708,10,708,2024-01-20,14:30:00,,,停车不太方便。,2025-05-22 16:58:50
9709,6,105,2024-10-08,10:00:00,,5,,2025-05-22 16:58:50
9710,3,463,2024-04-28,11:30:00,,3,,2025-05-22 16:58:50
9711,8,15,2024-10-16,12:00:00,,3,,2025-05-22 16:58:50
9712,11,812,2024-07-06,15:00:00,,4,,2025-05-22 16:58:50
9713,3,116,2025-02-16,11:45:00,,,,2025-05-22 16:58:50
9714,7,261,2024-02-07,10:15:00,,,,2025-05-22 16:58:50
9715,9,725,2024-10-05,13:30:00,,,,2025-05-22 16:58:50
9716,3,918,2023-09-17,14:00:00,,,,2025-05-22 16:58:50
9717,9,316,2024-06-30,16:30:00,23,,,2025-05-22 16:58:50
9718,9,466,2024-12-19,16:45:00,,3,整体还不错，但有提升空间。,2025-05-22 16:58:50
9719,9,36,2025-01-22,16:30:00,,3,,2025-05-22 16:58:50
9720,8,412,2024-09-05,10:45:00,,,,2025-05-22 16:58:50
9721,6,657,2023-08-12,12:45:00,,,,2025-05-22 16:58:50
9722,9,705,2025-04-24,15:15:00,,,,2025-05-22 16:58:50
9723,1,417,2025-04-24,09:15:00,,3,,2025-05-22 16:58:50
9724,1,970,2025-01-30,16:45:00,,3,整体还不错，但有提升空间。,2025-05-22 16:58:50
9725,8,431,2023-11-17,16:45:00,,4,,2025-05-22 16:58:50
9726,4,486,2024-12-22,14:00:00,,4,,2025-05-22 16:58:50
9727,1,308,2025-03-07,09:15:00,,,,2025-05-22 16:58:50
9728,9,343,2024-12-07,10:30:00,,5,,2025-05-22 16:58:50
9729,7,724,2024-03-07,14:45:00,,5,,2025-05-22 16:58:50
9730,3,824,2024-09-07,13:45:00,,,,2025-05-22 16:58:50
9731,8,124,2024-06-02,16:30:00,,5,,2025-05-22 16:58:50
9732,6,936,2024-12-09,12:00:00,,4,活动组织得很好，环境舒适。,2025-05-22 16:58:50
9733,5,553,2025-03-21,12:30:00,,3,,2025-05-22 16:58:50
9734,2,589,2025-02-15,11:15:00,,4,,2025-05-22 16:58:50
9735,2,298,2024-06-16,14:45:00,,,整体还不错，但有提升空间。,2025-05-22 16:58:50
9736,7,84,2024-07-18,13:45:00,,,建议增加外语讲解服务。,2025-05-22 16:58:50
9737,7,13,2024-08-31,12:00:00,,,,2025-05-22 16:58:50
9738,4,75,2025-02-05,09:00:00,,4,展览内容非常丰富，很有教育意义。,2025-05-22 16:58:50
9739,2,831,2023-08-08,12:30:00,,,,2025-05-22 16:58:50
9740,2,802,2023-06-03,09:00:00,,4,,2025-05-22 16:58:50
9741,9,268,2024-12-31,16:00:00,,,,2025-05-22 16:58:50
9742,5,415,2025-05-16,16:15:00,,4,讲解员专业知识丰富，讲解生动。,2025-05-22 16:58:50
9743,1,69,2024-09-19,13:30:00,,5,,2025-05-22 16:58:50
9744,8,885,2025-05-10,16:45:00,,3,,2025-05-22 16:58:50
9745,4,418,2024-11-23,11:00:00,,,,2025-05-22 16:58:50
9746,11,264,2024-08-24,14:45:00,,,希望能增加互动性的展品。,2025-05-22 16:58:50
9747,5,183,2024-04-19,16:30:00,,4,,2025-05-22 16:58:50
9748,2,978,2023-07-17,09:00:00,,4,,2025-05-22 16:58:50
9749,4,588,2024-03-17,11:00:00,,,,2025-05-22 16:58:50
9750,1,674,2024-12-21,10:15:00,,3,,2025-05-22 16:58:50
9751,1,973,2024-12-13,12:15:00,,5,,2025-05-22 16:58:50
9752,3,752,2025-05-02,12:45:00,,,部分展区很精彩，部分展区一般。,2025-05-22 16:58:50
9753,6,150,2025-04-27,09:45:00,,,,2025-05-22 16:58:50
9754,8,999,2024-07-30,13:15:00,,5,,2025-05-22 16:58:50
9755,8,746,2024-05-07,16:45:00,,4,,2025-05-22 16:58:50
9756,3,605,2024-09-06,15:30:00,,4,,2025-05-22 16:58:50
9757,8,937,2023-06-19,11:45:00,,4,,2025-05-22 16:58:50
9758,4,956,2024-11-10,09:15:00,,,,2025-05-22 16:58:50
9759,2,275,2025-02-25,11:00:00,,,希望能增加互动性的展品。,2025-05-22 16:58:50
9760,7,259,2024-07-27,11:45:00,,5,,2025-05-22 16:58:50
9761,1,337,2024-09-26,10:30:00,,4,,2025-05-22 16:58:50
9762,3,663,2024-12-30,13:30:00,,5,,2025-05-22 16:58:50
9763,4,760,2025-01-24,16:30:00,49,,,2025-05-22 16:58:50
9764,1,706,2024-10-08,09:45:00,,,,2025-05-22 16:58:50
9765,3,100,2023-05-30,15:00:00,,,,2025-05-22 16:58:50
9766,11,909,2024-07-03,12:45:00,,,,2025-05-22 16:58:50
9767,2,430,2023-09-01,16:45:00,,,,2025-05-22 16:58:50
9768,1,1000,2025-03-22,15:00:00,,4,,2025-05-22 16:58:50
9769,8,225,2025-05-03,09:00:00,,,,2025-05-22 16:58:50
9770,1,110,2023-05-30,10:30:00,,4,,2025-05-22 16:58:50
9771,6,919,2025-04-11,10:30:00,,,,2025-05-22 16:58:50
9772,8,728,2025-01-23,09:30:00,,5,,2025-05-22 16:58:50
9773,2,3,2025-04-13,16:00:00,,,,2025-05-22 16:58:50
9774,3,854,2024-07-12,10:30:00,,5,,2025-05-22 16:58:50
9775,1,478,2024-12-21,09:30:00,,,,2025-05-22 16:58:50
9776,1,328,2024-02-04,13:00:00,,,部分展区很精彩，部分展区一般。,2025-05-22 16:58:50
9777,9,287,2023-07-25,14:45:00,,,,2025-05-22 16:58:50
9778,1,107,2024-07-27,10:30:00,,4,,2025-05-22 16:58:50
9779,8,335,2024-10-21,12:15:00,,5,,2025-05-22 16:58:50
9780,10,563,2025-04-14,10:30:00,,,,2025-05-22 16:58:50
9781,3,144,2024-07-16,14:45:00,,,,2025-05-22 16:58:50
9782,5,896,2024-08-22,10:30:00,,5,,2025-05-22 16:58:50
9783,6,838,2024-08-23,09:00:00,,,,2025-05-22 16:58:50
9784,5,935,2023-11-01,09:00:00,,,,2025-05-22 16:58:50
9785,5,588,2024-12-15,15:15:00,,,,2025-05-22 16:58:50
9786,10,513,2025-02-22,12:30:00,,,,2025-05-22 16:58:50
9787,5,814,2024-12-12,12:00:00,,4,,2025-05-22 16:58:50
9788,6,445,2024-07-09,12:00:00,,,,2025-05-22 16:58:50
9789,8,455,2025-02-28,14:45:00,,5,交通便利，设施完善。,2025-05-22 16:58:50
9790,9,534,2024-05-07,11:45:00,,3,整体还不错，但有提升空间。,2025-05-22 16:58:50
9791,2,678,2024-11-01,14:00:00,,4,,2025-05-22 16:58:50
9792,3,761,2025-03-15,16:00:00,,5,,2025-05-22 16:58:50
9793,1,892,2025-03-26,13:45:00,,,,2025-05-22 16:58:50
9794,8,814,2024-07-18,09:45:00,,5,,2025-05-22 16:58:50
9795,11,134,2025-02-15,11:00:00,,3,,2025-05-22 16:58:50
9796,5,713,2024-10-23,13:30:00,,,,2025-05-22 16:58:50
9797,5,260,2025-03-10,11:30:00,,,,2025-05-22 16:58:50
9798,5,326,2024-12-31,11:15:00,,,,2025-05-22 16:58:50
9799,5,310,2025-01-04,14:15:00,,5,,2025-05-22 16:58:50
9800,2,996,2025-01-11,11:00:00,,5,,2025-05-22 16:58:50
9801,1,189,2024-11-18,13:45:00,,4,,2025-05-22 16:58:50
9802,7,780,2024-07-25,10:45:00,,3,建议增加外语讲解服务。,2025-05-22 16:58:50
9803,8,235,2024-07-11,15:15:00,,,,2025-05-22 16:58:50
9804,6,551,2025-01-28,11:15:00,,,,2025-05-22 16:58:50
9805,3,103,2024-09-11,11:30:00,,,,2025-05-22 16:58:50
9806,8,107,2025-03-14,11:30:00,,4,,2025-05-22 16:58:50
9807,8,380,2023-11-05,14:30:00,,,,2025-05-22 16:58:50
9808,9,613,2024-11-08,09:30:00,,,,2025-05-22 16:58:50
9809,2,396,2024-09-16,10:45:00,,,建议增加外语讲解服务。,2025-05-22 16:58:50
9810,9,202,2024-12-30,16:15:00,,,,2025-05-22 16:58:50
9811,1,383,2023-08-05,09:00:00,,,,2025-05-22 16:58:50
9812,2,182,2024-09-24,14:00:00,,,,2025-05-22 16:58:50
9813,6,108,2024-07-22,11:45:00,29,3,部分展区很精彩，部分展区一般。,2025-05-22 16:58:50
9814,9,646,2023-06-17,15:15:00,,,,2025-05-22 16:58:50
9815,3,516,2024-05-11,13:00:00,,3,,2025-05-22 16:58:50
9816,5,391,2023-08-24,13:30:00,,4,,2025-05-22 16:58:50
9817,1,876,2023-07-06,11:15:00,,,,2025-05-22 16:58:50
9818,9,204,2025-01-21,14:45:00,,,,2025-05-22 16:58:50
9819,6,793,2025-03-24,12:00:00,,,,2025-05-22 16:58:50
9820,7,508,2024-01-05,11:45:00,,,整体还不错，但有提升空间。,2025-05-22 16:58:50
9821,1,682,2024-11-02,14:15:00,,3,,2025-05-22 16:58:50
9822,3,389,2024-09-21,14:15:00,,,,2025-05-22 16:58:50
9823,6,901,2025-04-17,15:30:00,,,停车不太方便。,2025-05-22 16:58:50
9824,1,408,2025-01-28,09:30:00,,,,2025-05-22 16:58:50
9825,5,740,2024-08-30,14:00:00,,3,建议增加外语讲解服务。,2025-05-22 16:58:50
9826,2,153,2024-06-19,13:00:00,,4,,2025-05-22 16:58:50
9827,4,339,2024-11-30,10:15:00,,5,讲解员专业知识丰富，讲解生动。,2025-05-22 16:58:50
9828,5,497,2024-01-21,12:15:00,,,,2025-05-22 16:58:50
9829,5,868,2024-10-16,16:15:00,,3,,2025-05-22 16:58:50
9830,7,32,2024-07-12,15:30:00,,,,2025-05-22 16:58:50
9831,3,577,2025-05-11,09:30:00,,4,交通便利，设施完善。,2025-05-22 16:58:50
9832,2,772,2024-11-01,15:45:00,,5,,2025-05-22 16:58:50
9833,9,252,2025-03-15,12:00:00,,,,2025-05-22 16:58:50
9834,5,31,2024-12-16,13:00:00,,,,2025-05-22 16:58:50
9835,3,17,2025-03-27,12:00:00,,4,,2025-05-22 16:58:50
9836,2,690,2024-08-12,16:45:00,,,,2025-05-22 16:58:50
9837,3,902,2024-01-18,10:30:00,,,停车不太方便。,2025-05-22 16:58:50
9838,6,249,2024-05-13,09:00:00,,5,展览内容非常丰富，很有教育意义。,2025-05-22 16:58:50
9839,4,112,2023-06-26,13:30:00,,4,,2025-05-22 16:58:50
9840,6,922,2025-01-22,13:00:00,,,,2025-05-22 16:58:50
9841,7,815,2025-02-27,13:00:00,,5,,2025-05-22 16:58:50
9842,6,878,2024-07-28,16:30:00,,3,整体还不错，但有提升空间。,2025-05-22 16:58:50
9843,7,693,2023-09-23,09:30:00,,,,2025-05-22 16:58:50
9844,3,1001,2025-04-10,15:00:00,,5,展览内容非常丰富，很有教育意义。,2025-05-22 16:58:50
9845,1,94,2024-11-19,09:00:00,,5,,2025-05-22 16:58:50
9846,2,526,2023-06-08,14:15:00,,5,,2025-05-22 16:58:50
9847,9,671,2024-08-04,14:30:00,,4,,2025-05-22 16:58:50
9848,6,122,2024-12-25,15:15:00,,,整体还不错，但有提升空间。,2025-05-22 16:58:50
9849,6,881,2024-07-22,09:00:00,29,4,展览内容非常丰富，很有教育意义。,2025-05-22 16:58:50
9850,3,711,2024-03-21,09:45:00,,4,,2025-05-22 16:58:50
9851,4,639,2024-06-14,09:45:00,,3,,2025-05-22 16:58:50
9852,9,623,2024-03-04,11:00:00,,5,,2025-05-22 16:58:50
9853,2,568,2024-02-26,11:00:00,,3,,2025-05-22 16:58:50
9854,5,568,2024-08-25,10:00:00,,,,2025-05-22 16:58:50
9855,7,578,2024-09-14,15:45:00,,5,,2025-05-22 16:58:50
9856,3,894,2023-11-30,13:00:00,,3,整体还不错，但有提升空间。,2025-05-22 16:58:50
9857,5,368,2025-03-07,15:30:00,,4,很适合带孩子来参观学习。,2025-05-22 16:58:50
9858,7,152,2025-05-08,09:00:00,,4,,2025-05-22 16:58:50
9859,9,786,2023-08-18,09:15:00,,4,,2025-05-22 16:58:50
9860,10,921,2023-05-27,13:45:00,,,整体还不错，但有提升空间。,2025-05-22 16:58:50
9861,7,324,2024-10-28,10:15:00,,3,,2025-05-22 16:58:50
9862,8,456,2025-02-07,13:45:00,,4,,2025-05-22 16:58:50
9863,5,738,2025-01-29,11:00:00,,3,停车不太方便。,2025-05-22 16:58:50
9864,5,835,2024-05-25,15:30:00,,,,2025-05-22 16:58:50
9865,2,11,2025-02-17,12:45:00,,3,,2025-05-22 16:58:50
9866,1,396,2025-04-16,16:30:00,,3,停车不太方便。,2025-05-22 16:58:50
9867,7,965,2024-09-04,14:30:00,,,,2025-05-22 16:58:50
9868,4,271,2024-12-11,16:30:00,,3,,2025-05-22 16:58:50
9869,4,611,2023-12-26,14:00:00,,,部分展区很精彩，部分展区一般。,2025-05-22 16:58:50
9870,6,651,2024-12-04,10:30:00,,4,,2025-05-22 16:58:50
9871,1,381,2024-12-26,11:15:00,,3,,2025-05-22 16:58:50
9872,7,776,2024-08-06,14:45:00,,4,,2025-05-22 16:58:50
9873,5,259,2025-03-11,09:30:00,,,希望能增加互动性的展品。,2025-05-22 16:58:50
9874,4,907,2025-03-19,12:15:00,,4,,2025-05-22 16:58:50
9875,6,372,2024-03-10,09:15:00,,4,,2025-05-22 16:58:50
9876,2,69,2024-10-07,16:00:00,,,,2025-05-22 16:58:50
9877,9,802,2024-10-04,11:15:00,,,,2025-05-22 16:58:50
9878,2,108,2025-03-28,12:00:00,,,,2025-05-22 16:58:50
9879,4,85,2023-11-26,12:45:00,,,,2025-05-22 16:58:50
9880,10,706,2024-12-19,16:00:00,,4,活动组织得很好，环境舒适。,2025-05-22 16:58:50
9881,5,590,2024-05-18,12:00:00,,3,,2025-05-22 16:58:50
9882,1,212,2024-02-13,16:45:00,,5,讲解员专业知识丰富，讲解生动。,2025-05-22 16:58:50
9883,7,23,2024-06-28,11:15:00,,3,希望能增加互动性的展品。,2025-05-22 16:58:50
9884,8,395,2024-12-10,13:15:00,,,,2025-05-22 16:58:50
9885,3,828,2024-10-04,12:15:00,,3,,2025-05-22 16:58:50
9886,3,217,2025-03-10,11:00:00,,5,,2025-05-22 16:58:50
9887,7,212,2023-11-09,16:15:00,,,,2025-05-22 16:58:50
9888,5,805,2024-11-21,09:00:00,,,,2025-05-22 16:58:50
9889,6,679,2024-07-31,10:45:00,,4,,2025-05-22 16:58:50
9890,9,95,2025-01-18,09:15:00,,5,,2025-05-22 16:58:50
9891,7,334,2025-03-26,16:30:00,,,希望能增加互动性的展品。,2025-05-22 16:58:50
9892,2,43,2023-05-30,10:45:00,,4,,2025-05-22 16:58:50
9893,11,419,2023-06-08,09:30:00,,5,交通便利，设施完善。,2025-05-22 16:58:50
9894,6,553,2024-12-04,11:30:00,,3,建议增加外语讲解服务。,2025-05-22 16:58:50
9895,9,386,2023-06-01,16:45:00,,,整体还不错，但有提升空间。,2025-05-22 16:58:50
9896,3,432,2025-04-27,16:45:00,,3,,2025-05-22 16:58:50
9897,9,665,2024-06-18,14:45:00,,,整体还不错，但有提升空间。,2025-05-22 16:58:50
9898,3,742,2024-08-05,12:00:00,,4,,2025-05-22 16:58:50
9899,9,667,2024-05-29,10:00:00,,,部分展区很精彩，部分展区一般。,2025-05-22 16:58:50
9900,1,710,2024-09-23,12:15:00,,,,2025-05-22 16:58:50
9901,5,47,2025-02-08,12:45:00,,,,2025-05-22 16:58:50
9902,1,859,2023-08-10,15:30:00,,3,,2025-05-22 16:58:50
9903,6,623,2025-03-23,11:45:00,,4,很适合带孩子来参观学习。,2025-05-22 16:58:50
9904,6,720,2024-05-25,09:15:00,,4,,2025-05-22 16:58:50
9905,10,981,2024-12-30,13:15:00,,,,2025-05-22 16:58:50
9906,8,714,2024-06-06,10:30:00,,,,2025-05-22 16:58:50
9907,4,186,2025-01-09,10:30:00,,,,2025-05-22 16:58:50
9908,3,705,2024-08-05,15:45:00,,5,,2025-05-22 16:58:50
9909,3,783,2024-07-22,11:15:00,,5,,2025-05-22 16:58:50
9910,6,383,2023-07-16,13:15:00,,3,,2025-05-22 16:58:50
9911,11,233,2023-10-13,12:30:00,,4,,2025-05-22 16:58:50
9912,3,220,2023-11-26,10:15:00,,,,2025-05-22 16:58:50
9913,3,525,2023-11-07,12:45:00,,,,2025-05-22 16:58:50
9914,7,148,2024-10-09,11:30:00,,,,2025-05-22 16:58:50
9915,8,320,2024-09-18,11:00:00,,,部分展区很精彩，部分展区一般。,2025-05-22 16:58:50
9916,9,169,2023-09-01,14:30:00,,,,2025-05-22 16:58:50
9917,1,814,2023-12-04,14:45:00,,5,,2025-05-22 16:58:50
9918,7,196,2024-09-27,16:15:00,,5,,2025-05-22 16:58:50
9919,6,492,2024-12-14,15:45:00,,5,,2025-05-22 16:58:50
9920,8,200,2024-07-16,12:00:00,,5,,2025-05-22 16:58:50
9921,1,25,2024-09-30,11:15:00,,,,2025-05-22 16:58:50
9922,6,716,2024-06-06,10:15:00,,4,,2025-05-22 16:58:50
9923,7,612,2024-10-04,16:15:00,,,,2025-05-22 16:58:50
9924,2,693,2024-07-23,11:15:00,,5,,2025-05-22 16:58:50
9925,1,424,2024-08-17,13:15:00,,,整体还不错，但有提升空间。,2025-05-22 16:58:50
9926,8,165,2025-01-30,10:45:00,,5,,2025-05-22 16:58:50
9927,1,196,2024-12-22,14:15:00,,,,2025-05-22 16:58:50
9928,5,511,2024-10-13,13:45:00,,,,2025-05-22 16:58:50
9929,5,342,2024-09-07,09:30:00,,5,,2025-05-22 16:58:50
9930,4,120,2024-08-15,14:30:00,,3,,2025-05-22 16:58:50
9931,4,774,2024-02-16,10:00:00,,3,,2025-05-22 16:58:50
9932,7,874,2024-04-22,10:00:00,,,,2025-05-22 16:58:50
9933,3,249,2024-08-22,15:00:00,,4,,2025-05-22 16:58:50
9934,7,605,2025-04-28,10:45:00,,,,2025-05-22 16:58:50
9935,8,351,2025-03-23,12:15:00,,3,,2025-05-22 16:58:50
9936,5,847,2024-05-03,13:45:00,,4,,2025-05-22 16:58:50
9937,7,361,2024-05-26,11:45:00,,,,2025-05-22 16:58:50
9938,6,676,2023-12-10,12:15:00,,,,2025-05-22 16:58:50
9939,4,500,2023-06-17,10:30:00,,,,2025-05-22 16:58:50
9940,4,672,2024-04-20,16:45:00,,5,讲解员专业知识丰富，讲解生动。,2025-05-22 16:58:50
9941,8,864,2025-01-03,14:45:00,,,整体还不错，但有提升空间。,2025-05-22 16:58:50
9942,6,805,2023-05-28,12:45:00,,3,,2025-05-22 16:58:50
9943,9,178,2025-04-21,13:00:00,,4,,2025-05-22 16:58:50
9944,1,967,2025-03-23,10:00:00,,4,,2025-05-22 16:58:50
9945,9,938,2024-09-24,12:15:00,,5,,2025-05-22 16:58:50
9946,8,592,2024-06-27,14:00:00,,3,,2025-05-22 16:58:50
9947,6,636,2025-03-12,12:30:00,,3,,2025-05-22 16:58:50
9948,4,248,2024-01-07,11:45:00,,5,交通便利，设施完善。,2025-05-22 16:58:50
9949,4,755,2024-11-24,15:00:00,,,,2025-05-22 16:58:50
9950,4,491,2025-04-30,16:30:00,,,,2025-05-22 16:58:50
9951,6,572,2024-11-08,10:00:00,,4,,2025-05-22 16:58:50
9952,4,39,2024-12-20,10:45:00,,3,,2025-05-22 16:58:50
9953,4,534,2024-08-10,15:45:00,,3,,2025-05-22 16:58:50
9954,2,495,2025-05-20,12:00:00,,,,2025-05-22 16:58:50
9955,6,509,2024-04-05,12:45:00,,4,讲解员专业知识丰富，讲解生动。,2025-05-22 16:58:50
9956,8,672,2024-06-13,09:45:00,,3,,2025-05-22 16:58:50
9957,3,736,2025-04-05,10:15:00,,4,,2025-05-22 16:58:50
9958,5,496,2024-11-08,09:15:00,,3,,2025-05-22 16:58:50
9959,1,940,2023-06-06,10:45:00,,,,2025-05-22 16:58:50
9960,8,405,2023-11-19,13:15:00,,,整体还不错，但有提升空间。,2025-05-22 16:58:50
9961,6,939,2025-03-09,13:15:00,,3,,2025-05-22 16:58:50
9962,8,714,2024-09-20,16:00:00,,4,活动组织得很好，环境舒适。,2025-05-22 16:58:50
9963,7,116,2024-12-22,10:15:00,,4,,2025-05-22 16:58:50
9964,3,421,2024-10-01,11:30:00,,,,2025-05-22 16:58:50
9965,8,226,2024-01-03,16:30:00,,,,2025-05-22 16:58:50
9966,3,447,2024-08-08,15:30:00,,,,2025-05-22 16:58:50
9967,11,447,2024-10-16,14:45:00,,,,2025-05-22 16:58:50
9968,4,211,2023-09-17,10:00:00,,4,,2025-05-22 16:58:50
9969,2,685,2023-10-17,10:15:00,,3,,2025-05-22 16:58:50
9970,11,137,2023-09-10,09:30:00,,,,2025-05-22 16:58:50
9971,5,395,2024-12-05,14:00:00,,4,,2025-05-22 16:58:50
9972,7,809,2024-05-08,13:00:00,,5,,2025-05-22 16:58:50
9973,8,246,2024-11-16,13:45:00,,,建议增加外语讲解服务。,2025-05-22 16:58:50
9974,4,197,2025-05-14,10:15:00,,5,,2025-05-22 16:58:50
9975,9,394,2024-10-02,14:30:00,,5,,2025-05-22 16:58:50
9976,7,634,2025-03-20,16:00:00,,5,,2025-05-22 16:58:50
9977,4,96,2024-07-30,11:45:00,,5,,2025-05-22 16:58:50
9978,8,137,2024-10-03,16:15:00,,,,2025-05-22 16:58:50
9979,5,882,2024-04-25,10:30:00,,,,2025-05-22 16:58:50
9980,1,93,2024-07-18,09:00:00,,4,活动组织得很好，环境舒适。,2025-05-22 16:58:50
9981,11,185,2023-07-22,13:30:00,,,建议增加外语讲解服务。,2025-05-22 16:58:50
9982,8,876,2024-03-20,11:00:00,,,整体还不错，但有提升空间。,2025-05-22 16:58:50
9983,4,596,2024-03-30,10:45:00,,4,,2025-05-22 16:58:50
9984,2,758,2023-11-28,09:45:00,,,,2025-05-22 16:58:50
9985,8,288,2025-03-05,10:15:00,,,,2025-05-22 16:58:50
9986,5,604,2023-08-20,16:45:00,,4,,2025-05-22 16:58:50
9987,4,257,2025-03-06,14:30:00,,4,,2025-05-22 16:58:50
9988,9,291,2024-09-28,10:15:00,,5,交通便利，设施完善。,2025-05-22 16:58:50
9989,4,774,2023-10-27,12:00:00,,4,,2025-05-22 16:58:50
9990,8,303,2024-10-11,09:00:00,,,,2025-05-22 16:58:50
9991,1,653,2024-08-12,16:00:00,,,,2025-05-22 16:58:50
9992,4,847,2024-10-18,11:30:00,,4,,2025-05-22 16:58:50
9993,8,726,2024-08-08,14:45:00,39,5,,2025-05-22 16:58:50
9994,1,737,2024-08-04,15:00:00,,5,,2025-05-22 16:58:50
9995,9,426,2025-02-15,14:30:00,,4,,2025-05-22 16:58:50
9996,11,422,2023-11-29,15:15:00,,,,2025-05-22 16:58:50
9997,5,744,2024-08-29,10:00:00,,,,2025-05-22 16:58:50
9998,7,226,2025-01-06,15:30:00,,4,,2025-05-22 16:58:50
9999,5,622,2023-11-15,11:30:00,,,,2025-05-22 16:58:50
10000,1,310,2025-04-20,14:15:00,,3,,2025-05-22 16:58:50
10001,5,127,2026-01-31,10:30:00,36,,,2025-05-22 16:58:50
10002,5,19,2025-06-14,09:45:00,40,,,2025-05-22 16:58:50
10003,7,280,2025-04-25,13:15:00,3,4,,2025-05-22 16:58:50
10004,10,22,2025-07-17,15:15:00,41,3,,2025-05-22 16:58:50
10005,5,134,2025-09-07,15:15:00,47,4,,2025-05-22 16:58:50
10006,11,268,2025-09-29,09:45:00,21,,,2025-05-22 16:58:50
10007,11,185,2024-11-23,10:30:00,15,4,,2025-05-22 16:58:50
10008,1,699,2025-05-22,15:45:00,50,,,2025-05-22 16:58:50
10009,2,400,2024-07-19,12:30:00,44,4,,2025-05-22 16:58:50
10010,1,427,2024-11-22,14:00:00,33,,,2025-05-22 16:58:50
10011,7,344,2026-01-29,16:45:00,17,2,,2025-05-22 16:58:50
10012,9,623,2025-01-30,10:15:00,26,1,,2025-05-22 16:58:50
10013,5,664,2025-12-27,14:15:00,48,,,2025-05-22 16:58:50
10014,9,694,2026-02-14,09:00:00,1,2,,2025-05-22 16:58:50
10015,1,650,2024-11-24,12:30:00,33,3,,2025-05-22 16:58:50
10016,6,64,2024-06-30,16:15:00,29,5,,2025-05-22 16:58:50
10017,9,132,2026-02-14,09:30:00,1,5,,2025-05-22 16:58:50
10018,3,861,2024-06-08,15:45:00,32,1,,2025-05-22 16:58:50
10019,4,677,2026-05-22,11:45:00,46,,,2025-05-22 16:58:50
10020,10,819,2026-01-21,13:00:00,16,3,,2025-05-22 16:58:50
10021,5,587,2025-06-07,13:30:00,40,,,2025-05-22 16:58:50
10022,10,976,2026-01-28,13:15:00,28,,,2025-05-22 16:58:50
10023,10,610,2025-07-20,13:30:00,41,1,,2025-05-22 16:58:50
10024,11,185,2025-09-30,11:00:00,21,1,,2025-05-22 16:58:50
10025,9,950,2025-01-30,13:15:00,26,5,,2025-05-22 16:58:50
10026,8,971,2025-07-04,15:15:00,27,,,2025-05-22 16:58:50
10027,3,243,2025-02-15,09:00:00,2,4,,2025-05-22 16:58:50
10028,1,729,2025-06-02,16:30:00,4,2,,2025-05-22 16:58:50
10029,5,176,2025-07-03,11:15:00,40,1,,2025-05-22 16:58:50
10030,5,643,2025-06-17,13:30:00,40,,,2025-05-22 16:58:50
10031,11,425,2024-11-20,09:00:00,15,,,2025-05-22 16:58:50
10032,8,73,2025-07-05,09:45:00,27,3,,2025-05-22 16:58:50
10033,10,817,2026-01-22,13:45:00,16,5,,2025-05-22 16:58:50
10034,8,230,2025-07-05,09:15:00,27,1,,2025-05-22 16:58:50
10035,5,368,2025-12-18,10:00:00,48,3,,2025-05-22 16:58:50
10036,1,470,2025-06-08,11:00:00,4,,,2025-05-22 16:58:50
10037,9,540,2024-09-01,16:00:00,23,1,,2025-05-22 16:58:50
10038,2,576,2024-07-18,15:45:00,44,,,2025-05-22 16:58:50
10039,11,313,2025-10-04,09:15:00,21,,,2025-05-22 16:58:50
10040,2,191,2024-12-27,15:00:00,43,,,2025-05-22 16:58:50
10041,2,2,2024-07-19,10:30:00,44,2,,2025-05-22 16:58:50
10042,3,111,2024-06-08,16:30:00,32,,,2025-05-22 16:58:50
10043,9,962,2025-01-29,09:30:00,26,5,,2025-05-22 16:58:50
10044,3,985,2024-06-06,09:15:00,32,2,,2025-05-22 16:58:50
10045,11,203,2025-04-16,15:00:00,11,,,2025-05-22 16:58:50
10046,6,502,2026-04-27,16:15:00,13,3,,2025-05-22 16:58:50
10047,11,999,2025-04-18,14:00:00,11,2,,2025-05-22 16:58:50
10048,8,106,2024-08-25,13:00:00,39,,,2025-05-22 16:58:50
10049,4,681,2026-05-26,14:30:00,20,5,,2025-05-22 16:58:50
10050,4,677,2025-09-16,09:30:00,8,5,,2025-05-22 16:58:50
10051,9,352,2024-07-13,12:30:00,23,,,2025-05-22 16:58:50
10052,8,134,2024-10-28,10:15:00,37,5,,2025-05-22 16:58:50
10053,6,947,2025-07-03,11:15:00,34,,,2025-05-22 16:58:50
10054,5,203,2026-02-09,15:30:00,36,,,2025-05-22 16:58:50
10055,8,581,2024-09-16,14:00:00,37,,,2025-05-22 16:58:50
10056,9,92,2025-01-30,11:30:00,26,,,2025-05-22 16:58:50
10057,4,803,2026-05-19,09:30:00,46,3,,2025-05-22 16:58:50
10058,4,926,2024-11-18,14:30:00,49,5,,2025-05-22 16:58:50
10059,3,160,2024-10-13,16:45:00,24,2,,2025-05-22 16:58:50
10060,6,673,2026-03-14,14:15:00,22,2,,2025-05-22 16:58:50
10061,10,890,2026-01-23,13:00:00,16,,,2025-05-22 16:58:50
10062,1,209,2024-10-30,10:15:00,9,,,2025-05-22 16:58:50
10063,1,821,2024-11-26,16:00:00,33,,,2025-05-22 16:58:50
10064,11,623,2025-09-28,16:00:00,21,2,,2025-05-22 16:58:50
10065,4,997,2024-12-07,16:00:00,49,,,2025-05-22 16:58:50
10066,1,568,2024-10-28,09:45:00,9,2,,2025-05-22 16:58:50
10067,7,700,2026-03-05,15:45:00,17,,,2025-05-22 16:58:50
10068,9,348,2026-04-11,13:00:00,25,4,,2025-05-22 16:58:50
10069,5,601,2026-01-17,16:45:00,36,1,,2025-05-22 16:58:50
10070,2,44,2024-07-18,09:30:00,44,4,,2025-05-22 16:58:50
10071,10,249,2025-07-18,10:15:00,41,3,,2025-05-22 16:58:50
10072,5,1000,2025-09-06,16:00:00,47,4,,2025-05-22 16:58:50
10073,4,911,2026-05-18,09:30:00,20,3,,2025-05-22 16:58:50
10074,11,981,2025-10-03,16:30:00,21,5,,2025-05-22 16:58:50
10075,8,648,2024-09-08,12:15:00,39,1,,2025-05-22 16:58:50
10076,6,956,2024-08-08,13:00:00,29,,,2025-05-22 16:58:50
10077,5,966,2026-01-17,11:45:00,36,2,,2025-05-22 16:58:50
10078,10,262,2026-01-20,15:00:00,16,1,,2025-05-22 16:58:50
10079,10,415,2025-04-02,10:45:00,12,1,,2025-05-22 16:58:50
10080,3,42,2024-10-13,12:00:00,24,2,,2025-05-22 16:58:50
10081,8,431,2024-09-16,13:15:00,37,,,2025-05-22 16:58:50
10082,9,101,2025-09-18,09:30:00,35,1,,2025-05-22 16:58:50
10083,2,716,2024-12-25,10:00:00,43,,,2025-05-22 16:58:50
10084,3,404,2025-11-16,13:30:00,6,1,,2025-05-22 16:58:50
10085,4,511,2025-02-19,13:15:00,49,2,,2025-05-22 16:58:50
10086,10,217,2025-04-02,11:15:00,12,3,,2025-05-22 16:58:50
10087,11,501,2024-11-22,13:30:00,15,,,2025-05-22 16:58:50
10088,3,138,2025-11-16,10:15:00,6,4,,2025-05-22 16:58:50
10089,5,720,2025-09-09,15:15:00,47,,,2025-05-22 16:58:50
10090,6,39,2026-03-14,16:45:00,22,1,,2025-05-22 16:58:50
10091,9,216,2026-02-14,12:00:00,1,4,,2025-05-22 16:58:50
10092,10,758,2025-07-22,14:45:00,41,,,2025-05-22 16:58:50
10093,8,431,2024-09-23,13:00:00,37,5,,2025-05-22 16:58:50
10094,2,740,2024-07-19,11:30:00,44,1,,2025-05-22 16:58:50
10095,11,661,2024-11-19,14:30:00,15,,,2025-05-22 16:58:50
10096,5,186,2026-01-17,16:00:00,36,4,,2025-05-22 16:58:50
10097,6,666,2025-07-03,11:15:00,34,,,2025-05-22 16:58:50
10098,5,750,2026-01-20,13:00:00,36,2,,2025-05-22 16:58:50
10099,3,802,2024-06-07,10:45:00,32,1,,2025-05-22 16:58:50
10100,10,973,2026-01-28,15:00:00,28,,,2025-05-22 16:58:50
10101,9,495,2026-05-25,12:15:00,25,3,,2025-05-22 16:58:50
10102,9,815,2026-02-16,10:15:00,25,3,,2025-05-22 16:58:50
10103,8,986,2025-07-05,12:00:00,27,1,,2025-05-22 16:58:50
10104,2,790,2024-07-18,15:45:00,44,2,,2025-05-22 16:58:50
10105,1,303,2025-06-01,11:45:00,4,4,,2025-05-22 16:58:50
10106,1,116,2026-03-04,13:30:00,45,,,2025-05-22 16:58:50
10107,7,885,2026-04-01,09:15:00,17,3,,2025-05-22 16:58:50
10108,6,207,2025-06-30,09:45:00,34,1,,2025-05-22 16:58:50
10109,4,801,2025-11-14,09:30:00,8,1,,2025-05-22 16:58:50
10110,8,381,2024-10-11,11:00:00,39,5,,2025-05-22 16:58:50
10111,10,575,2026-01-24,13:00:00,16,2,,2025-05-22 16:58:50
10112,4,160,2025-01-08,14:45:00,49,3,,2025-05-22 16:58:50
10113,1,401,2025-05-24,15:00:00,50,,,2025-05-22 16:58:50
10114,2,104,2024-07-18,10:45:00,44,,,2025-05-22 16:58:50
10115,9,373,2025-09-22,11:45:00,35,1,,2025-05-22 16:58:50
10116,10,895,2025-03-28,11:30:00,12,,,2025-05-22 16:58:50
10117,6,333,2024-06-20,16:45:00,29,1,,2025-05-22 16:58:50
10118,10,880,2026-01-24,16:30:00,16,5,,2025-05-22 16:58:50
10119,9,955,2025-09-20,16:30:00,35,1,,2025-05-22 16:58:50
10120,10,235,2025-03-31,11:30:00,12,5,,2025-05-22 16:58:50
10121,11,758,2025-08-08,11:15:00,38,2,,2025-05-22 16:58:50
10122,5,587,2024-12-02,10:30:00,5,,,2025-05-22 16:58:50
10123,1,926,2024-10-29,11:15:00,9,1,,2025-05-22 16:58:50
10124,6,327,2025-07-02,13:45:00,34,2,,2025-05-22 16:58:50
10125,6,933,2024-08-09,09:30:00,29,5,,2025-05-22 16:58:50
10126,2,727,2024-12-26,09:00:00,43,2,,2025-05-22 16:58:50
10127,4,979,2024-11-23,15:15:00,49,2,,2025-05-22 16:58:50
10128,2,260,2024-12-23,15:45:00,43,1,,2025-05-22 16:58:50
10129,5,248,2026-02-17,16:00:00,36,2,,2025-05-22 16:58:50
10130,10,679,2026-01-20,14:30:00,16,3,,2025-05-22 16:58:50
10131,10,659,2025-03-29,14:00:00,12,3,,2025-05-22 16:58:50
10132,7,252,2025-03-16,11:45:00,3,4,,2025-05-22 16:58:50
10133,9,296,2025-01-30,10:00:00,26,,,2025-05-22 16:58:50
10134,8,527,2024-10-13,13:15:00,37,1,,2025-05-22 16:58:50
10135,1,980,2024-11-21,11:30:00,33,3,,2025-05-22 16:58:50
10136,10,295,2025-04-01,10:30:00,12,5,,2025-05-22 16:58:50
10137,6,583,2026-02-05,10:00:00,13,3,,2025-05-22 16:58:50
10138,10,286,2025-07-18,13:45:00,41,,,2025-05-22 16:58:50
10139,3,753,2025-11-17,09:45:00,6,2,,2025-05-22 16:58:50
10140,10,278,2026-01-28,13:45:00,28,,,2025-05-22 16:58:50
10141,5,184,2025-11-15,11:00:00,48,,,2025-05-22 16:58:50
10142,10,43,2026-01-28,11:00:00,28,4,,2025-05-22 16:58:50
10143,4,532,2026-06-15,15:30:00,20,1,,2025-05-22 16:58:50
10144,3,123,2024-06-06,13:15:00,32,3,,2025-05-22 16:58:50
10145,1,810,2024-10-28,12:30:00,9,4,,2025-05-22 16:58:50
10146,11,593,2025-10-01,15:15:00,21,3,,2025-05-22 16:58:50
10147,11,100,2024-11-24,15:45:00,15,2,,2025-05-22 16:58:50
10148,9,91,2024-07-03,14:15:00,23,2,,2025-05-22 16:58:50
10149,2,450,2024-07-19,10:45:00,44,5,,2025-05-22 16:58:50
10150,5,840,2025-09-07,11:45:00,47,5,,2025-05-22 16:58:50
10151,8,906,2024-09-16,13:30:00,37,4,,2025-05-22 16:58:50
10152,1,105,2025-05-21,14:00:00,50,1,,2025-05-22 16:58:50
10153,1,460,2024-11-21,13:15:00,33,2,,2025-05-22 16:58:50
10154,7,205,2025-04-24,10:45:00,3,4,,2025-05-22 16:58:50
10155,11,160,2024-11-20,15:15:00,15,,,2025-05-22 16:58:50
10156,1,373,2025-01-25,12:30:00,19,,,2025-05-22 16:58:50
10157,7,11,2025-05-13,10:30:00,3,5,,2025-05-22 16:58:50
10158,11,450,2025-08-10,12:00:00,38,4,,2025-05-22 16:58:50
10159,5,563,2025-06-18,11:30:00,40,,,2025-05-22 16:58:50
10160,8,553,2024-09-30,12:00:00,37,,,2025-05-22 16:58:50
10161,10,485,2026-03-02,13:30:00,18,,,2025-05-22 16:58:50
10162,1,73,2024-11-19,15:00:00,33,,,2025-05-22 16:58:50
10163,4,481,2026-07-08,13:45:00,20,5,,2025-05-22 16:58:50
10164,5,773,2026-02-06,14:00:00,36,3,,2025-05-22 16:58:50
10165,4,6,2025-10-19,14:00:00,8,4,,2025-05-22 16:58:50
10166,6,344,2024-07-27,09:30:00,29,,,2025-05-22 16:58:50
10167,3,296,2025-02-14,12:15:00,2,4,,2025-05-22 16:58:50
10168,5,512,2025-09-10,16:15:00,47,5,,2025-05-22 16:58:50
10169,9,824,2025-01-29,09:15:00,26,,,2025-05-22 16:58:50
10170,3,705,2024-06-08,09:15:00,32,1,,2025-05-22 16:58:50
10171,5,100,2026-01-30,15:30:00,36,4,,2025-05-22 16:58:50
10172,1,981,2024-10-30,09:00:00,9,,,2025-05-22 16:58:50
10173,11,347,2025-08-08,12:30:00,38,1,,2025-05-22 16:58:50
10174,8,609,2024-09-25,13:15:00,39,4,,2025-05-22 16:58:50
10175,10,589,2025-04-03,13:15:00,12,,,2025-05-22 16:58:50
10176,4,435,2026-05-15,11:30:00,20,3,,2025-05-22 16:58:50
10177,8,393,2025-07-04,10:15:00,27,,,2025-05-22 16:58:50
10178,3,233,2024-06-06,11:00:00,32,4,,2025-05-22 16:58:50
10179,2,475,2024-07-18,09:00:00,44,3,,2025-05-22 16:58:50
10180,9,775,2025-09-20,10:45:00,35,,,2025-05-22 16:58:50
10181,1,607,2024-10-30,09:15:00,9,5,,2025-05-22 16:58:50
10182,1,37,2025-05-24,15:15:00,50,2,,2025-05-22 16:58:50
10183,1,642,2026-03-03,10:45:00,45,1,,2025-05-22 16:58:50
10184,8,14,2024-08-29,12:30:00,39,5,,2025-05-22 16:58:50
10185,6,967,2026-04-23,16:45:00,13,2,,2025-05-22 16:58:50
10186,3,29,2025-02-14,14:15:00,2,2,,2025-05-22 16:58:50
10187,10,369,2026-02-28,15:45:00,18,,,2025-05-22 16:58:50
10188,3,395,2024-10-16,16:00:00,24,3,,2025-05-22 16:58:50
10189,4,637,2026-03-30,14:15:00,20,3,,2025-05-22 16:58:50
10190,6,650,2026-03-12,15:15:00,22,,,2025-05-22 16:58:50
10191,8,799,2024-09-12,15:30:00,39,4,,2025-05-22 16:58:50
10192,8,531,2024-09-05,14:00:00,39,,,2025-05-22 16:58:50
10193,9,350,2025-09-22,10:00:00,35,5,,2025-05-22 16:58:50
10194,7,248,2025-07-18,13:30:00,3,1,,2025-05-22 16:58:50
10195,9,239,2025-09-23,09:15:00,35,1,,2025-05-22 16:58:50
10196,9,998,2025-01-30,13:30:00,26,2,,2025-05-22 16:58:50
10197,9,271,2024-06-17,10:00:00,23,,,2025-05-22 16:58:50
10198,3,599,2025-02-14,12:30:00,2,4,,2025-05-22 16:58:50
10199,4,503,2025-03-02,11:00:00,49,2,,2025-05-22 16:58:50
10200,4,354,2024-11-14,13:45:00,49,,,2025-05-22 16:58:50
10201,11,513,2024-11-22,09:45:00,15,,,2025-05-22 16:58:50
10202,11,722,2025-04-19,13:00:00,11,5,,2025-05-22 16:58:50
10203,4,337,2024-11-24,10:45:00,49,3,,2025-05-22 16:58:50
10204,9,48,2026-04-21,12:45:00,25,2,,2025-05-22 16:58:50
10205,8,234,2024-10-10,16:45:00,37,,,2025-05-22 16:58:50
10206,9,355,2024-08-14,09:15:00,23,,,2025-05-22 16:58:50
10207,1,827,2024-10-28,14:15:00,9,2,,2025-05-22 16:58:50
10208,5,248,2026-01-19,10:30:00,36,1,,2025-05-22 16:58:50
10209,6,578,2025-07-03,11:00:00,34,,,2025-05-22 16:58:50
10210,4,228,2025-02-10,10:45:00,49,5,,2025-05-22 16:58:50
10211,6,679,2024-07-23,16:00:00,29,,,2025-05-22 16:58:50
10212,5,186,2025-09-10,14:15:00,47,2,,2025-05-22 16:58:50
10213,4,370,2026-04-11,12:15:00,20,,,2025-05-22 16:58:50
10214,9,141,2024-07-15,16:00:00,23,3,,2025-05-22 16:58:50
10215,10,233,2026-01-29,16:30:00,28,3,,2025-05-22 16:58:50
10216,10,703,2025-04-02,14:15:00,12,1,,2025-05-22 16:58:50
10217,5,719,2025-06-19,10:30:00,40,3,,2025-05-22 16:58:50
10218,11,171,2025-10-02,09:00:00,21,5,,2025-05-22 16:58:50
10219,3,98,2025-11-16,16:30:00,6,4,,2025-05-22 16:58:50
10220,5,288,2024-12-03,09:00:00,5,1,,2025-05-22 16:58:50
10221,4,527,2026-05-23,09:45:00,46,,,2025-05-22 16:58:50
10222,7,229,2025-04-28,16:45:00,3,,,2025-05-22 16:58:50
10223,3,545,2024-10-16,14:00:00,24,,,2025-05-22 16:58:50
10224,10,803,2026-01-29,09:45:00,28,,,2025-05-22 16:58:50
10225,8,938,2024-08-16,12:30:00,39,4,,2025-05-22 16:58:50
10226,1,991,2025-01-27,11:30:00,19,5,,2025-05-22 16:58:50
10227,5,347,2026-01-18,12:30:00,36,3,,2025-05-22 16:58:50
10228,9,887,2025-01-30,11:15:00,26,4,,2025-05-22 16:58:50
10229,8,483,2025-07-06,16:45:00,27,1,,2025-05-22 16:58:50
10230,2,442,2024-07-19,10:00:00,44,3,,2025-05-22 16:58:50
10231,1,744,2025-05-19,12:45:00,50,4,,2025-05-22 16:58:50
10232,3,592,2025-02-14,15:45:00,2,1,,2025-05-22 16:58:50
10233,11,400,2025-08-08,12:00:00,38,1,,2025-05-22 16:58:50
10234,10,662,2025-07-20,14:00:00,41,3,,2025-05-22 16:58:50
10235,10,264,2026-01-25,10:00:00,16,3,,2025-05-22 16:58:50
10236,5,664,2025-09-07,12:45:00,47,4,,2025-05-22 16:58:50
10237,2,599,2024-07-19,15:00:00,44,1,,2025-05-22 16:58:50
10238,10,497,2025-07-21,15:45:00,41,,,2025-05-22 16:58:50
10239,11,529,2025-10-03,10:15:00,21,3,,2025-05-22 16:58:50
10240,10,442,2026-01-21,11:45:00,16,2,,2025-05-22 16:58:50
10241,2,109,2024-12-23,12:30:00,43,,,2025-05-22 16:58:50
10242,1,475,2025-05-22,14:45:00,50,2,,2025-05-22 16:58:50
10243,2,608,2024-07-18,09:30:00,44,1,,2025-05-22 16:58:50
10244,10,649,2026-01-28,10:15:00,28,2,,2025-05-22 16:58:50
10245,9,959,2025-09-22,10:30:00,35,2,,2025-05-22 16:58:50
10246,6,625,2025-07-03,14:45:00,34,,,2025-05-22 16:58:50
10247,11,957,2025-09-30,12:00:00,21,1,,2025-05-22 16:58:50
10248,9,961,2025-09-24,13:00:00,35,3,,2025-05-22 16:58:50
10249,10,602,2026-03-01,14:45:00,18,2,,2025-05-22 16:58:50
10250,8,813,2025-07-06,10:00:00,27,,,2025-05-22 16:58:50
10251,11,585,2025-09-30,16:30:00,21,1,,2025-05-22 16:58:50
10252,6,918,2026-02-11,13:45:00,13,2,,2025-05-22 16:58:50
10253,1,93,2025-01-27,14:15:00,19,1,,2025-05-22 16:58:50
10254,2,521,2024-12-29,13:15:00,43,,,2025-05-22 16:58:50
10255,9,864,2025-01-29,10:00:00,26,,,2025-05-22 16:58:50
10256,11,714,2025-10-03,15:45:00,21,,,2025-05-22 16:58:50
10257,5,367,2025-10-13,15:45:00,48,5,,2025-05-22 16:58:50
10258,6,259,2026-04-14,11:30:00,13,,,2025-05-22 16:58:50
10259,4,501,2026-08-05,13:30:00,20,4,,2025-05-22 16:58:50
10260,5,893,2024-12-03,11:00:00,5,3,,2025-05-22 16:58:50
10261,3,828,2024-06-08,12:45:00,32,4,,2025-05-22 16:58:50
10262,10,426,2026-01-22,13:00:00,16,,,2025-05-22 16:58:50
10263,9,985,2024-09-02,12:15:00,23,,,2025-05-22 16:58:50
10264,1,910,2025-01-25,10:30:00,19,4,,2025-05-22 16:58:50
10265,1,868,2024-10-29,15:15:00,9,,,2025-05-22 16:58:50
10266,3,95,2025-07-06,13:45:00,7,3,,2025-05-22 16:58:50
10267,9,971,2024-09-19,14:15:00,23,3,,2025-05-22 16:58:50
10268,6,899,2024-06-10,11:00:00,29,3,,2025-05-22 16:58:50
10269,9,877,2024-06-21,09:15:00,23,4,,2025-05-22 16:58:50
10270,11,962,2025-10-02,12:15:00,21,3,,2025-05-22 16:58:50
10271,3,203,2024-06-06,13:30:00,32,,,2025-05-22 16:58:50
10272,6,968,2024-07-26,13:30:00,29,3,,2025-05-22 16:58:50
10273,7,506,2026-04-03,16:30:00,17,1,,2025-05-22 16:58:50
10274,6,868,2026-02-03,09:15:00,13,,,2025-05-22 16:58:50
10275,5,322,2024-12-03,12:45:00,5,3,,2025-05-22 16:58:50
10276,3,953,2024-10-17,16:45:00,24,,,2025-05-22 16:58:50
10277,2,198,2024-07-19,16:00:00,44,,,2025-05-22 16:58:50
10278,10,384,2025-04-03,14:00:00,12,5,,2025-05-22 16:58:50
10279,8,310,2024-09-02,13:30:00,39,4,,2025-05-22 16:58:50
10280,9,333,2026-02-06,10:00:00,25,2,,2025-05-22 16:58:50
10281,4,891,2025-10-17,11:00:00,8,3,,2025-05-22 16:58:50
10282,10,741,2026-01-25,11:45:00,16,4,,2025-05-22 16:58:50
10283,6,40,2026-05-19,10:30:00,13,2,,2025-05-22 16:58:50
10284,11,587,2025-04-21,10:45:00,11,,,2025-05-22 16:58:50
10285,2,644,2024-12-26,16:15:00,43,,,2025-05-22 16:58:50
10286,6,239,2025-07-05,15:15:00,34,4,,2025-05-22 16:58:50
10287,8,835,2024-10-23,13:15:00,39,4,,2025-05-22 16:58:50
10288,8,910,2024-09-25,11:00:00,39,,,2025-05-22 16:58:50
10289,11,1001,2025-08-09,16:00:00,38,,,2025-05-22 16:58:50
10290,5,194,2025-06-07,15:15:00,40,,,2025-05-22 16:58:50
10291,9,641,2025-09-23,15:15:00,35,5,,2025-05-22 16:58:50
10292,4,14,2026-05-19,11:00:00,46,3,,2025-05-22 16:58:50
10293,1,935,2025-06-06,15:45:00,4,2,,2025-05-22 16:58:50
10294,1,350,2024-11-26,12:30:00,33,5,,2025-05-22 16:58:50
10295,3,107,2025-02-14,16:30:00,2,3,,2025-05-22 16:58:50
10296,5,632,2025-06-28,11:30:00,40,,,2025-05-22 16:58:50
10297,6,953,2024-06-30,16:45:00,29,5,,2025-05-22 16:58:50
10298,4,963,2024-12-22,09:30:00,49,2,,2025-05-22 16:58:50
10299,4,603,2026-05-21,16:30:00,46,2,,2025-05-22 16:58:50
10300,1,30,2025-01-28,14:45:00,19,4,,2025-05-22 16:58:50
10301,3,755,2025-11-16,16:00:00,6,2,,2025-05-22 16:58:50
10302,6,875,2025-06-28,12:45:00,34,,,2025-05-22 16:58:50
10303,9,141,2024-09-08,12:30:00,23,,,2025-05-22 16:58:50
10304,10,988,2026-01-22,09:00:00,16,2,,2025-05-22 16:58:50
10305,1,112,2024-10-28,15:30:00,9,,,2025-05-22 16:58:50
10306,9,858,2026-06-29,10:00:00,25,3,,2025-05-22 16:58:50
10307,11,600,2025-04-20,16:15:00,11,3,,2025-05-22 16:58:50
10308,4,94,2025-01-18,12:15:00,49,1,,2025-05-22 16:58:50
10309,10,160,2026-01-21,10:00:00,16,,,2025-05-22 16:58:50
10310,1,443,2025-01-27,16:15:00,19,3,,2025-05-22 16:58:50
10311,3,474,2025-11-16,09:30:00,6,,,2025-05-22 16:58:50
10312,3,729,2024-06-08,10:15:00,32,,,2025-05-22 16:58:50
10313,5,416,2026-02-16,15:00:00,36,2,,2025-05-22 16:58:50
10314,8,345,2025-07-04,16:30:00,27,2,,2025-05-22 16:58:50
10315,8,1000,2024-10-17,12:30:00,37,,,2025-05-22 16:58:50
10316,10,824,2026-01-20,13:30:00,16,4,,2025-05-22 16:58:50
10317,1,63,2025-01-25,12:45:00,19,4,,2025-05-22 16:58:50
10318,10,266,2026-03-02,09:45:00,18,4,,2025-05-22 16:58:50
10319,1,982,2024-10-27,13:00:00,9,,,2025-05-22 16:58:50
10320,5,906,2025-09-07,09:15:00,47,3,,2025-05-22 16:58:50
10321,8,364,2025-07-06,15:00:00,27,,,2025-05-22 16:58:50
10322,1,715,2026-03-07,13:15:00,45,4,,2025-05-22 16:58:50
10323,3,528,2024-06-06,12:30:00,32,,,2025-05-22 16:58:50
10324,6,945,2026-05-25,16:00:00,13,2,,2025-05-22 16:58:50
10325,3,383,2025-07-12,14:30:00,7,2,,2025-05-22 16:58:50
10326,5,414,2025-06-22,15:15:00,40,1,,2025-05-22 16:58:50
10327,6,980,2026-03-26,13:30:00,13,2,,2025-05-22 16:58:50
10328,9,182,2026-02-15,13:00:00,1,,,2025-05-22 16:58:50
10329,9,780,2024-06-08,15:30:00,23,,,2025-05-22 16:58:50
10330,11,177,2024-11-23,11:00:00,15,2,,2025-05-22 16:58:50
10331,10,229,2026-01-23,11:45:00,16,,,2025-05-22 16:58:50
10332,6,728,2026-03-15,14:30:00,22,4,,2025-05-22 16:58:50
10333,3,449,2025-07-09,14:30:00,7,,,2025-05-22 16:58:50
10334,11,542,2025-04-15,14:15:00,11,4,,2025-05-22 16:58:50
10335,4,773,2025-09-21,13:15:00,8,2,,2025-05-22 16:58:50
10336,6,782,2026-03-31,16:00:00,13,3,,2025-05-22 16:58:50
10337,8,616,2024-10-04,11:00:00,39,2,,2025-05-22 16:58:50
10338,3,125,2025-07-05,10:15:00,7,4,,2025-05-22 16:58:50
10339,6,356,2025-06-28,15:45:00,34,,,2025-05-22 16:58:50
10340,9,505,2026-02-14,11:30:00,1,1,,2025-05-22 16:58:50
10341,1,32,2025-05-21,11:30:00,50,,,2025-05-22 16:58:50
10342,11,956,2025-08-08,15:45:00,38,5,,2025-05-22 16:58:50
10343,1,361,2026-03-02,13:15:00,45,1,,2025-05-22 16:58:50
10344,3,101,2024-10-15,16:15:00,24,3,,2025-05-22 16:58:50
10345,3,567,2025-11-16,16:00:00,6,,,2025-05-22 16:58:50
10346,1,816,2026-03-06,13:45:00,45,,,2025-05-22 16:58:50
10347,6,456,2025-06-30,15:00:00,34,5,,2025-05-22 16:58:50
10348,11,98,2025-10-01,12:15:00,21,1,,2025-05-22 16:58:50
10349,1,179,2025-06-05,10:45:00,4,3,,2025-05-22 16:58:50
10350,5,228,2026-02-03,11:30:00,36,5,,2025-05-22 16:58:50
10351,1,145,2024-11-25,10:15:00,33,,,2025-05-22 16:58:50
10352,6,789,2026-02-20,14:15:00,13,4,,2025-05-22 16:58:50
10353,2,486,2024-12-22,12:45:00,43,3,,2025-05-22 16:58:50
10354,7,416,2026-02-25,10:00:00,17,4,,2025-05-22 16:58:50
10355,1,355,2025-05-24,11:45:00,50,5,,2025-05-22 16:58:50
10356,1,240,2025-05-19,16:15:00,50,5,,2025-05-22 16:58:50
10357,1,309,2024-11-19,16:45:00,33,,,2025-05-22 16:58:50
10358,5,188,2024-12-02,14:00:00,5,,,2025-05-22 16:58:50
10359,11,793,2024-11-20,10:15:00,15,3,,2025-05-22 16:58:50
10360,3,66,2025-07-10,15:15:00,7,5,,2025-05-22 16:58:50
10361,9,304,2024-08-15,16:15:00,23,1,,2025-05-22 16:58:50
10362,3,827,2025-07-09,09:45:00,7,2,,2025-05-22 16:58:50
10363,10,810,2026-01-25,16:15:00,16,,,2025-05-22 16:58:50
10364,4,520,2025-02-17,12:00:00,49,,,2025-05-22 16:58:50
10365,3,978,2024-06-08,16:15:00,32,,,2025-05-22 16:58:50
10366,5,325,2026-01-29,10:15:00,36,3,,2025-05-22 16:58:50
10367,10,562,2026-01-28,14:15:00,28,1,,2025-05-22 16:58:50
10368,3,57,2024-10-15,15:00:00,24,5,,2025-05-22 16:58:50
10369,8,464,2024-10-06,14:15:00,37,4,,2025-05-22 16:58:50
10370,5,942,2026-02-05,11:45:00,36,,,2025-05-22 16:58:50
10371,10,709,2025-03-31,16:00:00,12,,,2025-05-22 16:58:50
10372,10,26,2026-03-01,13:00:00,18,1,,2025-05-22 16:58:50
10373,2,454,2024-07-18,16:45:00,44,1,,2025-05-22 16:58:50
10374,9,27,2026-02-11,10:30:00,1,3,,2025-05-22 16:58:50
10375,2,322,2024-07-19,16:45:00,44,,,2025-05-22 16:58:50
10376,8,954,2024-10-26,16:15:00,37,2,,2025-05-22 16:58:50
10377,4,593,2026-05-20,14:15:00,46,,,2025-05-22 16:58:50
10378,4,381,2025-01-07,13:45:00,49,2,,2025-05-22 16:58:50
10379,8,483,2025-07-04,09:00:00,27,3,,2025-05-22 16:58:50
10380,1,991,2024-10-28,16:45:00,9,4,,2025-05-22 16:58:50
10381,1,471,2024-11-21,11:30:00,33,,,2025-05-22 16:58:50
10382,9,380,2026-04-16,16:45:00,25,1,,2025-05-22 16:58:50
10383,8,829,2024-09-03,09:00:00,39,5,,2025-05-22 16:58:50
10384,6,855,2024-07-21,10:00:00,29,4,,2025-05-22 16:58:50
10385,3,608,2025-07-12,14:45:00,7,,,2025-05-22 16:58:50
10386,10,181,2026-03-03,13:45:00,18,1,,2025-05-22 16:58:50
10387,7,426,2025-07-22,09:00:00,3,,,2025-05-22 16:58:50
10388,4,458,2025-09-09,11:45:00,8,2,,2025-05-22 16:58:50
10389,9,121,2025-01-30,13:45:00,26,3,,2025-05-22 16:58:50
10390,6,413,2026-04-24,09:30:00,13,,,2025-05-22 16:58:50
10391,3,921,2025-07-06,10:00:00,7,,,2025-05-22 16:58:50
10392,10,20,2026-01-25,09:00:00,16,,,2025-05-22 16:58:50
10393,6,585,2026-03-14,14:15:00,22,2,,2025-05-22 16:58:50
10394,5,455,2025-09-10,12:45:00,47,,,2025-05-22 16:58:50
10395,3,851,2025-07-07,13:15:00,7,,,2025-05-22 16:58:50
10396,3,323,2025-02-15,15:30:00,2,2,,2025-05-22 16:58:50
10397,9,105,2024-09-21,15:30:00,23,,,2025-05-22 16:58:50
10398,7,789,2026-02-06,09:30:00,17,,,2025-05-22 16:58:50
10399,3,360,2024-10-16,10:00:00,24,,,2025-05-22 16:58:50
10400,4,916,2025-03-05,14:30:00,49,,,2025-05-22 16:58:50
10401,6,157,2025-06-29,13:30:00,34,,,2025-05-22 16:58:50
10402,11,655,2024-11-20,15:45:00,15,1,,2025-05-22 16:58:50
10403,11,819,2025-10-01,10:15:00,21,1,,2025-05-22 16:58:50
10404,4,560,2025-07-21,11:15:00,8,5,,2025-05-22 16:58:50
10405,2,918,2024-12-24,13:45:00,43,,,2025-05-22 16:58:50
10406,6,233,2026-03-12,10:00:00,13,,,2025-05-22 16:58:50
10407,9,518,2025-09-19,09:00:00,35,3,,2025-05-22 16:58:50
10408,8,831,2024-11-01,13:30:00,37,1,,2025-05-22 16:58:50
10409,6,740,2026-03-15,13:30:00,22,3,,2025-05-22 16:58:50
10410,5,63,2025-09-09,16:15:00,47,5,,2025-05-22 16:58:50
10411,5,964,2025-09-10,14:45:00,47,2,,2025-05-22 16:58:50
10412,2,518,2024-07-19,14:00:00,44,3,,2025-05-22 16:58:50
10413,3,993,2025-02-15,15:15:00,2,5,,2025-05-22 16:58:50
10414,10,166,2026-03-03,12:15:00,18,3,,2025-05-22 16:58:50
10415,4,88,2025-09-27,14:30:00,8,5,,2025-05-22 16:58:50
10416,11,992,2025-08-08,16:00:00,38,4,,2025-05-22 16:58:50
10417,3,694,2025-07-07,10:45:00,7,1,,2025-05-22 16:58:50
10418,9,55,2025-01-29,11:30:00,26,5,,2025-05-22 16:58:50
10419,1,166,2024-11-20,16:00:00,33,,,2025-05-22 16:58:50
10420,10,663,2025-03-30,14:30:00,12,5,,2025-05-22 16:58:50
10421,11,532,2025-04-21,12:00:00,11,5,,2025-05-22 16:58:50
10422,7,6,2025-06-28,14:15:00,3,,,2025-05-22 16:58:50
10423,4,457,2025-07-27,13:15:00,8,,,2025-05-22 16:58:50
10424,6,205,2024-07-03,14:00:00,29,,,2025-05-22 16:58:50
10425,2,112,2024-12-27,16:00:00,43,,,2025-05-22 16:58:50
10426,9,534,2024-09-09,12:30:00,23,,,2025-05-22 16:58:50
10427,6,747,2025-06-28,15:45:00,34,4,,2025-05-22 16:58:50
10428,6,721,2025-07-05,11:00:00,34,2,,2025-05-22 16:58:50
10429,5,576,2025-10-19,15:30:00,48,,,2025-05-22 16:58:50
10430,3,667,2025-07-06,16:15:00,7,,,2025-05-22 16:58:50
10431,6,321,2026-01-30,12:45:00,13,,,2025-05-22 16:58:50
10432,9,524,2026-02-21,12:15:00,25,2,,2025-05-22 16:58:50
10433,5,670,2025-06-18,13:30:00,40,3,,2025-05-22 16:58:50
10434,10,93,2026-01-21,09:00:00,16,,,2025-05-22 16:58:50
10435,5,196,2024-12-03,11:00:00,5,3,,2025-05-22 16:58:50
10436,11,266,2024-11-24,16:15:00,15,5,,2025-05-22 16:58:50
10437,9,968,2026-05-15,12:15:00,25,1,,2025-05-22 16:58:50
10438,8,198,2025-07-05,12:00:00,27,,,2025-05-22 16:58:50
10439,4,555,2026-08-17,14:15:00,20,5,,2025-05-22 16:58:50
10440,4,391,2025-08-13,12:45:00,8,2,,2025-05-22 16:58:50
10441,4,542,2026-05-24,14:15:00,20,5,,2025-05-22 16:58:50
10442,4,533,2026-04-10,15:15:00,20,5,,2025-05-22 16:58:50
10443,1,26,2024-11-21,16:45:00,33,5,,2025-05-22 16:58:50
10444,4,715,2026-06-04,10:15:00,20,2,,2025-05-22 16:58:50
10445,3,470,2025-11-17,15:00:00,6,1,,2025-05-22 16:58:50
10446,9,89,2025-09-21,13:30:00,35,1,,2025-05-22 16:58:50
10447,11,51,2024-11-21,15:30:00,15,1,,2025-05-22 16:58:50
10448,10,346,2025-03-28,15:45:00,12,4,,2025-05-22 16:58:50
10449,1,135,2025-06-01,14:45:00,4,2,,2025-05-22 16:58:50
10450,1,458,2024-11-26,13:00:00,33,5,,2025-05-22 16:58:50
10451,10,7,2026-03-01,14:45:00,18,,,2025-05-22 16:58:50
10452,6,350,2024-08-09,11:00:00,29,,,2025-05-22 16:58:50
10453,8,309,2025-07-04,12:00:00,27,,,2025-05-22 16:58:50
10454,5,777,2025-06-06,15:30:00,40,2,,2025-05-22 16:58:50
10455,3,965,2024-06-08,15:45:00,32,1,,2025-05-22 16:58:50
10456,9,678,2026-02-14,12:45:00,1,1,,2025-05-22 16:58:50
10457,9,967,2025-09-21,16:15:00,35,5,,2025-05-22 16:58:50
10458,4,524,2025-09-10,10:15:00,8,5,,2025-05-22 16:58:50
10459,3,743,2024-06-07,11:45:00,32,3,,2025-05-22 16:58:50
10460,6,995,2025-07-03,13:15:00,34,5,,2025-05-22 16:58:50
10461,7,97,2025-06-17,16:00:00,3,5,,2025-05-22 16:58:50
10462,6,259,2024-06-06,14:15:00,29,3,,2025-05-22 16:58:50
10463,9,144,2025-01-30,10:15:00,26,4,,2025-05-22 16:58:50
10464,6,329,2024-06-23,12:45:00,29,5,,2025-05-22 16:58:50
10465,10,377,2025-03-31,10:15:00,12,,,2025-05-22 16:58:50
10466,10,793,2026-01-28,10:45:00,28,5,,2025-05-22 16:58:50
10467,6,845,2024-08-10,13:45:00,29,4,,2025-05-22 16:58:50
10468,1,129,2025-01-26,11:15:00,19,1,,2025-05-22 16:58:50
10469,1,507,2024-10-30,11:00:00,9,3,,2025-05-22 16:58:50
10470,1,278,2025-06-04,12:15:00,4,3,,2025-05-22 16:58:50
10471,10,109,2025-07-17,11:45:00,41,,,2025-05-22 16:58:50
10472,9,559,2026-02-15,16:30:00,1,3,,2025-05-22 16:58:50
10473,9,90,2026-05-09,12:00:00,25,5,,2025-05-22 16:58:50
10474,1,281,2024-10-29,11:00:00,9,2,,2025-05-22 16:58:50
10475,9,36,2026-02-11,11:45:00,1,3,,2025-05-22 16:58:50
10476,5,180,2024-12-02,13:00:00,5,3,,2025-05-22 16:58:50
10477,1,222,2025-06-05,15:15:00,4,5,,2025-05-22 16:58:50
10478,10,522,2026-01-23,11:00:00,16,5,,2025-05-22 16:58:50
10479,6,785,2026-03-14,14:45:00,22,5,,2025-05-22 16:58:50
10480,9,24,2026-02-11,12:45:00,1,,,2025-05-22 16:58:50
10481,11,111,2025-08-09,09:45:00,38,,,2025-05-22 16:58:50
10482,11,949,2025-04-21,15:15:00,11,5,,2025-05-22 16:58:50
10483,7,520,2026-04-25,13:45:00,17,3,,2025-05-22 16:58:50
10484,6,852,2025-07-03,09:45:00,34,3,,2025-05-22 16:58:50
10485,6,799,2026-02-11,09:00:00,13,,,2025-05-22 16:58:50
10486,6,112,2026-03-12,14:30:00,22,4,,2025-05-22 16:58:50
10487,5,121,2024-12-02,09:45:00,5,1,,2025-05-22 16:58:50
10488,3,799,2024-10-12,11:15:00,24,5,,2025-05-22 16:58:50
10489,8,639,2024-09-23,11:00:00,39,1,,2025-05-22 16:58:50
10490,3,215,2024-10-15,10:00:00,24,1,,2025-05-22 16:58:50
10491,9,136,2025-09-24,09:30:00,35,5,,2025-05-22 16:58:50
10492,11,616,2024-11-22,12:15:00,15,1,,2025-05-22 16:58:50
10493,3,666,2025-07-09,09:00:00,7,3,,2025-05-22 16:58:50
10494,9,370,2024-09-13,12:00:00,23,,,2025-05-22 16:58:50
10495,6,604,2025-07-04,09:30:00,34,4,,2025-05-22 16:58:50
10496,2,855,2024-07-18,14:15:00,44,1,,2025-05-22 16:58:50
10497,3,299,2025-02-14,15:30:00,2,1,,2025-05-22 16:58:50
10498,1,951,2025-05-20,12:30:00,50,,,2025-05-22 16:58:50
10499,11,252,2024-11-24,12:30:00,15,,,2025-05-22 16:58:50
10500,11,602,2025-08-10,16:00:00,38,5,,2025-05-22 16:58:50
10501,8,714,2025-07-04,15:00:00,27,5,,2025-05-22 16:58:50
10502,5,795,2025-11-04,15:00:00,48,3,,2025-05-22 16:58:50
10503,9,377,2025-09-21,12:45:00,35,3,,2025-05-22 16:58:50
10504,6,260,2026-03-14,10:30:00,22,2,,2025-05-22 16:58:50
10505,3,203,2025-11-16,14:30:00,6,4,,2025-05-22 16:58:50
10506,9,224,2026-02-12,15:30:00,1,,,2025-05-22 16:58:50
10507,6,331,2025-07-05,14:15:00,34,,,2025-05-22 16:58:50
10508,9,62,2024-08-16,14:30:00,23,,,2025-05-22 16:58:50
10509,6,236,2026-03-12,13:00:00,22,2,,2025-05-22 16:58:50
10510,10,569,2026-02-28,13:45:00,18,5,,2025-05-22 16:58:50
10511,2,860,2024-12-24,16:00:00,43,4,,2025-05-22 16:58:50
10512,8,768,2024-09-24,16:00:00,39,4,,2025-05-22 16:58:50
10513,5,558,2025-06-08,10:30:00,40,1,,2025-05-22 16:58:50
10514,1,769,2025-01-28,13:00:00,19,4,,2025-05-22 16:58:50
10515,7,521,2026-04-03,09:30:00,17,4,,2025-05-22 16:58:50
10516,1,563,2025-05-20,11:15:00,50,,,2025-05-22 16:58:50
10517,9,578,2025-01-29,16:30:00,26,2,,2025-05-22 16:58:50
10518,1,13,2025-01-27,12:15:00,19,1,,2025-05-22 16:58:50
10519,1,140,2025-06-08,12:15:00,4,4,,2025-05-22 16:58:50
10520,6,207,2025-07-01,10:45:00,34,4,,2025-05-22 16:58:50
10521,3,661,2024-06-08,11:45:00,32,2,,2025-05-22 16:58:50
10522,5,954,2024-12-03,12:45:00,5,5,,2025-05-22 16:58:50
10523,8,869,2024-10-06,11:00:00,37,,,2025-05-22 16:58:50
10524,10,616,2026-01-29,11:45:00,28,3,,2025-05-22 16:58:50
10525,8,986,2024-08-12,16:30:00,39,5,,2025-05-22 16:58:50
10526,4,501,2025-01-21,15:30:00,49,4,,2025-05-22 16:58:50
10527,3,228,2025-11-16,16:15:00,6,,,2025-05-22 16:58:50
10528,9,805,2026-02-14,12:15:00,1,5,,2025-05-22 16:58:50
10529,9,464,2024-06-10,10:15:00,23,,,2025-05-22 16:58:50
10530,9,380,2026-02-14,15:45:00,1,3,,2025-05-22 16:58:50
10531,9,80,2026-02-06,15:00:00,25,3,,2025-05-22 16:58:50
10532,5,196,2025-06-26,11:30:00,40,,,2025-05-22 16:58:50
10533,7,625,2026-01-03,13:30:00,17,2,,2025-05-22 16:58:50
10534,1,252,2024-10-28,13:00:00,9,2,,2025-05-22 16:58:50
10535,9,434,2025-09-22,16:30:00,35,2,,2025-05-22 16:58:50
10536,1,94,2024-11-23,15:45:00,33,5,,2025-05-22 16:58:50
10537,4,198,2025-01-30,14:15:00,49,5,,2025-05-22 16:58:50
10538,5,140,2025-06-04,11:45:00,40,4,,2025-05-22 16:58:50
10539,6,454,2026-03-12,14:15:00,22,5,,2025-05-22 16:58:50
10540,11,14,2025-08-08,12:30:00,38,,,2025-05-22 16:58:50
10541,6,624,2024-07-22,16:00:00,29,4,,2025-05-22 16:58:50
10542,4,710,2026-08-25,14:30:00,20,1,,2025-05-22 16:58:50
10543,8,536,2024-10-02,14:30:00,37,,,2025-05-22 16:58:50
10544,4,1000,2026-04-09,12:15:00,20,,,2025-05-22 16:58:50
10545,4,677,2026-05-22,15:45:00,46,2,,2025-05-22 16:58:50
10546,8,333,2024-09-18,14:45:00,37,5,,2025-05-22 16:58:50
10547,1,918,2025-06-04,13:15:00,4,2,,2025-05-22 16:58:50
10548,3,768,2024-06-08,13:45:00,32,4,,2025-05-22 16:58:50
10549,3,187,2025-11-17,12:45:00,6,4,,2025-05-22 16:58:50
10550,6,94,2025-07-02,10:00:00,34,2,,2025-05-22 16:58:50
10551,11,900,2025-10-01,14:30:00,21,,,2025-05-22 16:58:50
10552,10,919,2026-01-23,16:45:00,16,2,,2025-05-22 16:58:50
10553,1,380,2024-10-30,09:30:00,9,3,,2025-05-22 16:58:50
10554,5,879,2025-08-30,11:30:00,48,4,,2025-05-22 16:58:50
10555,1,422,2025-06-02,11:00:00,4,5,,2025-05-22 16:58:50
10556,9,390,2026-03-30,11:30:00,25,3,,2025-05-22 16:58:50
10557,10,972,2025-03-28,15:45:00,12,4,,2025-05-22 16:58:50
10558,11,976,2025-10-05,12:15:00,21,5,,2025-05-22 16:58:50
10559,10,138,2025-03-30,14:30:00,12,5,,2025-05-22 16:58:50
10560,6,500,2026-03-14,10:30:00,22,2,,2025-05-22 16:58:50
10561,8,417,2024-09-22,09:15:00,39,,,2025-05-22 16:58:50
10562,11,972,2025-10-02,11:15:00,21,,,2025-05-22 16:58:50
10563,4,117,2026-05-22,13:15:00,46,3,,2025-05-22 16:58:50
10564,9,450,2025-01-30,09:45:00,26,,,2025-05-22 16:58:50
10565,9,820,2026-03-23,14:00:00,25,3,,2025-05-22 16:58:50
10566,11,622,2025-04-18,16:45:00,11,5,,2025-05-22 16:58:50
10567,11,855,2025-10-05,10:45:00,21,,,2025-05-22 16:58:50
10568,5,377,2025-06-09,15:15:00,40,3,,2025-05-22 16:58:50
10569,10,132,2025-04-01,14:30:00,12,1,,2025-05-22 16:58:50
10570,10,373,2025-07-21,11:45:00,41,3,,2025-05-22 16:58:50
10571,3,624,2025-11-17,10:30:00,6,5,,2025-05-22 16:58:50
10572,8,75,2024-09-08,09:45:00,39,,,2025-05-22 16:58:50
10573,2,384,2024-07-18,12:00:00,44,4,,2025-05-22 16:58:50
10574,11,906,2024-11-23,11:00:00,15,1,,2025-05-22 16:58:50
10575,3,825,2024-06-08,12:45:00,32,,,2025-05-22 16:58:50
10576,1,202,2025-06-02,09:15:00,4,5,,2025-05-22 16:58:50
10577,5,952,2025-11-15,16:45:00,48,5,,2025-05-22 16:58:50
10578,10,165,2025-07-21,12:45:00,41,5,,2025-05-22 16:58:50
10579,6,1000,2026-03-12,10:00:00,22,4,,2025-05-22 16:58:50
10580,11,822,2025-08-09,12:45:00,38,1,,2025-05-22 16:58:50
10581,9,302,2026-06-01,16:30:00,25,2,,2025-05-22 16:58:50
10582,6,962,2026-03-02,11:15:00,13,,,2025-05-22 16:58:50
10583,1,718,2025-01-27,16:30:00,19,4,,2025-05-22 16:58:50
10584,4,860,2026-05-20,10:00:00,46,,,2025-05-22 16:58:50
10585,4,951,2026-05-21,15:00:00,46,,,2025-05-22 16:58:50
10586,6,208,2026-03-12,15:00:00,22,5,,2025-05-22 16:58:50
10587,2,756,2024-07-18,12:15:00,44,,,2025-05-22 16:58:50
10588,1,428,2024-11-23,11:45:00,33,1,,2025-05-22 16:58:50
10589,9,777,2026-05-08,11:30:00,25,3,,2025-05-22 16:58:50
10590,6,695,2026-03-12,16:45:00,22,3,,2025-05-22 16:58:50
10591,10,271,2025-04-03,13:45:00,12,1,,2025-05-22 16:58:50
10592,1,43,2026-03-03,15:30:00,45,5,,2025-05-22 16:58:50
10593,2,925,2024-07-19,15:45:00,44,5,,2025-05-22 16:58:50
10594,7,162,2026-02-21,11:30:00,17,5,,2025-05-22 16:58:50
10595,11,691,2025-10-05,12:30:00,21,1,,2025-05-22 16:58:50
10596,4,486,2024-12-30,10:30:00,49,2,,2025-05-22 16:58:50
10597,11,595,2025-04-21,09:45:00,11,2,,2025-05-22 16:58:50
10598,6,604,2024-07-17,16:30:00,29,,,2025-05-22 16:58:50
10599,7,466,2026-05-01,11:30:00,17,4,,2025-05-22 16:58:50
10600,3,191,2025-02-15,16:45:00,2,1,,2025-05-22 16:58:50
10601,3,539,2025-07-09,16:00:00,7,3,,2025-05-22 16:58:50
10602,1,515,2025-06-07,13:45:00,4,2,,2025-05-22 16:58:50
10603,4,372,2026-08-22,12:00:00,20,,,2025-05-22 16:58:50
10604,2,376,2024-07-18,12:15:00,44,5,,2025-05-22 16:58:50
10605,9,245,2024-06-04,09:30:00,23,2,,2025-05-22 16:58:50
10606,4,31,2025-01-12,14:15:00,49,2,,2025-05-22 16:58:50
10607,3,779,2024-10-13,10:30:00,24,4,,2025-05-22 16:58:50
10608,2,867,2024-12-26,11:15:00,43,,,2025-05-22 16:58:50
10609,9,58,2026-02-11,14:15:00,1,,,2025-05-22 16:58:50
10610,1,669,2025-05-20,12:30:00,50,3,,2025-05-22 16:58:50
10611,2,387,2024-07-18,09:30:00,44,3,,2025-05-22 16:58:50
10612,4,911,2026-06-27,11:30:00,20,,,2025-05-22 16:58:50
10613,6,20,2026-02-05,12:00:00,13,,,2025-05-22 16:58:50
10614,4,549,2026-06-27,15:15:00,20,,,2025-05-22 16:58:50
10615,5,337,2026-02-16,15:30:00,36,1,,2025-05-22 16:58:50
10616,3,193,2025-11-16,12:15:00,6,4,,2025-05-22 16:58:50
10617,11,1,2025-10-05,16:30:00,21,4,,2025-05-22 16:58:50
10618,5,709,2025-11-17,13:45:00,48,3,,2025-05-22 16:58:50
10619,10,994,2026-01-28,13:30:00,28,,,2025-05-22 16:58:50
10620,3,294,2025-11-17,11:30:00,6,,,2025-05-22 16:58:50
10621,7,820,2026-04-05,14:15:00,17,,,2025-05-22 16:58:50
10622,4,92,2025-02-27,15:15:00,49,3,,2025-05-22 16:58:50
10623,8,924,2024-08-23,14:45:00,39,5,,2025-05-22 16:58:50
10624,7,119,2025-05-28,15:30:00,3,,,2025-05-22 16:58:50
10625,3,890,2025-07-06,15:15:00,7,4,,2025-05-22 16:58:50
10626,6,893,2026-03-28,10:00:00,13,2,,2025-05-22 16:58:50
10627,6,696,2025-07-02,11:45:00,34,,,2025-05-22 16:58:50
10628,8,59,2024-10-16,15:15:00,37,1,,2025-05-22 16:58:50
10629,9,544,2024-07-25,11:45:00,23,5,,2025-05-22 16:58:50
10630,10,354,2025-04-02,15:45:00,12,,,2025-05-22 16:58:50
10631,1,598,2024-11-25,15:00:00,33,2,,2025-05-22 16:58:50
10632,3,420,2024-06-06,11:30:00,32,4,,2025-05-22 16:58:50
10633,1,42,2026-03-03,16:15:00,45,1,,2025-05-22 16:58:50
10634,5,353,2026-01-19,09:30:00,36,3,,2025-05-22 16:58:50
10635,9,322,2026-02-15,10:45:00,1,,,2025-05-22 16:58:50
10636,1,193,2026-03-08,09:30:00,45,5,,2025-05-22 16:58:50
10637,3,726,2025-07-06,15:30:00,7,2,,2025-05-22 16:58:50
10638,5,223,2025-06-23,11:15:00,40,,,2025-05-22 16:58:50
10639,10,925,2025-07-20,11:30:00,41,,,2025-05-22 16:58:50
10640,3,242,2024-06-08,12:00:00,32,3,,2025-05-22 16:58:50
10641,9,648,2024-06-14,12:45:00,23,1,,2025-05-22 16:58:50
10642,2,263,2024-07-18,16:45:00,44,5,,2025-05-22 16:58:50
10643,11,782,2025-08-10,15:00:00,38,5,,2025-05-22 16:58:50
10644,8,108,2025-07-06,16:45:00,27,,,2025-05-22 16:58:50
10645,1,179,2025-06-02,10:45:00,4,,,2025-05-22 16:58:50
10646,10,540,2026-03-01,12:30:00,18,1,,2025-05-22 16:58:50
10647,3,370,2024-10-16,09:00:00,24,5,,2025-05-22 16:58:50
10648,5,216,2026-01-27,10:30:00,36,,,2025-05-22 16:58:50
10649,11,797,2025-08-07,14:45:00,38,1,,2025-05-22 16:58:50
10650,9,625,2025-09-19,14:15:00,35,2,,2025-05-22 16:58:50
10651,1,673,2026-03-08,09:00:00,45,2,,2025-05-22 16:58:50
10652,10,620,2026-01-29,15:30:00,28,,,2025-05-22 16:58:50
10653,10,779,2026-01-23,09:00:00,16,5,,2025-05-22 16:58:50
10654,9,148,2025-01-29,09:45:00,26,3,,2025-05-22 16:58:50
10655,9,427,2025-09-18,16:15:00,35,,,2025-05-22 16:58:50
10656,3,460,2025-02-15,12:00:00,2,2,,2025-05-22 16:58:50
10657,1,409,2025-06-04,12:00:00,4,2,,2025-05-22 16:58:50
10658,3,595,2024-10-17,11:30:00,24,3,,2025-05-22 16:58:50
10659,9,2,2024-08-04,12:00:00,23,1,,2025-05-22 16:58:50
10660,3,447,2025-07-11,11:15:00,7,,,2025-05-22 16:58:50
10661,4,562,2026-06-13,10:00:00,20,,,2025-05-22 16:58:50
10662,10,856,2025-03-29,13:00:00,12,2,,2025-05-22 16:58:50
10663,10,827,2026-01-28,09:45:00,28,,,2025-05-22 16:58:50
10664,8,112,2024-09-21,11:00:00,39,,,2025-05-22 16:58:50
10665,8,331,2024-10-01,11:45:00,39,3,,2025-05-22 16:58:50
10666,5,613,2024-12-02,14:45:00,5,4,,2025-05-22 16:58:50
10667,3,595,2025-07-08,09:15:00,7,,,2025-05-22 16:58:50
10668,5,297,2025-09-09,16:30:00,47,5,,2025-05-22 16:58:50
10669,2,48,2024-07-19,12:30:00,44,3,,2025-05-22 16:58:50
10670,10,535,2026-02-28,11:30:00,18,1,,2025-05-22 16:58:50
10671,10,55,2026-01-22,14:15:00,16,5,,2025-05-22 16:58:50
10672,9,627,2026-02-20,10:15:00,25,5,,2025-05-22 16:58:50
10673,10,300,2026-01-23,14:45:00,16,,,2025-05-22 16:58:50
10674,2,699,2024-12-25,10:30:00,43,5,,2025-05-22 16:58:50
10675,4,473,2025-02-18,13:45:00,49,,,2025-05-22 16:58:50
10676,3,274,2024-06-06,15:00:00,32,4,,2025-05-22 16:58:50
10677,9,437,2025-09-22,11:15:00,35,1,,2025-05-22 16:58:50
10678,1,754,2025-06-02,13:30:00,4,4,,2025-05-22 16:58:50
10679,2,960,2024-07-19,10:30:00,44,2,,2025-05-22 16:58:50
10680,9,33,2025-01-29,11:45:00,26,2,,2025-05-22 16:58:50
10681,5,825,2025-09-08,16:15:00,47,4,,2025-05-22 16:58:50
10682,1,948,2024-11-21,15:45:00,33,1,,2025-05-22 16:58:50
10683,9,538,2026-06-27,14:45:00,25,,,2025-05-22 16:58:50
10684,10,638,2026-03-01,10:30:00,18,,,2025-05-22 16:58:50
10685,10,672,2025-07-21,16:30:00,41,,,2025-05-22 16:58:50
10686,7,151,2026-03-23,12:30:00,17,2,,2025-05-22 16:58:50
10687,10,491,2026-01-20,10:30:00,16,,,2025-05-22 16:58:50
10688,8,708,2024-08-14,10:30:00,39,2,,2025-05-22 16:58:50
10689,10,792,2026-03-03,15:00:00,18,1,,2025-05-22 16:58:50
10690,8,899,2024-10-02,16:00:00,37,3,,2025-05-22 16:58:50
10691,4,53,2024-11-20,15:00:00,49,4,,2025-05-22 16:58:50
10692,8,438,2024-08-27,09:45:00,39,,,2025-05-22 16:58:50
10693,11,879,2025-09-30,16:30:00,21,3,,2025-05-22 16:58:50
10694,2,525,2024-12-27,14:00:00,43,3,,2025-05-22 16:58:50
10695,10,586,2025-07-18,09:00:00,41,5,,2025-05-22 16:58:50
10696,8,312,2024-08-22,12:30:00,39,1,,2025-05-22 16:58:50
10697,7,11,2026-04-01,11:45:00,17,5,,2025-05-22 16:58:50
10698,4,643,2026-04-20,10:00:00,20,4,,2025-05-22 16:58:50
10699,4,662,2026-05-23,10:00:00,46,4,,2025-05-22 16:58:50
10700,2,780,2024-07-19,12:45:00,44,4,,2025-05-22 16:58:50
10701,9,337,2024-07-26,16:00:00,23,1,,2025-05-22 16:58:50
10702,11,126,2025-10-03,13:45:00,21,1,,2025-05-22 16:58:50
10703,5,797,2025-09-01,09:15:00,48,4,,2025-05-22 16:58:50
10704,4,931,2025-01-24,09:15:00,49,2,,2025-05-22 16:58:50
10705,1,27,2024-10-28,15:00:00,9,,,2025-05-22 16:58:50
10706,4,992,2026-05-19,13:45:00,46,2,,2025-05-22 16:58:50
10707,5,977,2025-09-09,15:30:00,47,3,,2025-05-22 16:58:50
10708,2,137,2024-12-27,13:30:00,43,2,,2025-05-22 16:58:50
10709,3,259,2024-10-16,15:45:00,24,2,,2025-05-22 16:58:50
10710,11,780,2025-09-29,09:15:00,21,4,,2025-05-22 16:58:50
10711,10,986,2026-01-29,10:30:00,28,1,,2025-05-22 16:58:50
10712,10,707,2025-07-18,14:30:00,41,4,,2025-05-22 16:58:50
10713,6,74,2024-07-17,15:15:00,29,4,,2025-05-22 16:58:50
10714,6,150,2026-03-10,15:30:00,13,4,,2025-05-22 16:58:50
10715,1,31,2025-05-22,15:30:00,50,3,,2025-05-22 16:58:50
10716,10,923,2026-01-28,15:15:00,28,5,,2025-05-22 16:58:50
10717,11,823,2024-11-24,10:00:00,15,3,,2025-05-22 16:58:50
10718,10,276,2026-02-28,09:15:00,18,5,,2025-05-22 16:58:50
10719,11,77,2025-10-02,13:00:00,21,2,,2025-05-22 16:58:50
10720,9,802,2026-02-11,13:45:00,1,5,,2025-05-22 16:58:50
10721,2,336,2024-12-26,09:45:00,43,2,,2025-05-22 16:58:50
10722,4,324,2024-11-23,11:30:00,49,2,,2025-05-22 16:58:50
10723,2,700,2024-12-22,12:45:00,43,3,,2025-05-22 16:58:50
10724,1,632,2024-10-29,09:45:00,9,4,,2025-05-22 16:58:50
10725,2,646,2024-07-18,13:15:00,44,2,,2025-05-22 16:58:50
10726,5,343,2025-09-07,13:45:00,47,,,2025-05-22 16:58:50
10727,5,637,2026-01-17,10:00:00,36,1,,2025-05-22 16:58:50
10728,9,696,2024-09-22,11:45:00,23,,,2025-05-22 16:58:50
10729,3,776,2024-06-08,09:45:00,32,4,,2025-05-22 16:58:50
10730,10,827,2025-03-31,16:30:00,12,1,,2025-05-22 16:58:50
10731,2,38,2024-07-18,15:00:00,44,2,,2025-05-22 16:58:50
10732,1,162,2024-10-27,13:15:00,9,4,,2025-05-22 16:58:50
10733,10,772,2026-01-25,13:00:00,16,4,,2025-05-22 16:58:50
10734,1,523,2025-01-28,15:00:00,19,,,2025-05-22 16:58:50
10735,10,314,2025-03-30,16:45:00,12,2,,2025-05-22 16:58:50
10736,4,311,2026-05-24,11:00:00,20,,,2025-05-22 16:58:50
10737,9,88,2024-09-04,11:30:00,23,2,,2025-05-22 16:58:50
10738,5,278,2026-01-18,14:15:00,36,4,,2025-05-22 16:58:50
10739,9,38,2026-02-23,10:30:00,25,5,,2025-05-22 16:58:50
10740,5,890,2026-01-24,11:45:00,36,,,2025-05-22 16:58:50
10741,6,516,2024-07-07,13:45:00,29,,,2025-05-22 16:58:50
10742,10,623,2026-01-29,11:45:00,28,2,,2025-05-22 16:58:50
10743,1,668,2026-03-05,13:45:00,45,2,,2025-05-22 16:58:50
10744,9,76,2026-02-12,09:30:00,1,3,,2025-05-22 16:58:50
10745,8,188,2024-08-08,10:00:00,39,2,,2025-05-22 16:58:50
10746,1,326,2024-11-21,10:00:00,33,2,,2025-05-22 16:58:50
10747,5,941,2024-12-02,11:00:00,5,5,,2025-05-22 16:58:50
10748,4,746,2026-05-20,11:45:00,46,4,,2025-05-22 16:58:50
10749,5,523,2025-09-11,13:15:00,48,1,,2025-05-22 16:58:50
10750,10,745,2025-03-28,11:45:00,12,2,,2025-05-22 16:58:50
10751,10,290,2026-03-01,13:30:00,18,3,,2025-05-22 16:58:50
10752,1,993,2024-10-27,15:30:00,9,,,2025-05-22 16:58:50
10753,1,164,2024-11-22,12:30:00,33,,,2025-05-22 16:58:50
10754,6,172,2026-03-24,10:45:00,13,,,2025-05-22 16:58:50
10755,1,135,2024-11-21,10:15:00,33,2,,2025-05-22 16:58:50
10756,3,836,2024-06-07,11:00:00,32,4,,2025-05-22 16:58:50
10757,1,346,2026-03-07,16:00:00,45,4,,2025-05-22 16:58:50
10758,6,164,2026-03-16,16:45:00,13,1,,2025-05-22 16:58:50
10759,9,72,2025-09-19,15:45:00,35,4,,2025-05-22 16:58:50
10760,1,413,2024-10-29,09:00:00,9,5,,2025-05-22 16:58:50
10761,5,45,2024-12-02,16:30:00,5,2,,2025-05-22 16:58:50
10762,1,253,2024-10-30,12:30:00,9,,,2025-05-22 16:58:50
10763,6,98,2025-07-03,15:15:00,34,3,,2025-05-22 16:58:50
10764,9,891,2026-03-16,14:00:00,25,,,2025-05-22 16:58:50
10765,6,549,2026-03-15,09:15:00,22,,,2025-05-22 16:58:50
10766,6,424,2026-03-13,10:45:00,22,4,,2025-05-22 16:58:50
10767,10,368,2026-03-02,12:15:00,18,1,,2025-05-22 16:58:50
10768,9,781,2025-09-24,12:15:00,35,,,2025-05-22 16:58:50
10769,10,141,2025-07-22,15:30:00,41,5,,2025-05-22 16:58:50
10770,9,620,2026-06-23,11:30:00,25,5,,2025-05-22 16:58:50
10771,1,972,2024-11-23,12:00:00,33,,,2025-05-22 16:58:50
10772,9,343,2026-02-15,15:15:00,1,,,2025-05-22 16:58:50
10773,2,472,2024-12-24,16:45:00,43,,,2025-05-22 16:58:50
10774,2,847,2024-12-28,11:30:00,43,,,2025-05-22 16:58:50
10775,8,133,2025-07-05,16:15:00,27,1,,2025-05-22 16:58:50
10776,10,641,2026-01-28,12:30:00,28,,,2025-05-22 16:58:50
10777,3,472,2025-11-17,14:00:00,6,3,,2025-05-22 16:58:50
10778,3,191,2024-10-17,14:45:00,24,,,2025-05-22 16:58:50
10779,8,350,2024-09-29,13:15:00,39,4,,2025-05-22 16:58:50
10780,9,160,2026-05-08,16:15:00,25,,,2025-05-22 16:58:50
10781,10,811,2025-04-02,13:00:00,12,5,,2025-05-22 16:58:50
10782,5,342,2026-01-24,15:00:00,36,2,,2025-05-22 16:58:50
10783,5,565,2025-06-18,09:45:00,40,1,,2025-05-22 16:58:50
10784,11,458,2024-11-21,16:00:00,15,5,,2025-05-22 16:58:50
10785,7,75,2025-03-09,13:00:00,3,3,,2025-05-22 16:58:50
10786,5,642,2026-01-19,12:45:00,36,5,,2025-05-22 16:58:50
10787,2,961,2024-12-28,09:00:00,43,1,,2025-05-22 16:58:50
10788,8,25,2024-11-06,10:45:00,37,5,,2025-05-22 16:58:50
10789,6,783,2024-06-09,11:15:00,29,,,2025-05-22 16:58:50
10790,5,971,2024-12-03,16:30:00,5,1,,2025-05-22 16:58:50
10791,2,234,2024-12-26,16:00:00,43,,,2025-05-22 16:58:50
10792,5,443,2026-02-16,13:30:00,36,1,,2025-05-22 16:58:50
10793,2,101,2024-12-27,09:30:00,43,4,,2025-05-22 16:58:50
10794,5,278,2025-06-27,10:00:00,40,2,,2025-05-22 16:58:50
10795,10,10,2026-03-01,16:45:00,18,,,2025-05-22 16:58:50
10796,7,853,2026-01-17,10:30:00,17,4,,2025-05-22 16:58:50
10797,1,876,2025-06-06,14:45:00,4,2,,2025-05-22 16:58:50
10798,5,114,2025-11-30,10:30:00,48,,,2025-05-22 16:58:50
10799,4,542,2026-05-23,16:00:00,46,,,2025-05-22 16:58:50
10800,11,194,2025-04-16,14:15:00,11,5,,2025-05-22 16:58:50
10801,8,805,2024-09-29,09:00:00,37,2,,2025-05-22 16:58:50
10802,1,799,2025-06-02,15:30:00,4,3,,2025-05-22 16:58:50
10803,5,504,2025-10-20,12:15:00,48,1,,2025-05-22 16:58:50
10804,7,347,2025-04-01,16:30:00,3,2,,2025-05-22 16:58:50
10805,11,759,2025-04-19,09:00:00,11,5,,2025-05-22 16:58:50
10806,5,961,2026-02-20,09:00:00,36,3,,2025-05-22 16:58:50
10807,3,801,2025-07-06,15:45:00,7,2,,2025-05-22 16:58:50
10808,11,706,2025-04-16,14:30:00,11,2,,2025-05-22 16:58:50
10809,3,350,2025-11-16,16:15:00,6,,,2025-05-22 16:58:50
10810,9,713,2026-02-14,09:45:00,1,4,,2025-05-22 16:58:50
10811,6,950,2024-06-14,16:30:00,29,,,2025-05-22 16:58:50
10812,11,555,2025-04-21,15:45:00,11,1,,2025-05-22 16:58:50
10813,6,568,2024-06-14,10:30:00,29,,,2025-05-22 16:58:50
10814,8,959,2024-10-22,10:30:00,39,2,,2025-05-22 16:58:50
10815,10,285,2026-01-23,10:45:00,16,4,,2025-05-22 16:58:50
10816,5,825,2024-12-03,15:45:00,5,,,2025-05-22 16:58:50
10817,1,92,2025-06-03,09:00:00,4,3,,2025-05-22 16:58:50
10818,1,536,2025-05-20,14:30:00,50,5,,2025-05-22 16:58:50
10819,9,203,2025-01-30,10:45:00,26,2,,2025-05-22 16:58:50
10820,11,922,2025-04-21,12:45:00,11,1,,2025-05-22 16:58:50
10821,7,62,2025-05-14,10:00:00,3,5,,2025-05-22 16:58:50
10822,6,668,2025-07-03,11:45:00,34,3,,2025-05-22 16:58:50
10823,7,757,2025-04-22,15:15:00,3,,,2025-05-22 16:58:50
10824,11,132,2024-11-20,15:15:00,15,,,2025-05-22 16:58:50
10825,8,509,2025-07-04,12:45:00,27,5,,2025-05-22 16:58:50
10826,1,786,2025-01-27,16:00:00,19,2,,2025-05-22 16:58:50
10827,9,343,2026-02-15,13:30:00,1,,,2025-05-22 16:58:50
10828,8,15,2024-10-20,11:15:00,37,1,,2025-05-22 16:58:50
10829,1,476,2024-10-28,14:00:00,9,3,,2025-05-22 16:58:50
10830,2,983,2024-07-19,16:30:00,44,3,,2025-05-22 16:58:50
10831,5,862,2025-08-13,12:30:00,48,,,2025-05-22 16:58:50
10832,11,753,2024-11-24,09:15:00,15,4,,2025-05-22 16:58:50
10833,10,298,2025-04-01,14:45:00,12,1,,2025-05-22 16:58:50
10834,1,977,2026-03-05,14:00:00,45,4,,2025-05-22 16:58:50
10835,3,36,2025-11-17,13:30:00,6,2,,2025-05-22 16:58:50
10836,4,110,2025-09-03,09:30:00,8,4,,2025-05-22 16:58:50
10837,1,316,2024-10-30,09:15:00,9,4,,2025-05-22 16:58:50
10838,10,131,2026-02-28,11:00:00,18,3,,2025-05-22 16:58:50
10839,1,528,2025-05-23,13:30:00,50,1,,2025-05-22 16:58:50
10840,2,281,2024-07-18,13:45:00,44,,,2025-05-22 16:58:50
10841,11,25,2025-08-09,16:15:00,38,2,,2025-05-22 16:58:50
10842,3,312,2024-10-13,14:15:00,24,,,2025-05-22 16:58:50
10843,3,332,2024-06-08,13:15:00,32,3,,2025-05-22 16:58:50
10844,2,630,2024-12-29,16:00:00,43,4,,2025-05-22 16:58:50
10845,5,185,2025-12-15,10:45:00,48,4,,2025-05-22 16:58:50
10846,9,246,2025-01-30,13:15:00,26,3,,2025-05-22 16:58:50
10847,11,201,2025-08-09,14:15:00,38,5,,2025-05-22 16:58:50
10848,8,7,2024-08-29,09:45:00,39,3,,2025-05-22 16:58:50
10849,11,133,2025-09-28,14:00:00,21,1,,2025-05-22 16:58:50
10850,8,826,2024-10-11,10:45:00,37,2,,2025-05-22 16:58:50
10851,2,294,2024-07-19,12:45:00,44,4,,2025-05-22 16:58:50
10852,6,871,2026-02-23,15:45:00,13,5,,2025-05-22 16:58:50
10853,2,703,2024-12-27,14:45:00,43,4,,2025-05-22 16:58:50
10854,8,916,2025-07-05,13:45:00,27,2,,2025-05-22 16:58:50
10855,7,609,2025-06-02,10:15:00,3,2,,2025-05-22 16:58:50
10856,11,841,2025-09-29,15:15:00,21,2,,2025-05-22 16:58:50
10857,5,995,2025-09-07,16:45:00,47,3,,2025-05-22 16:58:50
10858,10,89,2026-01-29,10:30:00,28,,,2025-05-22 16:58:50
10859,1,437,2024-11-21,14:00:00,33,3,,2025-05-22 16:58:50
10860,9,645,2025-01-29,14:00:00,26,4,,2025-05-22 16:58:50
10861,4,504,2025-08-14,14:45:00,8,2,,2025-05-22 16:58:50
10862,4,250,2026-04-10,09:15:00,20,,,2025-05-22 16:58:50
10863,11,173,2025-08-10,14:45:00,38,2,,2025-05-22 16:58:50
10864,2,667,2024-07-18,16:15:00,44,1,,2025-05-22 16:58:50
10865,1,202,2026-03-04,14:45:00,45,,,2025-05-22 16:58:50
10866,10,61,2025-07-21,12:00:00,41,2,,2025-05-22 16:58:50
10867,3,989,2024-10-14,10:15:00,24,,,2025-05-22 16:58:50
10868,5,252,2025-06-06,10:45:00,40,4,,2025-05-22 16:58:50
10869,6,165,2025-06-29,11:00:00,34,4,,2025-05-22 16:58:50
10870,3,634,2025-07-10,13:15:00,7,3,,2025-05-22 16:58:50
10871,3,692,2025-02-14,09:45:00,2,1,,2025-05-22 16:58:50
10872,4,966,2026-06-14,13:30:00,20,3,,2025-05-22 16:58:50
10873,6,749,2024-06-12,15:15:00,29,,,2025-05-22 16:58:50
10874,6,882,2026-03-13,14:15:00,22,2,,2025-05-22 16:58:50
10875,9,756,2025-09-22,10:45:00,35,1,,2025-05-22 16:58:50
10876,6,747,2026-03-14,09:30:00,22,1,,2025-05-22 16:58:50
10877,4,203,2024-12-29,16:30:00,49,2,,2025-05-22 16:58:50
10878,2,373,2024-07-18,10:15:00,44,3,,2025-05-22 16:58:50
10879,3,284,2025-07-11,10:30:00,7,5,,2025-05-22 16:58:50
10880,5,767,2025-06-17,09:00:00,40,5,,2025-05-22 16:58:50
10881,3,601,2024-06-07,10:30:00,32,2,,2025-05-22 16:58:50
10882,11,559,2025-08-08,14:45:00,38,,,2025-05-22 16:58:50
10883,4,252,2026-07-01,10:15:00,20,4,,2025-05-22 16:58:50
10884,9,322,2025-01-30,10:00:00,26,,,2025-05-22 16:58:50
10885,9,643,2026-02-18,15:45:00,25,2,,2025-05-22 16:58:50
10886,10,867,2026-03-01,16:30:00,18,1,,2025-05-22 16:58:50
10887,6,14,2025-07-04,13:15:00,34,5,,2025-05-22 16:58:50
10888,11,440,2025-08-09,12:15:00,38,,,2025-05-22 16:58:50
10889,9,207,2026-04-20,11:30:00,25,,,2025-05-22 16:58:50
10890,11,141,2025-10-03,11:00:00,21,,,2025-05-22 16:58:50
10891,1,62,2025-06-03,11:00:00,4,,,2025-05-22 16:58:50
10892,10,15,2026-01-29,15:45:00,28,4,,2025-05-22 16:58:50
10893,9,711,2026-06-05,13:15:00,25,3,,2025-05-22 16:58:50
10894,10,666,2026-03-03,15:30:00,18,4,,2025-05-22 16:58:50
10895,1,987,2024-10-30,11:45:00,9,1,,2025-05-22 16:58:50
10896,7,707,2026-02-11,10:45:00,17,,,2025-05-22 16:58:50
10897,5,365,2025-08-29,14:30:00,48,1,,2025-05-22 16:58:50
10898,9,106,2025-01-30,16:00:00,26,5,,2025-05-22 16:58:50
10899,6,805,2026-03-14,11:15:00,22,,,2025-05-22 16:58:50
10900,4,448,2026-06-13,12:00:00,20,,,2025-05-22 16:58:50
10901,2,106,2024-12-29,13:45:00,43,4,,2025-05-22 16:58:50
10902,3,747,2025-07-05,15:00:00,7,4,,2025-05-22 16:58:50
10903,8,991,2024-09-24,09:15:00,37,4,,2025-05-22 16:58:50
10904,11,514,2025-10-04,11:30:00,21,2,,2025-05-22 16:58:50
10905,9,480,2024-09-11,11:45:00,23,1,,2025-05-22 16:58:50
10906,3,675,2024-06-07,09:45:00,32,5,,2025-05-22 16:58:50
10907,9,688,2026-02-15,15:45:00,1,1,,2025-05-22 16:58:50
10908,1,359,2026-03-06,13:15:00,45,5,,2025-05-22 16:58:50
10909,11,556,2025-04-17,14:00:00,11,2,,2025-05-22 16:58:50
10910,2,475,2024-07-19,14:45:00,44,,,2025-05-22 16:58:50
10911,5,688,2026-02-07,15:30:00,36,5,,2025-05-22 16:58:50
10912,2,86,2024-12-28,11:30:00,43,,,2025-05-22 16:58:50
10913,6,996,2025-06-28,10:30:00,34,,,2025-05-22 16:58:50
10914,5,937,2025-06-05,10:45:00,40,3,,2025-05-22 16:58:50
10915,9,62,2025-01-29,09:30:00,26,2,,2025-05-22 16:58:50
10916,1,865,2024-11-22,14:15:00,33,3,,2025-05-22 16:58:50
10917,5,828,2025-09-09,16:00:00,47,3,,2025-05-22 16:58:50
10918,3,86,2025-02-15,12:00:00,2,5,,2025-05-22 16:58:50
10919,7,971,2026-02-13,16:30:00,17,5,,2025-05-22 16:58:50
10920,1,965,2026-03-07,14:00:00,45,2,,2025-05-22 16:58:50
10921,1,201,2024-10-30,09:00:00,9,2,,2025-05-22 16:58:50
10922,1,714,2024-11-26,13:30:00,33,4,,2025-05-22 16:58:50
10923,6,788,2026-03-13,15:30:00,22,3,,2025-05-22 16:58:50
10924,8,422,2025-07-06,10:45:00,27,2,,2025-05-22 16:58:50
10925,6,676,2026-04-05,14:45:00,13,5,,2025-05-22 16:58:50
10926,5,20,2026-01-26,16:15:00,36,,,2025-05-22 16:58:50
10927,10,564,2026-01-24,11:30:00,16,3,,2025-05-22 16:58:50
10928,10,770,2026-03-03,13:30:00,18,2,,2025-05-22 16:58:50
10929,3,317,2024-06-08,09:45:00,32,5,,2025-05-22 16:58:50
10930,4,431,2025-01-03,16:30:00,49,,,2025-05-22 16:58:50
10931,9,917,2025-09-25,15:00:00,35,,,2025-05-22 16:58:50
10932,5,906,2026-02-08,15:00:00,36,,,2025-05-22 16:58:50
10933,11,575,2024-11-21,13:30:00,15,3,,2025-05-22 16:58:50
10934,10,263,2025-04-01,12:45:00,12,,,2025-05-22 16:58:50
10935,10,789,2026-01-29,12:45:00,28,5,,2025-05-22 16:58:50
10936,3,282,2024-06-06,12:00:00,32,,,2025-05-22 16:58:50
10937,9,278,2026-02-14,13:45:00,1,5,,2025-05-22 16:58:50
10938,9,653,2026-03-20,15:15:00,25,4,,2025-05-22 16:58:50
10939,11,586,2025-10-03,09:30:00,21,,,2025-05-22 16:58:50
10940,2,185,2024-12-22,10:00:00,43,,,2025-05-22 16:58:50
10941,11,606,2025-10-02,14:00:00,21,3,,2025-05-22 16:58:50
10942,1,253,2025-05-20,09:30:00,50,3,,2025-05-22 16:58:50
10943,10,571,2025-04-02,13:15:00,12,,,2025-05-22 16:58:50
10944,8,675,2025-07-06,09:15:00,27,,,2025-05-22 16:58:50
10945,10,26,2026-03-01,09:00:00,18,,,2025-05-22 16:58:50
10946,11,438,2025-08-08,15:30:00,38,4,,2025-05-22 16:58:50
10947,1,547,2025-06-04,16:30:00,4,4,,2025-05-22 16:58:50
10948,10,607,2026-01-28,10:15:00,28,1,,2025-05-22 16:58:50
10949,1,930,2025-01-27,09:00:00,19,4,,2025-05-22 16:58:50
10950,10,298,2026-01-28,15:45:00,28,2,,2025-05-22 16:58:50
10951,2,207,2024-12-26,14:30:00,43,2,,2025-05-22 16:58:50
10952,7,215,2026-02-06,12:15:00,17,,,2025-05-22 16:58:50
10953,11,996,2024-11-19,14:00:00,15,1,,2025-05-22 16:58:50
10954,3,309,2025-02-15,15:00:00,2,,,2025-05-22 16:58:50
10955,4,166,2026-05-23,09:15:00,46,5,,2025-05-22 16:58:50
10956,7,594,2025-04-13,13:30:00,3,4,,2025-05-22 16:58:50
10957,2,43,2024-12-29,12:00:00,43,2,,2025-05-22 16:58:50
10958,4,573,2026-04-15,09:45:00,20,2,,2025-05-22 16:58:50
10959,8,361,2024-10-23,13:30:00,37,3,,2025-05-22 16:58:50
10960,6,837,2026-03-02,16:15:00,13,5,,2025-05-22 16:58:50
10961,5,618,2024-12-02,15:00:00,5,2,,2025-05-22 16:58:50
10962,8,165,2024-10-29,10:30:00,37,5,,2025-05-22 16:58:50
10963,3,721,2025-07-09,15:30:00,7,4,,2025-05-22 16:58:50
10964,9,115,2026-03-13,16:45:00,25,5,,2025-05-22 16:58:50
10965,8,167,2024-08-06,09:00:00,39,,,2025-05-22 16:58:50
10966,11,414,2024-11-19,12:00:00,15,3,,2025-05-22 16:58:50
10967,5,466,2025-06-28,13:15:00,40,5,,2025-05-22 16:58:50
10968,9,102,2025-01-30,12:30:00,26,5,,2025-05-22 16:58:50
10969,4,704,2026-05-23,16:30:00,46,1,,2025-05-22 16:58:50
10970,6,326,2025-07-04,14:00:00,34,1,,2025-05-22 16:58:50
10971,1,713,2024-11-24,11:00:00,33,5,,2025-05-22 16:58:50
10972,3,780,2025-02-15,14:00:00,2,2,,2025-05-22 16:58:50
10973,1,536,2024-11-20,09:30:00,33,,,2025-05-22 16:58:50
10974,11,136,2025-10-02,14:45:00,21,1,,2025-05-22 16:58:50
10975,7,422,2026-03-16,12:30:00,17,,,2025-05-22 16:58:50
10976,11,656,2025-04-21,14:30:00,11,,,2025-05-22 16:58:50
10977,10,615,2026-03-01,11:00:00,18,,,2025-05-22 16:58:50
10978,8,917,2025-07-06,10:15:00,27,3,,2025-05-22 16:58:50
10979,9,990,2025-01-30,09:00:00,26,4,,2025-05-22 16:58:50
10980,5,174,2025-09-08,09:00:00,47,3,,2025-05-22 16:58:50
10981,9,356,2025-09-20,15:00:00,35,,,2025-05-22 16:58:50
10982,4,517,2026-05-23,15:00:00,46,,,2025-05-22 16:58:50
10983,10,517,2026-01-23,13:45:00,16,4,,2025-05-22 16:58:50
10984,11,171,2025-10-01,13:45:00,21,2,,2025-05-22 16:58:50
10985,2,697,2024-07-19,10:30:00,44,5,,2025-05-22 16:58:50
10986,2,272,2024-07-18,16:00:00,44,2,,2025-05-22 16:58:50
10987,6,533,2026-03-12,10:30:00,22,1,,2025-05-22 16:58:50
10988,10,142,2026-01-24,16:15:00,16,,,2025-05-22 16:58:50
10989,7,233,2026-03-09,11:00:00,17,,,2025-05-22 16:58:50
10990,3,843,2025-07-08,16:45:00,7,2,,2025-05-22 16:58:50
10991,4,427,2026-07-29,10:30:00,20,3,,2025-05-22 16:58:50
10992,10,432,2025-03-28,15:15:00,12,2,,2025-05-22 16:58:50
10993,1,254,2024-10-28,11:00:00,9,2,,2025-05-22 16:58:50
10994,7,183,2025-07-13,13:00:00,3,2,,2025-05-22 16:58:50
10995,2,42,2024-07-19,12:00:00,44,,,2025-05-22 16:58:50
10996,4,680,2026-08-19,16:45:00,20,3,,2025-05-22 16:58:50
10997,2,959,2024-07-18,13:15:00,44,5,,2025-05-22 16:58:50
10998,10,487,2026-03-03,15:00:00,18,2,,2025-05-22 16:58:50
10999,10,788,2026-01-21,09:15:00,16,5,,2025-05-22 16:58:50
11000,1,616,2025-05-25,13:00:00,50,5,,2025-05-22 16:58:50
11001,4,410,2026-05-22,11:00:00,46,5,,2025-05-22 16:58:50
11002,3,904,2024-06-08,15:45:00,32,1,,2025-05-22 16:58:50
11003,9,733,2024-06-26,15:45:00,23,1,,2025-05-22 16:58:50
11004,5,282,2025-09-06,13:00:00,47,4,,2025-05-22 16:58:50
11005,8,933,2025-07-05,16:15:00,27,3,,2025-05-22 16:58:50
11006,7,151,2025-06-02,12:30:00,3,,,2025-05-22 16:58:50
11007,4,730,2025-09-14,12:30:00,8,1,,2025-05-22 16:58:50
11008,7,718,2026-01-04,12:30:00,17,4,,2025-05-22 16:58:50
11009,5,529,2025-12-26,14:30:00,48,5,,2025-05-22 16:58:50
11010,6,648,2026-03-15,11:30:00,22,2,,2025-05-22 16:58:50
11011,5,352,2024-12-02,10:45:00,5,,,2025-05-22 16:58:50
11012,5,782,2025-09-07,11:15:00,47,3,,2025-05-22 16:58:50
11013,2,672,2024-12-29,09:45:00,43,3,,2025-05-22 16:58:50
11014,11,744,2024-11-22,10:15:00,15,,,2025-05-22 16:58:50
11015,3,857,2025-11-17,11:00:00,6,5,,2025-05-22 16:58:50
11016,8,992,2024-09-09,09:30:00,39,,,2025-05-22 16:58:50
11017,3,256,2025-11-17,09:15:00,6,,,2025-05-22 16:58:50
11018,9,632,2024-09-26,13:45:00,23,3,,2025-05-22 16:58:50
11019,2,809,2024-12-22,16:30:00,43,2,,2025-05-22 16:58:50
11020,10,351,2026-01-29,13:15:00,28,1,,2025-05-22 16:58:50
11021,2,357,2024-12-27,15:45:00,43,,,2025-05-22 16:58:50
11022,8,114,2024-09-30,13:30:00,39,,,2025-05-22 16:58:50
11023,10,688,2026-01-28,16:45:00,28,4,,2025-05-22 16:58:50
11024,9,624,2026-02-13,12:15:00,1,4,,2025-05-22 16:58:50
11025,1,9,2024-11-19,13:45:00,33,,,2025-05-22 16:58:50
11026,8,80,2025-07-05,14:45:00,27,3,,2025-05-22 16:58:50
11027,10,463,2025-04-03,09:45:00,12,,,2025-05-22 16:58:50
11028,6,535,2026-04-24,16:45:00,13,,,2025-05-22 16:58:50
11029,1,529,2024-10-29,14:15:00,9,5,,2025-05-22 16:58:50
11030,8,217,2024-09-25,12:30:00,37,4,,2025-05-22 16:58:50
11031,9,623,2025-09-19,11:45:00,35,,,2025-05-22 16:58:50
11032,1,736,2026-03-06,13:30:00,45,4,,2025-05-22 16:58:50
11033,10,414,2026-03-03,09:30:00,18,5,,2025-05-22 16:58:50
11034,6,894,2024-06-08,16:30:00,29,,,2025-05-22 16:58:50
11035,4,117,2026-05-20,12:15:00,46,,,2025-05-22 16:58:50
11036,7,642,2026-03-27,12:45:00,17,5,,2025-05-22 16:58:50
11037,6,330,2026-03-15,16:00:00,22,5,,2025-05-22 16:58:50
11038,5,123,2026-02-20,11:45:00,36,2,,2025-05-22 16:58:50
11039,11,337,2025-08-10,15:30:00,38,1,,2025-05-22 16:58:50
11040,2,354,2024-07-18,14:30:00,44,3,,2025-05-22 16:58:50
11041,9,177,2026-03-28,13:15:00,25,1,,2025-05-22 16:58:50
11042,1,691,2024-10-29,13:45:00,9,,,2025-05-22 16:58:50
11043,10,905,2026-03-02,10:45:00,18,1,,2025-05-22 16:58:50
11044,9,276,2026-02-11,15:30:00,1,1,,2025-05-22 16:58:50
11045,9,146,2024-06-13,16:15:00,23,3,,2025-05-22 16:58:50
11046,2,250,2024-12-26,13:00:00,43,,,2025-05-22 16:58:50
11047,2,951,2024-07-19,16:45:00,44,3,,2025-05-22 16:58:50
11048,11,779,2024-11-24,13:45:00,15,4,,2025-05-22 16:58:50
11049,3,26,2025-07-06,13:00:00,7,1,,2025-05-22 16:58:50
11050,10,9,2025-04-03,12:00:00,12,2,,2025-05-22 16:58:50
11051,6,602,2026-02-08,12:00:00,13,5,,2025-05-22 16:58:50
11052,3,113,2024-06-08,10:30:00,32,5,,2025-05-22 16:58:50
11053,1,709,2025-05-21,12:15:00,50,2,,2025-05-22 16:58:50
11054,8,223,2024-08-24,13:30:00,39,1,,2025-05-22 16:58:50
11055,1,311,2026-03-03,11:00:00,45,5,,2025-05-22 16:58:50
11056,7,614,2025-04-30,12:30:00,3,,,2025-05-22 16:58:50
11057,3,872,2024-10-12,15:45:00,24,,,2025-05-22 16:58:50
11058,10,298,2025-07-18,16:45:00,41,3,,2025-05-22 16:58:50
11059,7,875,2025-06-27,12:30:00,3,1,,2025-05-22 16:58:50
11060,4,140,2026-04-30,09:30:00,20,5,,2025-05-22 16:58:50
11061,3,304,2024-10-17,10:00:00,24,4,,2025-05-22 16:58:50
11062,9,732,2026-02-13,12:15:00,1,,,2025-05-22 16:58:50
11063,2,572,2024-07-19,14:00:00,44,3,,2025-05-22 16:58:50
11064,6,769,2025-06-29,15:00:00,34,1,,2025-05-22 16:58:50
11065,9,695,2025-01-30,16:00:00,26,,,2025-05-22 16:58:50
11066,3,304,2025-07-09,16:30:00,7,4,,2025-05-22 16:58:50
11067,3,303,2025-07-05,09:00:00,7,5,,2025-05-22 16:58:50
11068,4,441,2026-06-28,12:15:00,20,4,,2025-05-22 16:58:50
11069,6,192,2024-08-06,16:15:00,29,1,,2025-05-22 16:58:50
11070,10,65,2026-01-24,10:15:00,16,4,,2025-05-22 16:58:50
11071,2,562,2024-07-19,15:15:00,44,,,2025-05-22 16:58:50
11072,10,172,2025-03-29,09:30:00,12,4,,2025-05-22 16:58:50
11073,1,711,2025-05-21,10:15:00,50,,,2025-05-22 16:58:50
11074,2,546,2024-12-27,15:45:00,43,1,,2025-05-22 16:58:50
11075,2,347,2024-07-18,10:00:00,44,4,,2025-05-22 16:58:50
11076,4,99,2025-08-14,09:45:00,8,5,,2025-05-22 16:58:50
11077,2,373,2024-07-19,10:15:00,44,2,,2025-05-22 16:58:50
11078,8,682,2025-07-04,09:00:00,27,5,,2025-05-22 16:58:50
11079,6,491,2026-03-29,10:45:00,13,,,2025-05-22 16:58:50
11080,1,911,2025-01-28,15:00:00,19,3,,2025-05-22 16:58:50
11081,9,212,2026-02-15,12:00:00,1,5,,2025-05-22 16:58:50
11082,8,549,2025-07-05,14:45:00,27,4,,2025-05-22 16:58:50
11083,5,343,2026-02-16,11:45:00,36,4,,2025-05-22 16:58:50
11084,5,169,2025-06-30,13:30:00,40,1,,2025-05-22 16:58:50
11085,8,756,2024-09-26,16:15:00,37,2,,2025-05-22 16:58:50
11086,9,134,2026-02-23,15:30:00,25,4,,2025-05-22 16:58:50
11087,3,52,2025-07-10,16:30:00,7,1,,2025-05-22 16:58:50
11088,3,489,2025-07-12,16:00:00,7,,,2025-05-22 16:58:50
11089,9,352,2025-01-29,11:45:00,26,,,2025-05-22 16:58:50
11090,4,98,2024-11-16,10:45:00,49,,,2025-05-22 16:58:50
11091,8,893,2024-11-01,12:45:00,37,5,,2025-05-22 16:58:50
11092,10,620,2025-03-30,14:45:00,12,4,,2025-05-22 16:58:50
11093,4,300,2025-09-14,16:30:00,8,5,,2025-05-22 16:58:50
11094,10,469,2026-02-28,09:45:00,18,,,2025-05-22 16:58:50
11095,2,280,2024-07-18,16:30:00,44,4,,2025-05-22 16:58:50
11096,3,576,2024-10-16,16:15:00,24,4,,2025-05-22 16:58:50
11097,5,980,2026-02-01,09:15:00,36,2,,2025-05-22 16:58:50
11098,2,762,2024-12-24,09:15:00,43,4,,2025-05-22 16:58:50
11099,1,235,2024-10-27,14:15:00,9,4,,2025-05-22 16:58:50
11100,11,279,2024-11-23,11:00:00,15,5,,2025-05-22 16:58:50
11101,5,344,2025-06-15,15:00:00,40,,,2025-05-22 16:58:50
11102,6,280,2024-07-21,14:00:00,29,2,,2025-05-22 16:58:50
11103,9,95,2025-01-30,15:00:00,26,3,,2025-05-22 16:58:50
11104,11,922,2025-10-04,14:45:00,21,3,,2025-05-22 16:58:50
11105,3,448,2025-02-14,11:45:00,2,5,,2025-05-22 16:58:50
11106,10,500,2026-01-24,09:00:00,16,,,2025-05-22 16:58:50
11107,5,459,2026-01-21,09:45:00,36,1,,2025-05-22 16:58:50
11108,5,645,2025-06-27,14:00:00,40,3,,2025-05-22 16:58:50
11109,10,510,2025-07-22,15:00:00,41,,,2025-05-22 16:58:50
11110,1,953,2026-03-05,10:15:00,45,5,,2025-05-22 16:58:50
11111,10,164,2026-01-29,14:30:00,28,4,,2025-05-22 16:58:50
11112,8,506,2024-10-03,15:00:00,39,5,,2025-05-22 16:58:50
11113,7,243,2026-02-24,15:30:00,17,1,,2025-05-22 16:58:50
11114,6,259,2026-03-14,12:45:00,22,,,2025-05-22 16:58:50
11115,10,624,2026-02-28,14:00:00,18,2,,2025-05-22 16:58:50
11116,10,774,2026-03-03,14:15:00,18,,,2025-05-22 16:58:50
11117,5,830,2025-06-29,15:00:00,40,3,,2025-05-22 16:58:50
11118,11,360,2025-04-19,11:00:00,11,3,,2025-05-22 16:58:50
11119,7,153,2026-03-01,13:45:00,17,3,,2025-05-22 16:58:50
11120,6,157,2024-07-18,14:30:00,29,,,2025-05-22 16:58:50
11121,10,206,2026-03-01,12:45:00,18,2,,2025-05-22 16:58:50
11122,11,765,2025-04-21,15:30:00,11,,,2025-05-22 16:58:50
11123,1,124,2026-03-04,09:15:00,45,,,2025-05-22 16:58:50
11124,11,108,2025-08-08,10:30:00,38,2,,2025-05-22 16:58:50
11125,8,945,2024-10-04,11:00:00,39,3,,2025-05-22 16:58:50
11126,7,2,2025-03-11,16:30:00,3,3,,2025-05-22 16:58:50
11127,8,185,2025-07-04,10:00:00,27,3,,2025-05-22 16:58:50
11128,10,72,2025-07-20,13:15:00,41,2,,2025-05-22 16:58:50
11129,9,315,2024-07-25,09:00:00,23,1,,2025-05-22 16:58:50
11130,8,947,2024-10-01,13:15:00,37,2,,2025-05-22 16:58:50
11131,1,165,2026-03-05,16:45:00,45,,,2025-05-22 16:58:50
11132,6,615,2026-03-12,16:30:00,22,5,,2025-05-22 16:58:50
11133,3,997,2025-02-15,12:00:00,2,1,,2025-05-22 16:58:50
11134,3,988,2024-10-17,11:45:00,24,1,,2025-05-22 16:58:50
11135,3,620,2024-06-07,16:15:00,32,5,,2025-05-22 16:58:50
11136,6,117,2026-03-15,13:15:00,22,2,,2025-05-22 16:58:50
11137,10,741,2026-01-29,16:45:00,28,2,,2025-05-22 16:58:50
11138,5,832,2026-01-19,14:15:00,36,,,2025-05-22 16:58:50
11139,6,840,2025-07-01,10:45:00,34,1,,2025-05-22 16:58:50
11140,3,238,2024-06-06,14:45:00,32,,,2025-05-22 16:58:50
11141,11,746,2024-11-20,15:30:00,15,,,2025-05-22 16:58:50
11142,7,8,2026-04-15,13:45:00,17,,,2025-05-22 16:58:50
11143,1,263,2024-11-20,09:30:00,33,3,,2025-05-22 16:58:50
11144,2,466,2024-07-18,09:45:00,44,1,,2025-05-22 16:58:50
11145,5,899,2025-10-24,12:00:00,48,4,,2025-05-22 16:58:50
11146,3,727,2025-02-15,14:30:00,2,4,,2025-05-22 16:58:50
11147,4,236,2026-06-26,13:30:00,20,5,,2025-05-22 16:58:50
11148,9,524,2025-01-29,09:15:00,26,,,2025-05-22 16:58:50
11149,10,919,2025-07-22,14:00:00,41,,,2025-05-22 16:58:50
11150,10,490,2026-02-28,14:15:00,18,5,,2025-05-22 16:58:50
11151,1,103,2024-10-30,09:30:00,9,1,,2025-05-22 16:58:50
11152,8,756,2024-10-20,13:30:00,37,4,,2025-05-22 16:58:50
11153,3,922,2025-11-16,13:45:00,6,2,,2025-05-22 16:58:50
11154,10,567,2025-03-31,14:00:00,12,2,,2025-05-22 16:58:50
11155,3,532,2025-07-09,14:15:00,7,,,2025-05-22 16:58:50
11156,10,759,2026-01-24,15:30:00,16,2,,2025-05-22 16:58:50
11157,2,462,2024-12-23,16:00:00,43,4,,2025-05-22 16:58:50
11158,7,720,2026-01-13,14:30:00,17,1,,2025-05-22 16:58:50
11159,7,241,2026-05-02,15:30:00,17,1,,2025-05-22 16:58:50
11160,10,412,2025-07-22,15:00:00,41,5,,2025-05-22 16:58:50
11161,5,221,2025-09-06,16:00:00,47,3,,2025-05-22 16:58:50
11162,11,711,2025-10-01,09:00:00,21,1,,2025-05-22 16:58:50
11163,11,348,2025-09-30,14:15:00,21,,,2025-05-22 16:58:50
11164,1,160,2024-11-25,16:45:00,33,4,,2025-05-22 16:58:50
11165,11,787,2025-08-08,15:15:00,38,3,,2025-05-22 16:58:50
11166,9,333,2026-06-30,09:00:00,25,1,,2025-05-22 16:58:50
11167,4,744,2025-02-02,12:00:00,49,,,2025-05-22 16:58:50
11168,9,818,2024-09-07,11:45:00,23,3,,2025-05-22 16:58:50
11169,1,262,2025-06-04,13:15:00,4,2,,2025-05-22 16:58:50
11170,7,288,2026-04-18,12:30:00,17,2,,2025-05-22 16:58:50
11171,1,236,2025-05-19,14:00:00,50,4,,2025-05-22 16:58:50
11172,1,75,2024-10-27,10:45:00,9,3,,2025-05-22 16:58:50
11173,6,746,2024-07-09,10:30:00,29,,,2025-05-22 16:58:50
11174,10,406,2025-03-31,13:45:00,12,,,2025-05-22 16:58:50
11175,4,100,2025-08-21,15:30:00,8,,,2025-05-22 16:58:50
11176,7,634,2025-06-30,11:15:00,3,1,,2025-05-22 16:58:50
11177,1,575,2024-10-29,10:15:00,9,3,,2025-05-22 16:58:50
11178,10,651,2026-03-03,14:00:00,18,3,,2025-05-22 16:58:50
11179,2,26,2024-07-19,13:15:00,44,1,,2025-05-22 16:58:50
11180,9,491,2026-02-07,14:45:00,25,,,2025-05-22 16:58:50
11181,10,794,2025-07-20,13:15:00,41,,,2025-05-22 16:58:50
11182,10,426,2026-03-02,14:30:00,18,3,,2025-05-22 16:58:50
