1,温浩_0,4fbb5bbed1984ca21cfc8ab5ec529b0d,user,青少年(13-18),学生,其他,初中,,,,2025-05-22 16:58:49
2,邵桂花_1,60af0f93ff69a41759ab6ac8681c85b0,user,青年(19-30),其他,男,高中,,,,2025-05-22 16:58:49
3,刘帆_2,526320f199806c300d18aaf57dbb921a,user,青年(19-30),学生,女,大专/本科,刘帆_2@wang.net,,,2025-05-22 16:58:49
4,翟玉兰_3,653112c3d4f886ea995a493bfdcd8dcc,user,老年(51+),教师,女,研究生及以上,翟玉兰_3@gangjia.cn,,,2025-05-22 16:58:49
5,吴小红_4,c03b1dd06c1c147e1392a38d1a08d899,user,青年(19-30),企业职员,男,研究生及以上,,,,2025-05-22 16:58:49
6,项波_5,18da9d525b374e67a3c6abb3ff3c52d1,user,青少年(13-18),学生,其他,初中,,,,2025-05-22 16:58:49
7,郎杰_6,725c80ce92dff4f6cf99a7739a2ff49c,user,老年(51+),其他,女,小学及以下,,,,2025-05-22 16:58:49
8,张洁_7,25a6fb91922b461dfc4a3b97157c16ae,user,青少年(13-18),学生,男,初中,张洁_7@bl.cn,,,2025-05-22 16:58:49
9,张海燕_8,f0464fe661c5a56f708a5a0c059ba622,user,青少年(13-18),学生,男,高中,张海燕_8@33.cn,,,2025-05-22 16:58:49
10,叶建国_9,c2a7e9d7b7981c1f632758b28d614b3a,user,儿童(0-12),学生,女,小学及以下,,,,2025-05-22 16:58:49
11,张丹丹_10,ee3a76f836dd09d78cf07dd31a5a8de3,user,青年(19-30),学生,其他,大专/本科,,18763997833,,2025-05-22 16:58:49
12,倪桂芳_11,35e41ce1e9254604a17ad52adbb31e24,user,青年(19-30),自由职业,男,大专/本科,倪桂芳_11@dongzhu.cn,,,2025-05-22 16:58:49
13,梁想_12,cac8a9a1fbd704b48dfeac32f02d997b,user,儿童(0-12),学生,男,小学及以下,,15956971416,,2025-05-22 16:58:49
14,张成_13,5947b492ab901edf1a75e5e56e85a47a,user,儿童(0-12),学生,女,小学及以下,张成_13@guiying.cn,,,2025-05-22 16:58:49
15,董丹_14,438defa67c7577fd6e8b0bc3382db0cf,user,青年(19-30),自由职业,男,大专/本科,董丹_14@ren.net,,,2025-05-22 16:58:49
16,余建国_15,666e801b25cfa22fc08d9ad3ccae669f,user,中年(31-50),教师,女,大专/本科,,,,2025-05-22 16:58:49
17,刘玲_16,0b84435d43386137156ebd7d638848bd,user,中年(31-50),教师,男,大专/本科,刘玲_16@xiongjin.cn,,,2025-05-22 16:58:49
18,陈建平_17,da100c537aa4c470c1adb9b7bd647c47,user,青少年(13-18),学生,男,高中,陈建平_17@83.cn,,,2025-05-22 16:58:49
19,张玉_18,77d93707cf26f922df9853891a2f37d2,user,儿童(0-12),学生,女,小学及以下,张玉_18@hy.cn,,,2025-05-22 16:58:49
20,熊莉_19,11cb04d16f6ba70712febedc2c1e8c9c,user,儿童(0-12),学生,其他,小学及以下,熊莉_19@du.cn,13817897369,,2025-05-22 16:58:49
21,董文_20,14b87ed680be5c712b8f22062bd30f3e,user,青年(19-30),企业职员,其他,大专/本科,,,,2025-05-22 16:58:49
22,符涛_21,cd16d5d72ee4ddd98a8ca88ed851ac27,user,儿童(0-12),学生,其他,小学及以下,,,,2025-05-22 16:58:49
23,王想_22,0ba86c9dde16c7ce7ad72d0583b8afd2,user,青年(19-30),企业职员,女,大专/本科,王想_22@xiao.cn,,,2025-05-22 16:58:49
24,方瑞_23,0c5cf578fef37089155e7cbfead662a2,user,中年(31-50),自由职业,女,大专/本科,,,,2025-05-22 16:58:49
25,李秀芳_24,7bfcc5d26e6f4c7800a7393700c95e84,user,青少年(13-18),学生,男,高中,李秀芳_24@49.cn,15740524942,,2025-05-22 16:58:49
26,陈桂珍_25,86317e932bcd039033e3a8ba6b148490,user,青年(19-30),学生,女,研究生及以上,陈桂珍_25@juanxiulan.net,,,2025-05-22 16:58:49
27,贾秀英_26,94c69829718725edc5ab0135512f9fc6,user,儿童(0-12),学生,女,小学及以下,,13740061554,,2025-05-22 16:58:49
28,罗琳_27,0ba4a6bed8a7a92e07da8b92fda0e1e1,user,青少年(13-18),学生,女,初中,罗琳_27@juantian.cn,,,2025-05-22 16:58:49
29,母伟_28,0c92c722d9e9fda2aa2522152be7f763,user,青年(19-30),企业职员,女,高中,母伟_28@xiuyingfang.com,15006183086,,2025-05-22 16:58:49
30,郭柳_29,ae9ed69784303ca4c6a4655f98956a8e,user,青年(19-30),企业职员,男,高中,郭柳_29@heliao.cn,,,2025-05-22 16:58:49
31,熊宁_30,9ea63511979ddd438f42e85f270d59a0,user,老年(51+),自由职业,女,小学及以下,,,,2025-05-22 16:58:49
32,刘桂芝_31,eb3f99b2ca7040e6c330ae67c4451275,user,青年(19-30),其他,其他,大专/本科,刘桂芝_31@mengliang.net,,,2025-05-22 16:58:49
33,商桂珍_32,49052f2d5a05872b044e1bd239a74a23,user,青少年(13-18),学生,其他,初中,商桂珍_32@gu.cn,15723138127,,2025-05-22 16:58:49
34,林伟_33,f1d98a9dbb450a0f38ad52f98954fdf1,user,老年(51+),退休人员,女,高中,林伟_33@yang.cn,14731039680,,2025-05-22 16:58:49
35,姜慧_34,3a89ebf3419d1cad28496406db70e9b7,user,中年(31-50),教师,其他,大专/本科,,15700730712,,2025-05-22 16:58:49
36,刘英_35,3e9ca2bf3c361fd0bd6076a1ab63cd98,user,儿童(0-12),学生,男,小学及以下,,,,2025-05-22 16:58:49
37,刘倩_36,7892db207cfca88d867508b419d02939,user,青少年(13-18),学生,其他,初中,刘倩_36@guiying.cn,,,2025-05-22 16:58:49
38,马秀珍_37,af6b87bf44cabaab0604fa63aabe6d24,user,青少年(13-18),学生,女,高中,,,,2025-05-22 16:58:49
39,全颖_38,48b1ed82afd86d470070b76a4450e99c,user,中年(31-50),其他,男,研究生及以上,全颖_38@wang.cn,18029991666,,2025-05-22 16:58:49
40,岳云_39,4a3684d3a5c6e0f26d80667182199121,user,中年(31-50),企业职员,男,大专/本科,岳云_39@jinggao.org,,,2025-05-22 16:58:49
41,李军_40,8b168de90785afc7f479ea695616bd31,user,中年(31-50),企业职员,男,大专/本科,李军_40@87.cn,15117951048,,2025-05-22 16:58:49
42,任春梅_41,5848150c985e94ae9e1b2e5f7e6b4ce9,user,青年(19-30),学生,其他,大专/本科,,,,2025-05-22 16:58:49
43,杨涛_42,a34465c3fbbdedac71fbdf186b1b3e67,user,青年(19-30),其他,其他,大专/本科,杨涛_42@ya.cn,,,2025-05-22 16:58:49
44,王英_43,da12b4210a8950db925eb1b142ca8ef6,user,老年(51+),其他,男,初中,王英_43@wei.cn,,,2025-05-22 16:58:49
45,潘桂香_44,fdbf499897a9ec4a1168a79917a3754f,user,老年(51+),教师,男,高中,,,,2025-05-22 16:58:49
46,覃兵_45,5522667803d51f7b2dff4f654b6385aa,user,儿童(0-12),学生,女,小学及以下,覃兵_45@jie.cn,,,2025-05-22 16:58:49
47,刘红霞_46,5d14b836a2c5998a5436355036fd3911,user,青年(19-30),其他,女,大专/本科,,13146568128,,2025-05-22 16:58:49
48,戴瑜_47,ccc7f4af597400377c10e8494465cd4f,user,老年(51+),退休人员,女,高中,,,,2025-05-22 16:58:49
49,邓秀兰_48,51450193cb2522b6526319bf0247bab4,user,中年(31-50),公务员,其他,大专/本科,,,,2025-05-22 16:58:49
50,钟坤_49,3450b59f5b6d24608de700fabbe830cf,user,青年(19-30),公务员,女,大专/本科,钟坤_49@naxiulan.net,15810277572,,2025-05-22 16:58:49
51,张杨_50,02a781d6ea79e027c95531e438c2c34c,user,儿童(0-12),学生,其他,小学及以下,张杨_50@guiyingli.cn,,,2025-05-22 16:58:49
52,陈志强_51,7aa76b05b08cbb321823780e0da46ae2,user,青年(19-30),其他,男,研究生及以上,,,,2025-05-22 16:58:49
53,乔敏_52,e18e17aed74f6d16c64e6ed3b3c9c606,user,青少年(13-18),学生,其他,初中,,,,2025-05-22 16:58:49
54,文欢_53,d3a11181a889d184560a1c0fda43fe2e,user,青年(19-30),其他,其他,大专/本科,文欢_53@taoming.net,,,2025-05-22 16:58:49
55,李凤英_54,b798fa06e8f98b01152338ce9782d58d,user,青年(19-30),学生,女,研究生及以上,李凤英_54@kong.cn,13939636011,,2025-05-22 16:58:49
56,夏刚_55,e2f9aaa483fe77f7dc8946ce3e9e5f9e,user,中年(31-50),其他,男,高中,,,,2025-05-22 16:58:49
57,王雪_56,933416acbbc8edfbafbab401570d6a48,user,中年(31-50),企业职员,男,研究生及以上,王雪_56@62.org,14535121386,,2025-05-22 16:58:49
58,刘秀珍_57,02e36e1f05504b6fad507388f081435b,user,中年(31-50),公务员,其他,初中,,,,2025-05-22 16:58:49
59,陈俊_58,4caafb148b59052da20a43c8ec05036c,user,老年(51+),退休人员,其他,大专/本科,陈俊_58@li.cn,,,2025-05-22 16:58:49
60,陈玉梅_59,7c39e1a0867500c620297222e70c3b7f,user,老年(51+),退休人员,男,高中,,15667821959,,2025-05-22 16:58:49
61,杨欢_60,1db3b28ee64216a73399f1849306781c,user,老年(51+),其他,男,研究生及以上,,,,2025-05-22 16:58:49
62,刘艳_61,3272da4937d7df5f6a12a1d932b707ad,user,儿童(0-12),学生,女,小学及以下,刘艳_61@qiangjing.cn,13371914712,,2025-05-22 16:58:49
63,赵静_62,270e6805298a448d57fc953496294683,user,中年(31-50),公务员,其他,高中,,13985078758,,2025-05-22 16:58:49
64,王淑英_63,310b598b555c47f8ec513e8e16fb7cc6,user,中年(31-50),公务员,其他,初中,王淑英_63@40.cn,,,2025-05-22 16:58:49
65,陈佳_64,a50f3452a765c5c6b14ca78ce10bcac7,user,青年(19-30),自由职业,其他,大专/本科,陈佳_64@hao.cn,,,2025-05-22 16:58:49
66,郭欣_65,62c4d99dd2004703e802d870f71e7f7f,user,中年(31-50),公务员,女,高中,郭欣_65@jiehe.com,,,2025-05-22 16:58:49
67,李瑜_66,977d3e514ba1f88eb9eb97184dd79514,user,青年(19-30),学生,男,大专/本科,,,,2025-05-22 16:58:49
68,张璐_67,f6755fda089af56a1fd092768682276e,user,青年(19-30),企业职员,其他,大专/本科,张璐_67@yangyang.cn,,,2025-05-22 16:58:49
69,廖鑫_68,e208a788bcac509e185304c6cc9da977,user,青年(19-30),其他,女,大专/本科,廖鑫_68@leifang.cn,,,2025-05-22 16:58:49
70,李洁_69,d4a59d3ac985eebe78f3de57cf09de63,user,中年(31-50),企业职员,男,大专/本科,,,,2025-05-22 16:58:49
71,李帅_70,af3727cb149c41ca83c55c1211331e7b,user,中年(31-50),自由职业,其他,大专/本科,,15844239160,,2025-05-22 16:58:49
72,宋琳_71,bc911241e95547f4d0bb20fdc2dc18ac,user,中年(31-50),退休人员,男,高中,宋琳_71@24.cn,,,2025-05-22 16:58:49
73,王玉兰_72,72033faec69d9ff00eef2139a56255b9,user,青年(19-30),企业职员,其他,研究生及以上,王玉兰_72@na.cn,,,2025-05-22 16:58:49
74,刘秀芳_73,dd929b4413c201ba683172dfd15b298c,user,中年(31-50),公务员,男,大专/本科,刘秀芳_73@qiaosun.cn,18682094138,,2025-05-22 16:58:49
75,李佳_74,c6fa35a367162c489a6f350a0d35f9b9,user,中年(31-50),企业职员,女,大专/本科,,18900601937,,2025-05-22 16:58:49
76,郭桂芝_75,d38096e68c93ea3130af08e52d32e6f8,user,儿童(0-12),学生,女,小学及以下,,,,2025-05-22 16:58:49
77,易冬梅_76,b2bd270eb7a9fcd1834362831aa85a1a,user,青年(19-30),学生,女,高中,,13391814686,,2025-05-22 16:58:49
78,王建华_77,0ef5f09488a930e3949d9902514ce14f,user,儿童(0-12),学生,其他,小学及以下,,18137756369,,2025-05-22 16:58:49
79,陈英_78,e591a47206e1070515e6844147aa5cf6,user,儿童(0-12),学生,男,小学及以下,,,,2025-05-22 16:58:49
80,张玉华_79,0745e7239be917d41d53e12721df31c3,user,儿童(0-12),学生,女,小学及以下,,,,2025-05-22 16:58:49
81,李丽华_80,53dad743ad00f5352fe1da8de96c0470,user,青少年(13-18),学生,其他,高中,,,,2025-05-22 16:58:49
82,赵建华_81,db0c64b9f912efaf8784894e87eeb534,user,儿童(0-12),学生,男,小学及以下,,15699433294,,2025-05-22 16:58:49
83,李博_82,c8401ba8f20482f63139e2661524280c,user,青年(19-30),自由职业,男,大专/本科,,,,2025-05-22 16:58:49
84,杜勇_83,0f780086ee369c14c841c94b0a4f3569,user,儿童(0-12),学生,其他,小学及以下,杜勇_83@yong.org,,,2025-05-22 16:58:49
85,丁柳_84,44ec89e6c02592f25aade381bf4ecdaa,user,青年(19-30),其他,其他,研究生及以上,丁柳_84@ping.cn,,,2025-05-22 16:58:49
86,王楠_85,75222e241983bab2c21167a267d315bf,user,老年(51+),退休人员,其他,大专/本科,,,,2025-05-22 16:58:49
87,董璐_86,a19809219cfeca13cf9c0e2d38f42bb6,user,中年(31-50),其他,其他,研究生及以上,,,,2025-05-22 16:58:49
88,谢佳_87,4338e47fe913a48130b00d5aa714d2be,user,老年(51+),退休人员,其他,初中,谢佳_87@yi.org,18777046301,,2025-05-22 16:58:49
89,胡静_88,d95b7c74c39c67dea262d8ed07b690fd,user,老年(51+),公务员,女,大专/本科,胡静_88@weixia.net,15266134404,,2025-05-22 16:58:49
90,王琴_89,ecffcd8b8419ce87aff1b308e742c1bc,user,中年(31-50),其他,其他,大专/本科,王琴_89@junmin.cn,14735932105,,2025-05-22 16:58:49
91,刘强_90,3d5bb0709b1aa80ffa1de9ecbe627dbe,user,青年(19-30),自由职业,女,大专/本科,,13275306844,,2025-05-22 16:58:49
92,徐瑞_91,68c18da1c884bbdb68654604259c363e,user,老年(51+),公务员,男,小学及以下,,,,2025-05-22 16:58:49
93,徐秀梅_92,5ee0177ab844d489e24a0ee031e2d2d4,user,中年(31-50),自由职业,女,初中,,,,2025-05-22 16:58:49
94,罗琳_93,11b5f8160e8c6799854827c704ef9c95,user,中年(31-50),企业职员,女,大专/本科,,,,2025-05-22 16:58:49
95,边倩_94,7ed4b338869c2d60a7c27f68e33d7ed9,user,老年(51+),其他,其他,初中,边倩_94@10.cn,,,2025-05-22 16:58:49
96,杨健_95,b34a94721f24bdd0bc17edebeb0640d4,user,老年(51+),自由职业,男,初中,,,,2025-05-22 16:58:49
97,任浩_96,e4318cc02b2c526a9d1ea8952ab5f727,user,青年(19-30),公务员,男,高中,任浩_96@houmeng.cn,,,2025-05-22 16:58:49
98,陆婷婷_97,f9d4ef95a2195d969039afabfb16bb52,user,儿童(0-12),学生,女,小学及以下,,18707265932,,2025-05-22 16:58:49
99,冉桂荣_98,8a3c1146574472b8abce6ae73a16eb8a,user,中年(31-50),教师,男,大专/本科,冉桂荣_98@weiwen.cn,,,2025-05-22 16:58:49
100,张波_99,ed3a248116762f183f3bcfde2e2ebb99,user,儿童(0-12),学生,女,小学及以下,张波_99@mengpeng.net,18992204070,,2025-05-22 16:58:49
101,刘红霞_100,c956da74c52e4fb10fb55116bbc3681d,user,中年(31-50),教师,男,大专/本科,刘红霞_100@weixia.cn,,,2025-05-22 16:58:49
102,黎海燕_101,b0a06ac9f0858df3dc01fe49f7e4fdd2,user,青年(19-30),企业职员,其他,高中,,,,2025-05-22 16:58:49
103,尉明_102,bf04262c61dc09329566d42155ffa1dc,user,老年(51+),退休人员,男,初中,尉明_102@fang.cn,13415302037,,2025-05-22 16:58:49
104,刘建军_103,32a5ec5e1d162b3b1fa71a04daf48f80,user,老年(51+),退休人员,女,高中,,15575507867,,2025-05-22 16:58:49
105,韩淑珍_104,4fa7e4ecec9f08e606db2c8ba9f82489,user,青年(19-30),自由职业,女,大专/本科,,15964936627,,2025-05-22 16:58:49
106,冷敏_105,f053020fe552094354857b30d7208425,user,青年(19-30),学生,女,大专/本科,,,,2025-05-22 16:58:49
107,康英_106,7caf61b4f04829c9d641332efde6d6ed,user,儿童(0-12),学生,其他,小学及以下,,13552703632,,2025-05-22 16:58:49
108,陆平_107,19e4d10a79de391ddadf7632bec1e664,user,中年(31-50),自由职业,其他,初中,陆平_107@jie.cn,,,2025-05-22 16:58:49
109,蒋玉珍_108,ed2c560744439fd829deb3de87c3f746,user,青年(19-30),公务员,其他,大专/本科,,13940964948,,2025-05-22 16:58:49
110,赵秀珍_109,83db0169aee5b5489f751792811959f2,user,青少年(13-18),学生,女,高中,赵秀珍_109@guo.net,,,2025-05-22 16:58:49
111,葛辉_110,d865cc1da2e34386532fe222d894955a,user,中年(31-50),公务员,男,大专/本科,葛辉_110@juantao.cn,13026993790,,2025-05-22 16:58:49
112,黄阳_111,c46bfa48266409e805e985d474a80c4c,user,青年(19-30),公务员,男,研究生及以上,黄阳_111@fang.cn,,,2025-05-22 16:58:49
113,卢敏_112,034200d4004418546d4178705832112a,user,青年(19-30),公务员,男,大专/本科,,,,2025-05-22 16:58:49
114,徐桂芳_113,3cb7760dd23e8283f4ece48efb216a20,user,青年(19-30),学生,女,大专/本科,徐桂芳_113@fangxie.cn,,,2025-05-22 16:58:49
115,李燕_114,3967cd99a9aba07c057fc1a54b8eeb1f,user,中年(31-50),企业职员,男,大专/本科,李燕_114@mingjuan.net,18234267433,,2025-05-22 16:58:49
116,朱杨_115,9f488daec2a7733eb54c3066fc06e697,user,青少年(13-18),学生,男,初中,,,,2025-05-22 16:58:49
117,吴刚_116,f35a486a6c5b51aa157a9038c9ae7b65,user,中年(31-50),其他,男,大专/本科,吴刚_116@lv.cn,13673320444,,2025-05-22 16:58:49
118,丁芳_117,d6283a46bbabaf24369142e3244def34,user,青年(19-30),学生,男,研究生及以上,丁芳_117@mingxiuying.com,13913326629,,2025-05-22 16:58:49
119,王兵_118,f6a6c4c7f207f3545f4780a0ca490b2f,user,青年(19-30),自由职业,女,大专/本科,,,,2025-05-22 16:58:49
120,高颖_119,3b5a372dbd831e3f543f6913e6a7ff35,user,青年(19-30),自由职业,其他,大专/本科,,13234599235,,2025-05-22 16:58:49
121,张建华_120,3eddb5aef3156be0e35f3d6a522ecab6,user,青少年(13-18),学生,女,初中,张建华_120@yinzhou.cn,13036301217,,2025-05-22 16:58:49
122,黄慧_121,722bde673f936ac5dbc7aae3079038cc,user,青少年(13-18),学生,其他,初中,,,,2025-05-22 16:58:49
123,李凤兰_122,2f7546e2f3f726ae07900ac1c00181ef,user,中年(31-50),企业职员,女,大专/本科,李凤兰_122@na.cn,,,2025-05-22 16:58:49
124,王强_123,4f8f0aac0a813dd901d0bc26bd4dcc8d,user,中年(31-50),自由职业,男,初中,,15212709297,,2025-05-22 16:58:49
125,孟想_124,b4b2d1ff63019ed7041f8a99231fed2e,user,儿童(0-12),学生,其他,小学及以下,孟想_124@minglong.cn,,,2025-05-22 16:58:49
126,王超_125,85599ed02f565e0b1e8485f49a2b4a3f,user,儿童(0-12),学生,女,小学及以下,,15773063919,,2025-05-22 16:58:49
127,杨利_126,be105d6a69b773d821bc3a4e3513fe5d,user,青年(19-30),企业职员,其他,大专/本科,杨利_126@shen.cn,,,2025-05-22 16:58:49
128,周欢_127,0462a04efa5aadc51db5c69012131eff,user,中年(31-50),教师,女,大专/本科,,,,2025-05-22 16:58:49
129,张璐_128,1cb37cd8bb1853da540ebc98d2243d5b,user,儿童(0-12),学生,女,小学及以下,,,,2025-05-22 16:58:49
130,阎健_129,e138ff5dca963595308a0718f0ba90da,user,青年(19-30),学生,其他,高中,,13339641510,,2025-05-22 16:58:49
131,冷丽华_130,390e3f077d899719dd70679cded1291e,user,青少年(13-18),学生,女,初中,,,,2025-05-22 16:58:49
132,王欢_131,91580f39f9d1af4b5017ad83c7416141,user,青年(19-30),公务员,其他,大专/本科,,15168586623,,2025-05-22 16:58:49
133,岳瑞_132,222f0520c50ebc9b558e1ad3f9b51c3c,user,青年(19-30),学生,其他,研究生及以上,岳瑞_132@xia.cn,,,2025-05-22 16:58:49
134,文莹_133,8c95d02c65e81810a962917cd21c39a4,user,老年(51+),退休人员,男,初中,,,,2025-05-22 16:58:49
135,王涛_134,7366e3ce9e50b8ad49b7ff0ec24e9e70,user,儿童(0-12),学生,女,小学及以下,王涛_134@gong.cn,,,2025-05-22 16:58:49
136,马桂荣_135,e1818cac78e49fc6a20cc4f87461375a,user,青少年(13-18),学生,女,高中,马桂荣_135@bq.cn,,,2025-05-22 16:58:49
137,王飞_136,4bf414b0c78d4bebd4c866b0ecd2cd31,user,中年(31-50),企业职员,男,大专/本科,王飞_136@xiulanxiulan.cn,,,2025-05-22 16:58:49
138,刘亮_137,fecb43d345dc95bc3a613d2f11f1d573,user,中年(31-50),自由职业,其他,研究生及以上,刘亮_137@xiuyingyang.cn,,,2025-05-22 16:58:49
139,宫敏_138,aac1f076a6801cbca0d853f28a54e4ad,user,青年(19-30),学生,女,研究生及以上,,,,2025-05-22 16:58:49
140,饶鹏_139,ddb008542acbc8e6434a65ce98c0d79e,user,老年(51+),企业职员,其他,大专/本科,,,,2025-05-22 16:58:49
141,李平_140,1ed443b9688f636de1ecec477fff27ec,user,青年(19-30),学生,男,大专/本科,李平_140@as.cn,,,2025-05-22 16:58:49
142,王娜_141,83cce9a6a91cd5c34e399503b213d125,user,儿童(0-12),学生,男,小学及以下,王娜_141@84.cn,18610354764,,2025-05-22 16:58:49
143,吴帅_142,39b6de27c6d92713ce693ee51c8d2d5a,user,中年(31-50),其他,其他,大专/本科,,,,2025-05-22 16:58:49
144,陈强_143,b8d16002a385ce80391e62344a814aec,user,中年(31-50),企业职员,其他,大专/本科,,,,2025-05-22 16:58:49
145,郑凤英_144,9698057f1595e5206622e84bd3e11c49,user,儿童(0-12),学生,女,小学及以下,,,,2025-05-22 16:58:49
146,国莹_145,632a22921bcfc8cd41bb8291d6e62d00,user,儿童(0-12),学生,男,小学及以下,国莹_145@xiong.cn,,,2025-05-22 16:58:49
147,陈阳_146,54515eb7847779048d020cf9e8573a06,user,中年(31-50),公务员,男,大专/本科,陈阳_146@tang.cn,13283979304,,2025-05-22 16:58:49
148,张强_147,7b89fc0bd3c3b73af69ae0ef91e432a0,user,中年(31-50),企业职员,男,初中,,,,2025-05-22 16:58:49
149,兰瑜_148,e1bc12fab7a05e721047ff127b91dafb,user,中年(31-50),企业职员,女,大专/本科,兰瑜_148@si.net,,,2025-05-22 16:58:49
150,黄瑜_149,99054ec517acfa1de3d12c5c09fe4ce4,user,中年(31-50),企业职员,女,高中,黄瑜_149@leiye.cn,,,2025-05-22 16:58:49
151,孟玉华_150,241fd48d1f00ab38c4569e7a9cebd3d7,user,中年(31-50),自由职业,其他,大专/本科,孟玉华_150@jinggang.cn,,,2025-05-22 16:58:49
152,王畅_151,483834feac622713679f7a65b5f40ae9,user,青年(19-30),自由职业,男,大专/本科,,,,2025-05-22 16:58:49
153,艾建军_152,f814bb28f2362571aa681f4c87c9c550,user,老年(51+),其他,其他,大专/本科,艾建军_152@fu.cn,,,2025-05-22 16:58:49
154,陈雪_153,be9cb60d7f9ebc52d4de4f7cc9e56a81,user,青少年(13-18),学生,女,初中,,,,2025-05-22 16:58:49
155,薛文_154,990e1a47d25b89faa5b39c31be5140a5,user,青年(19-30),学生,其他,大专/本科,,,,2025-05-22 16:58:49
156,李倩_155,7587ca3e8b82e7fcecede8a29ccc2e64,user,老年(51+),退休人员,女,大专/本科,李倩_155@ze.cn,13166228080,,2025-05-22 16:58:49
157,田艳_156,9e59b3f383047006d8d641e9e619c8f4,user,儿童(0-12),学生,男,小学及以下,,,,2025-05-22 16:58:49
158,朱秀珍_157,322fd790c2c50c9d807fd487fcd19c52,user,儿童(0-12),学生,女,小学及以下,,,,2025-05-22 16:58:49
159,黄玉_158,ebcc73bbb5f5707e4b5c73c15d644910,user,青年(19-30),学生,女,大专/本科,黄玉_158@hou.cn,13875071938,,2025-05-22 16:58:49
160,徐玲_159,52396d6b0b591a1d981f34db4dcd3898,user,中年(31-50),退休人员,其他,大专/本科,,,,2025-05-22 16:58:49
161,李璐_160,453b4a1a421525821a2b1a984e17e69a,user,青年(19-30),公务员,其他,大专/本科,,,,2025-05-22 16:58:49
162,荣伟_161,c3cce0f8dead0db6efb888a4d5451b5b,user,老年(51+),退休人员,男,高中,,13110186588,,2025-05-22 16:58:49
163,罗桂花_162,4218717d0951ecf465b4364efbf04abd,user,中年(31-50),教师,其他,研究生及以上,,15286496835,,2025-05-22 16:58:49
164,刘宇_163,593e3e97376c34c4320e23652520d473,user,老年(51+),其他,女,小学及以下,,,,2025-05-22 16:58:49
165,崔丹_164,23bd6becdb074daf9ce57786a648870a,user,老年(51+),退休人员,女,大专/本科,,,,2025-05-22 16:58:49
166,王玉梅_165,a83df50a6620cc6f23cc350abd6c3447,user,青年(19-30),自由职业,其他,大专/本科,王玉梅_165@shao.org,18829266205,,2025-05-22 16:58:49
167,赵林_166,1aff6d6b22a0240d236d0c01b790b3de,user,中年(31-50),教师,男,大专/本科,赵林_166@jun.cn,,,2025-05-22 16:58:49
168,王阳_167,b192cf0c35d783dc5c0ffa616db2e22a,user,中年(31-50),企业职员,女,初中,,,,2025-05-22 16:58:49
169,马秀云_168,8ebaf47167f963f86a8fb0d7dda1a34a,user,儿童(0-12),学生,其他,小学及以下,马秀云_168@fy.net,,,2025-05-22 16:58:49
170,梁桂荣_169,5d95f49a5d7bc6d761f8e9d677b87497,user,老年(51+),教师,其他,小学及以下,梁桂荣_169@ming.net,,,2025-05-22 16:58:49
171,吴峰_170,5bfef18e7c2e7405aa8ba26646100934,user,青年(19-30),教师,其他,大专/本科,,,,2025-05-22 16:58:49
172,扈欢_171,80f81dd7688bd15aa0ccae3c7dafdd12,user,青年(19-30),学生,女,大专/本科,,,,2025-05-22 16:58:49
173,段涛_172,50c2ab0868e3192bd9db7aa9b288b691,user,儿童(0-12),学生,其他,小学及以下,段涛_172@18.cn,14770512139,,2025-05-22 16:58:49
174,周玉珍_173,6c7d0005fcbd4bdba87706d22d6c06ce,user,老年(51+),退休人员,女,大专/本科,,,,2025-05-22 16:58:49
175,卢小红_174,29d8302ad0a696e0a7b51ea5cd562bae,user,青少年(13-18),学生,女,初中,卢小红_174@wei.com,,,2025-05-22 16:58:49
176,张秀兰_175,ee9df300f84c2527798d517bec647465,user,青少年(13-18),学生,男,初中,张秀兰_175@guiying.org,,,2025-05-22 16:58:49
177,徐凯_176,7f21e892441b730d7548063c18b14445,user,青少年(13-18),学生,其他,高中,,15733402703,,2025-05-22 16:58:49
178,王晶_177,923d034e26a35eb6baa63b52704fa729,user,青年(19-30),学生,男,大专/本科,,18523299396,,2025-05-22 16:58:49
179,张桂芳_178,32d179241153c2f74057bd29b036ca2b,user,青年(19-30),学生,其他,大专/本科,,,,2025-05-22 16:58:49
180,王想_179,06d82269d637e4e029d8a6cf6f34967d,user,青年(19-30),学生,女,高中,,,,2025-05-22 16:58:49
181,刘丽娟_180,4006c5c0adc6f9ddf029484c41ee6a47,user,青年(19-30),学生,其他,大专/本科,,,,2025-05-22 16:58:49
182,李娜_181,922a62800edc79be35514ce86625b6d3,user,青年(19-30),学生,女,高中,,,,2025-05-22 16:58:49
183,李杰_182,f562b818c3861ef4d2b25686e5cb5fe7,user,中年(31-50),学生,男,大专/本科,李杰_182@tp.cn,,,2025-05-22 16:58:49
184,孙东_183,3a81a6712c69edf518642a3fc157f1da,user,中年(31-50),退休人员,其他,大专/本科,孙东_183@jiejun.cn,,,2025-05-22 16:58:49
185,马丽丽_184,07a60bd636d49a503a7375b74192675e,user,青年(19-30),学生,其他,研究生及以上,马丽丽_184@cheng.cn,15598910664,,2025-05-22 16:58:49
186,张利_185,e7b30c4666d6017203a5f8e3b12f6643,user,老年(51+),其他,其他,大专/本科,张利_185@dh.net,,,2025-05-22 16:58:49
187,彭玉英_186,54a76e4bdcfb525112caa51d456445d7,user,中年(31-50),企业职员,其他,高中,,18791508881,,2025-05-22 16:58:49
188,申想_187,8affcb312bf56055427bc4f4435af922,user,老年(51+),退休人员,女,大专/本科,申想_187@44.com,,,2025-05-22 16:58:49
189,周建平_188,6baa870146ee3ea2f90b0c4ca5b3bdb3,user,中年(31-50),企业职员,女,大专/本科,,,,2025-05-22 16:58:49
190,卞帆_189,05240a83d574f884bdc3f76a4091a4c6,user,中年(31-50),自由职业,女,大专/本科,,13364050606,,2025-05-22 16:58:49
191,王琴_190,c21c8830aa657f410dee6491b3ad9d4d,user,儿童(0-12),学生,女,小学及以下,,,,2025-05-22 16:58:49
192,李梅_191,be19d362d528e81a579c662e2f84e91f,user,青年(19-30),学生,男,大专/本科,,,,2025-05-22 16:58:49
193,邓志强_192,802903ce3d2c59a85801fdcfa4059969,user,中年(31-50),企业职员,其他,高中,邓志强_192@09.cn,15047758007,,2025-05-22 16:58:49
194,冉秀兰_193,d6d9a1b9d4707e6f83f8e4fa1c42df13,user,青年(19-30),其他,男,大专/本科,冉秀兰_193@leijuan.cn,15130421386,,2025-05-22 16:58:49
195,杨欣_194,5d09003f0b2d19d66015bb6451684d6b,user,老年(51+),退休人员,男,大专/本科,杨欣_194@chaogang.cn,,,2025-05-22 16:58:49
196,陈宇_195,69694157ee9c8786a075c63d306497d8,user,青年(19-30),自由职业,其他,研究生及以上,陈宇_195@jie.cn,,,2025-05-22 16:58:49
197,刘平_196,02590f68f98adb3a79e389175570278b,user,青年(19-30),自由职业,男,研究生及以上,,13333074726,,2025-05-22 16:58:49
198,吴瑜_197,8343c011fd759790349fb892c71c468e,user,青少年(13-18),学生,女,初中,吴瑜_197@luohou.cn,15954031690,,2025-05-22 16:58:49
199,田玉_198,d819eb69fcb95143b0ed506f369433bd,user,青少年(13-18),学生,其他,初中,田玉_198@juanguiying.cn,,,2025-05-22 16:58:49
200,袁涛_199,06c5dcd997c0ea45fafbf741a9c9c5e1,user,儿童(0-12),学生,男,小学及以下,,18208062252,,2025-05-22 16:58:49
201,杨娜_200,1be8429b3c3b161ffb1bf5a92621d23a,user,儿童(0-12),学生,其他,小学及以下,,,,2025-05-22 16:58:49
202,孙桂荣_201,f36c0727309507068e8933c5b383d20c,user,青年(19-30),学生,女,大专/本科,孙桂荣_201@27.cn,,,2025-05-22 16:58:49
203,刘岩_202,09731e5a5db3f5acf379f0930110990f,user,中年(31-50),企业职员,女,大专/本科,,13203098094,,2025-05-22 16:58:49
204,樊玉_203,9909b17deef965fb65bdefa0e4ab4317,user,青年(19-30),其他,男,研究生及以上,樊玉_203@song.cn,,,2025-05-22 16:58:49
205,李秀珍_204,9b3652366184546d90e2c99334f1e115,user,中年(31-50),企业职员,女,大专/本科,李秀珍_204@tian.cn,13689391862,,2025-05-22 16:58:49
206,查欢_205,1a60c319f928e1601bda3a5ce54baa6f,user,儿童(0-12),学生,其他,小学及以下,,13206285501,,2025-05-22 16:58:49
207,鞠想_206,eda46ccb7ba0c3cd059f46513285b0d1,user,青少年(13-18),学生,女,初中,鞠想_206@mao.cn,,,2025-05-22 16:58:49
208,刘艳_207,63869232aa2218f6b830caa34224e4cf,user,老年(51+),自由职业,男,初中,刘艳_207@12.net,15880604573,,2025-05-22 16:58:49
209,许慧_208,337415e063613e08521f2c17fc2b82af,user,青年(19-30),公务员,女,大专/本科,,,,2025-05-22 16:58:49
210,郝建平_209,e945f03d48f78750ab756a47f1ad2142,user,儿童(0-12),学生,女,小学及以下,,,,2025-05-22 16:58:49
211,林桂荣_210,4141ade58959bb2b6650c2e216ac3831,user,老年(51+),自由职业,男,初中,林桂荣_210@wei.cn,,,2025-05-22 16:58:49
212,黄波_211,786ccd8c7b66ca338f3bbe546f547aba,user,青少年(13-18),学生,男,初中,,15111939868,,2025-05-22 16:58:49
213,刘慧_212,3005e8cab552272fde1a8279e0b46b2b,user,老年(51+),其他,男,高中,,,,2025-05-22 16:58:49
214,郁佳_213,d83bd7e6ccf4c23147cf76b9aa3dc3bf,user,老年(51+),教师,男,高中,,,,2025-05-22 16:58:49
215,苏欢_214,b675fd9681ba45c4aae4a1a3afa0e891,user,中年(31-50),企业职员,其他,高中,苏欢_214@yongping.net,,,2025-05-22 16:58:49
216,涂丽娟_215,edc8e9eb6c2b31b9c6bfc646afe0b8e5,user,老年(51+),退休人员,男,高中,涂丽娟_215@cy.cn,,,2025-05-22 16:58:49
217,龚华_216,e8d88c6895e1f548fb4d67745e6d34c8,user,中年(31-50),企业职员,男,研究生及以上,龚华_216@qd.cn,15330681529,,2025-05-22 16:58:49
218,方建_217,2b0c18bcdc5ede367f5c37773647ee0d,user,青年(19-30),学生,其他,高中,,,,2025-05-22 16:58:49
219,戴健_218,d278c41439595758f8228f0a16ca5d6d,user,青少年(13-18),学生,女,初中,戴健_218@jiekong.net,,,2025-05-22 16:58:49
220,王鑫_219,3c83d6f7f2ae7ccfff658657a66cebd4,user,青少年(13-18),学生,其他,初中,,,,2025-05-22 16:58:49
221,李勇_220,0707ff26d8b6672848bd61435cdc3c31,user,老年(51+),退休人员,女,大专/本科,李勇_220@ping.cn,15989703832,,2025-05-22 16:58:49
222,黄柳_221,a8a89db9f5c4661107daa158c5fb1494,user,儿童(0-12),学生,其他,小学及以下,黄柳_221@wan.cn,,,2025-05-22 16:58:49
223,卓佳_222,f6c2ee8fd8e08b8005e59d1eaa127ea3,user,青少年(13-18),学生,女,高中,,,,2025-05-22 16:58:49
224,高博_223,0fa74cd1d5dc24c0bb7f06ff843d6e0b,user,青少年(13-18),学生,女,高中,,,,2025-05-22 16:58:49
225,康辉_224,fbb8584e1e6d6140142af75f8e30af61,user,老年(51+),退休人员,其他,小学及以下,康辉_224@xiali.cn,15544995146,,2025-05-22 16:58:49
226,杨秀梅_225,9362c6562870aa71682ba450fa5b63e6,user,青少年(13-18),学生,女,高中,杨秀梅_225@yuansun.cn,14530303602,,2025-05-22 16:58:49
227,朱娟_226,f9b34984cf0d61618003a375a7d52209,user,老年(51+),退休人员,女,高中,,,,2025-05-22 16:58:49
228,崔桂花_227,b1eee496d26d53a9b2f45a861019c2b4,user,儿童(0-12),学生,其他,小学及以下,崔桂花_227@sunyuan.com,,,2025-05-22 16:58:49
229,高旭_228,c8a448c4f9552a3a2bde49c200c43155,user,青少年(13-18),学生,男,初中,,,,2025-05-22 16:58:49
230,马亮_229,352a5e5c5b0cf4e1d40fa74115f7845c,user,中年(31-50),其他,女,大专/本科,马亮_229@08.cn,,,2025-05-22 16:58:49
231,应波_230,e5012e1e3656e53469bcc758411679a9,user,青年(19-30),学生,女,大专/本科,,,,2025-05-22 16:58:49
232,蔡玉华_231,8911e571cb2ed505575d9cd6dd8b3247,user,中年(31-50),企业职员,其他,高中,,,,2025-05-22 16:58:49
233,车莹_232,a8e46e9fc80bfda0a47136d0bc056d31,user,青少年(13-18),学生,其他,初中,车莹_232@og.net,,,2025-05-22 16:58:49
234,钟艳_233,2371f8d02573a7d333dc7010397ce305,user,中年(31-50),其他,女,大专/本科,,,,2025-05-22 16:58:49
235,江倩_234,08172d0089bf788d7c4464ad672f9016,user,中年(31-50),企业职员,其他,研究生及以上,,,,2025-05-22 16:58:49
236,刘帆_235,314468c2079cc0748d09563011bde5c4,user,青年(19-30),学生,男,大专/本科,刘帆_235@yanfang.cn,,,2025-05-22 16:58:49
237,王玉英_236,9e430e613e8276e08a50fe8ac98b58ad,user,青年(19-30),学生,其他,大专/本科,王玉英_236@fanggong.cn,,,2025-05-22 16:58:49
238,汪娟_237,db1e2342413657ab959250e5e686bffe,user,儿童(0-12),学生,男,小学及以下,,,,2025-05-22 16:58:49
239,周建军_238,4096b2906cac0e4356c5985db8d5265f,user,中年(31-50),自由职业,女,研究生及以上,周建军_238@fang.cn,15638816370,,2025-05-22 16:58:49
240,徐莉_239,b12df09a86373b1f118c3319eef6602e,user,青少年(13-18),学生,男,初中,徐莉_239@04.cn,15796073673,,2025-05-22 16:58:49
241,杨琴_240,0cf7aee6c18eb54370d341884840d775,user,老年(51+),自由职业,其他,高中,,,,2025-05-22 16:58:49
242,陆娟_241,bebe15fa2394a32ae737717589fbc995,user,老年(51+),企业职员,男,高中,陆娟_241@chaozou.cn,,,2025-05-22 16:58:49
243,李婷_242,8c8073bd035b15e3c5cbd167ad443795,user,青少年(13-18),学生,男,初中,李婷_242@kq.cn,18839906626,,2025-05-22 16:58:49
244,任斌_243,78969dc3f1c083809a273c11d2e14c75,user,青年(19-30),学生,男,大专/本科,任斌_243@yangyang.cn,,,2025-05-22 16:58:49
245,卢淑珍_244,72cc3bff8cf5f9017a8a0f75d1b819c8,user,青年(19-30),企业职员,男,研究生及以上,,13703645975,,2025-05-22 16:58:49
246,滕林_245,ea2e53e546c8ecd9f030c9f2429dc5d5,user,青年(19-30),公务员,女,高中,,,,2025-05-22 16:58:49
247,王琳_246,4ed0f5f62f25ecc567c441d9b96ce4cb,user,青年(19-30),学生,其他,大专/本科,,,,2025-05-22 16:58:49
248,许桂芳_247,d7a326e46406060af2e9ac5e74f8a236,user,中年(31-50),公务员,男,研究生及以上,,,,2025-05-22 16:58:49
249,白彬_248,96f7962c421af6c3f2265d16579bfdc0,user,青年(19-30),企业职员,其他,大专/本科,白彬_248@junxiao.cn,,,2025-05-22 16:58:49
250,张鹏_249,1c05360c0b52d994d39d2627130e7e9c,user,中年(31-50),学生,女,大专/本科,张鹏_249@pd.cn,,,2025-05-22 16:58:49
251,赵红_250,35d748429a4e0f5def09c1cdd76978bf,user,中年(31-50),其他,男,研究生及以上,赵红_250@fk.cn,,,2025-05-22 16:58:49
252,刘建军_251,8f7377b19e8ef0e3b56137787c88c508,user,儿童(0-12),学生,男,小学及以下,刘建军_251@chao.cn,13620669264,,2025-05-22 16:58:49
253,杨秀芳_252,f89d8f223e44ded3bab0ce28dadbcbb3,user,儿童(0-12),学生,男,小学及以下,,,,2025-05-22 16:58:49
254,丁旭_253,35be36b7e3d454f8101cb4b73fc7b9e7,user,青年(19-30),其他,男,大专/本科,,,,2025-05-22 16:58:49
255,侯英_254,15e4b0ae31648ae3a8d8a5527458df06,user,儿童(0-12),学生,男,小学及以下,侯英_254@13.cn,,,2025-05-22 16:58:49
256,吴建_255,749b138ae539a6baebc53f8907ce09fa,user,老年(51+),公务员,其他,高中,,,,2025-05-22 16:58:49
257,张涛_256,260646e304f266e225ede0634d7ec750,user,青少年(13-18),学生,其他,初中,,,,2025-05-22 16:58:49
258,黄丹_257,573eeaee5cd00dcaf81f7fcc6d1cf722,user,青年(19-30),学生,其他,大专/本科,,,,2025-05-22 16:58:49
259,钟雷_258,3cb25eae14c96347cceb75902a1c866b,user,老年(51+),退休人员,男,初中,,13616319910,,2025-05-22 16:58:49
260,吴桂兰_259,d3b7580180bb2ab28cda61a1c4825f12,user,儿童(0-12),学生,其他,小学及以下,,,,2025-05-22 16:58:49
261,裴旭_260,8349e20ec8c416dc04ca7713d2ffbf85,user,中年(31-50),公务员,其他,高中,裴旭_260@cao.cn,,,2025-05-22 16:58:49
262,崔丽_261,a0f08f6687829c05af8ec881bd5f4824,user,中年(31-50),公务员,其他,初中,,,,2025-05-22 16:58:49
263,侯淑英_262,2ce9e4e575dd58455fb8102403bc98b6,user,儿童(0-12),学生,女,小学及以下,侯淑英_262@yanxiao.cn,,,2025-05-22 16:58:49
264,卢秀云_263,b7c9eec4778296570464351bb0684917,user,儿童(0-12),学生,其他,小学及以下,,13376674779,,2025-05-22 16:58:49
265,刘桂英_264,f062c051f7f9f3e32fb40e8cf73a59a1,user,青年(19-30),其他,男,高中,刘桂英_264@zx.cn,,,2025-05-22 16:58:49
266,徐颖_265,0930c069030011ac507e9580dc7f239c,user,中年(31-50),企业职员,女,大专/本科,,,,2025-05-22 16:58:49
267,张丹丹_266,5ed3bb3ae0a2a2fe2549f6e8ee2d9d94,user,儿童(0-12),学生,其他,小学及以下,,,,2025-05-22 16:58:49
268,王敏_267,843d73212d46ff04188235709e166a24,user,青年(19-30),其他,男,高中,,,,2025-05-22 16:58:49
269,牛霞_268,888d539385629b73546599b9bad2656c,user,老年(51+),退休人员,女,高中,,,,2025-05-22 16:58:49
270,刘凤兰_269,66ba035576127ff197fc404cbbf5a30f,user,青年(19-30),学生,女,研究生及以上,刘凤兰_269@zhongsun.com,15958417455,,2025-05-22 16:58:49
271,冯兵_270,3690689409c5e2b7cd577ce099539250,user,青年(19-30),学生,男,大专/本科,,,,2025-05-22 16:58:49
272,潘倩_271,4c1b746b3a467c6b0a82f310882d6dac,user,中年(31-50),其他,男,大专/本科,潘倩_271@jun.net,,,2025-05-22 16:58:49
273,黄敏_272,ec996bc8679aa4ff3b0e2f7e8885d697,user,青年(19-30),学生,其他,研究生及以上,,,,2025-05-22 16:58:49
274,钟岩_273,4a2ac63be753a436107e0cec7f39d4e1,user,儿童(0-12),学生,男,小学及以下,,,,2025-05-22 16:58:49
275,解秀梅_274,f55918b78b3cac29b25bc8aea836570e,user,中年(31-50),自由职业,男,大专/本科,解秀梅_274@zk.cn,,,2025-05-22 16:58:49
276,王玉珍_275,7f1378deec12558a6d288e39757a3c74,user,中年(31-50),教师,女,高中,,,,2025-05-22 16:58:49
277,姚荣_276,5e3d2e3884e747123f36d2527e852cd1,user,儿童(0-12),学生,女,小学及以下,,,,2025-05-22 16:58:49
278,杨雷_277,f11df12931079529d1f70cb1e0b2eaf1,user,中年(31-50),学生,男,大专/本科,,13203543923,,2025-05-22 16:58:49
279,杨建平_278,c3bb9fa7d46dbb13b45b16043d40944e,user,中年(31-50),教师,女,高中,杨建平_278@86.cn,14523597812,,2025-05-22 16:58:49
280,王超_279,23e18f2c0df6d65110b13e7f435bd39c,user,儿童(0-12),学生,女,小学及以下,,,,2025-05-22 16:58:49
281,盛博_280,659a634ae2652be8bc6fc8112e7e646f,user,老年(51+),公务员,其他,研究生及以上,盛博_280@taolong.cn,15708995470,,2025-05-22 16:58:49
282,李璐_281,8b59303f9e2fab4d07bf011c792bf5fa,user,青年(19-30),学生,男,大专/本科,,,,2025-05-22 16:58:49
283,马玉英_282,7da5cab353005b33019f0aa890925d2a,user,青年(19-30),其他,其他,大专/本科,马玉英_282@jiechao.cn,,,2025-05-22 16:58:49
284,粟鑫_283,49f41b8194c1db950f961ad1ff2871af,user,青年(19-30),企业职员,男,大专/本科,粟鑫_283@yangxue.cn,,,2025-05-22 16:58:49
285,蔡帅_284,848b549618df6040c7cb88fc8d99071c,user,青年(19-30),其他,其他,大专/本科,,,,2025-05-22 16:58:49
286,李建军_285,6cc78d800495b8cb180beb3f4eecc238,user,儿童(0-12),学生,其他,小学及以下,,,,2025-05-22 16:58:49
287,王冬梅_286,5e567992c41916cd786abe4d80ccb3e0,user,中年(31-50),教师,男,大专/本科,,,,2025-05-22 16:58:49
288,徐帅_287,d2a5340b772f30fcb7d56573fdbb99e7,user,青少年(13-18),学生,男,初中,,18087921936,,2025-05-22 16:58:49
289,谢玉英_288,a381e0de6494474e38fb8b99021ec4e4,user,中年(31-50),企业职员,男,大专/本科,,15882246320,,2025-05-22 16:58:49
290,王瑞_289,42a0354fb2c33959d2f492f22a88497b,user,老年(51+),退休人员,其他,大专/本科,,,,2025-05-22 16:58:49
291,徐龙_290,a88359ea11491108e03bc6907c564da8,user,中年(31-50),公务员,女,研究生及以上,,,,2025-05-22 16:58:49
292,周建_291,b2012ad26010a2cc89ac0994813f9b76,user,中年(31-50),教师,女,大专/本科,,,,2025-05-22 16:58:49
293,黄斌_292,a3cc68092c630d5977370dfac15b751d,user,青少年(13-18),学生,其他,高中,黄斌_292@zengcai.cn,15076809301,,2025-05-22 16:58:49
294,王林_293,b30c480ef1e9fcba8d365859801b7b7a,user,中年(31-50),自由职业,男,大专/本科,,,,2025-05-22 16:58:49
295,汤东_294,f7e519a766a0cca5e113e396c768d873,user,中年(31-50),自由职业,男,大专/本科,,,,2025-05-22 16:58:49
296,赵建军_295,29c659283f194d2a862890585a7a3036,user,青年(19-30),自由职业,女,研究生及以上,赵建军_295@zeng.cn,18086159188,,2025-05-22 16:58:49
297,王欢_296,821b94fd6fc5ac764df7423aa79b768b,user,青年(19-30),学生,男,大专/本科,王欢_296@minxiuying.org,,,2025-05-22 16:58:49
298,陈淑珍_297,12fbb19e964b27523d766d86532edfbd,user,老年(51+),退休人员,男,研究生及以上,陈淑珍_297@xiuyingzhou.cn,,,2025-05-22 16:58:49
299,谭柳_298,2970406474272fa2e7c0d631b1fb0302,user,中年(31-50),企业职员,男,研究生及以上,,,,2025-05-22 16:58:49
300,项荣_299,8947a497b6e8a53ab435d9022b4d1e9c,user,青少年(13-18),学生,其他,初中,项荣_299@yuan.cn,,,2025-05-22 16:58:49
301,张军_300,bf536cf085605a9564414ebc162b3631,user,青年(19-30),学生,其他,研究生及以上,,,,2025-05-22 16:58:49
302,余丽丽_301,293321e50d3ab5006326abdbcec56224,user,青年(19-30),企业职员,其他,大专/本科,余丽丽_301@gangyang.cn,,,2025-05-22 16:58:49
303,梁伟_302,bf4723a091cfed92c4117e3c4f720fce,user,青年(19-30),其他,女,大专/本科,梁伟_302@lc.cn,,,2025-05-22 16:58:49
304,徐洋_303,064b60cc0e80597593b6ac1f19b7bf8d,user,中年(31-50),自由职业,男,研究生及以上,,18537488513,,2025-05-22 16:58:49
305,黄春梅_304,b980c2e4652cc59d7f4ada022ff0cd6d,user,青年(19-30),公务员,其他,大专/本科,,,,2025-05-22 16:58:49
306,张鑫_305,b0c2fb2ec2b60adc7f65145aeac565ba,user,青年(19-30),企业职员,男,大专/本科,,,,2025-05-22 16:58:49
307,李芳_306,25164a33fb3c3a94bd14a6275989de47,user,中年(31-50),教师,其他,研究生及以上,李芳_306@xiuyingjuan.cn,,,2025-05-22 16:58:49
308,李飞_307,d92d7745e23b162f61fecfca8a5d68fe,user,老年(51+),退休人员,女,高中,李飞_307@chao.cn,,,2025-05-22 16:58:49
309,刘建_308,4c4786c1f51c0557530dff2f652f53eb,user,老年(51+),退休人员,女,高中,,,,2025-05-22 16:58:49
310,陈丹丹_309,71ac7bc157e4c81339c055204b7aa83f,user,儿童(0-12),学生,其他,小学及以下,陈丹丹_309@mingxie.cn,,,2025-05-22 16:58:49
311,徐雪梅_310,5947329d2f07d4e3b7ded49967bfcef4,user,老年(51+),退休人员,男,小学及以下,,15600391529,,2025-05-22 16:58:49
312,张斌_311,c2b70be399210f09db228e36e04938e2,user,儿童(0-12),学生,男,小学及以下,张斌_311@ci.cn,,,2025-05-22 16:58:49
313,宁晶_312,79a86c6b1b26cac74b3057732924173f,user,中年(31-50),企业职员,女,初中,宁晶_312@64.cn,,,2025-05-22 16:58:49
314,张淑华_313,c25d7971732e659ebedddea3340dc6e7,user,中年(31-50),自由职业,其他,初中,张淑华_313@lei.org,18799995170,,2025-05-22 16:58:49
315,卢燕_314,b08a64abc28c0996f790720477be3529,user,中年(31-50),自由职业,女,研究生及以上,,,,2025-05-22 16:58:49
316,杨秀兰_315,f1c049529088b1b4e562c79eb66dbbe2,user,儿童(0-12),学生,男,小学及以下,杨秀兰_315@juanjun.cn,,,2025-05-22 16:58:49
317,李峰_316,661e01476efc51bffc66581da9879057,user,老年(51+),退休人员,女,高中,李峰_316@83.cn,,,2025-05-22 16:58:49
318,徐红霞_317,81f20b0c1fb53f43782ec71aa2c4b8f5,user,儿童(0-12),学生,其他,小学及以下,徐红霞_317@yi.cn,,,2025-05-22 16:58:49
319,黄敏_318,2cb8fef036c1475b5f395ec30c25af56,user,青少年(13-18),学生,其他,高中,黄敏_318@yang.cn,,,2025-05-22 16:58:49
320,范斌_319,f4b72e20f052da9a8bd1464850903909,user,青少年(13-18),学生,男,高中,,,,2025-05-22 16:58:49
321,吴华_320,5ffb850dd975e3698d69624ac0899395,user,青少年(13-18),学生,女,初中,,15572422075,,2025-05-22 16:58:49
322,曹淑珍_321,d66ece9845a43e04a5d8deb5f3217387,user,中年(31-50),公务员,男,大专/本科,,,,2025-05-22 16:58:49
323,黄桂芝_322,3acf879e78ba6f5962ae75195c337b37,user,儿童(0-12),学生,男,小学及以下,黄桂芝_322@taoxiang.cn,13122546541,,2025-05-22 16:58:49
324,褚玲_323,0f9d6266f75ed49ec8be5ceeb6769fea,user,老年(51+),退休人员,其他,大专/本科,褚玲_323@hankang.cn,18810891733,,2025-05-22 16:58:49
325,张桂花_324,7fbbd7dd96f30d5cbc203944dd9200fb,user,青少年(13-18),学生,女,初中,,,,2025-05-22 16:58:49
326,王冬梅_325,3e6ec82858d457d7d3fba6a29c862ac6,user,青年(19-30),企业职员,其他,高中,,15216508811,,2025-05-22 16:58:49
327,张桂英_326,78dcd6c772a7563c7c78121d18c4f08d,user,青年(19-30),学生,男,大专/本科,,15159913327,,2025-05-22 16:58:49
328,张婷婷_327,506d83bc758c72b2d03b51125b54c67e,user,青少年(13-18),学生,男,初中,张婷婷_327@21.cn,,,2025-05-22 16:58:49
329,李琳_328,53ae9728517a6f1636ec22752186607b,user,青年(19-30),企业职员,女,大专/本科,,,,2025-05-22 16:58:49
330,詹洁_329,6cc2efd84e9953b328eca52eb7e8532b,user,青少年(13-18),学生,男,高中,,,,2025-05-22 16:58:49
331,蓝桂兰_330,2732545a0b8ff9556357dfc226151be6,user,儿童(0-12),学生,女,小学及以下,,,,2025-05-22 16:58:49
332,刘刚_331,7b1687cb3513c23154f40298ff968731,user,老年(51+),其他,男,大专/本科,刘刚_331@60.com,18786652088,,2025-05-22 16:58:49
333,刘春梅_332,e04d15756ecb56b6be0d60abab47108a,user,儿童(0-12),学生,男,小学及以下,,,,2025-05-22 16:58:49
334,孙文_333,40be5094923d6e481508ebc1fb28684f,user,青年(19-30),学生,其他,大专/本科,孙文_333@qiao.cn,,,2025-05-22 16:58:49
335,刘伟_334,f81d7accf46979d8ce043523c7faccaa,user,中年(31-50),公务员,男,大专/本科,,,,2025-05-22 16:58:49
336,王丹_335,1b9f61ddcb9e830bed27c57aff680546,user,儿童(0-12),学生,其他,小学及以下,王丹_335@fang.cn,,,2025-05-22 16:58:49
337,芦春梅_336,18b4e8fbe1bf428d97831ecefe233c8b,user,青年(19-30),公务员,其他,大专/本科,芦春梅_336@xuyao.cn,,,2025-05-22 16:58:49
338,林萍_337,476c0eded660bc4355565e019f3aec34,user,老年(51+),退休人员,女,研究生及以上,林萍_337@xiahan.cn,,,2025-05-22 16:58:49
339,刘凯_338,1a9303a26e00632c95f9a6f0e5666939,user,青年(19-30),学生,其他,大专/本科,刘凯_338@wei.cn,,,2025-05-22 16:58:49
340,张伟_339,6c1181eed9f6368ce07200fb67f30c24,user,老年(51+),自由职业,其他,大专/本科,,,,2025-05-22 16:58:49
341,徐帆_340,4f4fc827925d0834eacabe6e3d295329,user,老年(51+),自由职业,女,大专/本科,,,,2025-05-22 16:58:49
342,谢晨_341,8abcddf9f1a14f4fb8d82a01ad2bef6a,user,儿童(0-12),学生,其他,小学及以下,谢晨_341@chaoxiulan.cn,,,2025-05-22 16:58:49
343,鲁红_342,b3d5e08915532173955b268054e8ef07,user,中年(31-50),公务员,其他,研究生及以上,,,,2025-05-22 16:58:49
344,李倩_343,d0978968ec103e5893d06fd33c0d2a15,user,中年(31-50),自由职业,女,大专/本科,李倩_343@zr.cn,,,2025-05-22 16:58:49
345,秦畅_344,a2df8475c276ba6a12c6d1a87b2a9938,user,青年(19-30),学生,女,大专/本科,秦畅_344@tao.cn,,,2025-05-22 16:58:49
346,毕秀华_345,5dd3c969ab736b2f4200a4dda8a0e9cd,user,青年(19-30),学生,男,大专/本科,,,,2025-05-22 16:58:49
347,宋红_346,6e2d7a27a6f4a6f4a940fb96c0d5d21a,user,中年(31-50),企业职员,其他,大专/本科,宋红_346@naqiang.cn,,,2025-05-22 16:58:49
348,吴想_347,60be4bfa7ab5f08f35efd72994d6049a,user,老年(51+),教师,其他,高中,吴想_347@jintao.cn,13567680525,,2025-05-22 16:58:49
349,王秀荣_348,6b1998ee5df8a081a7d56e9f62df5077,user,儿童(0-12),学生,男,小学及以下,,13372409861,,2025-05-22 16:58:49
350,尹丹_349,7fc0b30f66457d0e8540b766a757ca22,user,青年(19-30),学生,其他,高中,,,,2025-05-22 16:58:49
351,卢婷_350,1eb66dcd6ccb881dbdcd4336ba9ca8fc,user,青少年(13-18),学生,其他,高中,卢婷_350@liu.cn,,,2025-05-22 16:58:49
352,卢杨_351,8d51b1f53578afdb3436f555befbe788,user,青少年(13-18),学生,其他,初中,卢杨_351@34.cn,,,2025-05-22 16:58:49
353,王岩_352,1566482ccd8072caabc26898e372524b,user,老年(51+),企业职员,女,大专/本科,,,,2025-05-22 16:58:49
354,高杰_353,c31b0e7911ba482bfc489086c3b9f216,user,青少年(13-18),学生,女,初中,高杰_353@yangchao.cn,,,2025-05-22 16:58:49
355,徐凤兰_354,e2a42a40e382725bc2c6c4ed47e9d973,user,青年(19-30),教师,女,研究生及以上,,14740634169,,2025-05-22 16:58:49
356,朱华_355,fd8e15c108df1f58892555fa28023e19,user,老年(51+),退休人员,其他,小学及以下,,18944495809,,2025-05-22 16:58:49
357,崔玉_356,37e4256f3185ea869deabca999aa5ed6,user,青年(19-30),企业职员,男,研究生及以上,,,,2025-05-22 16:58:49
358,支璐_357,521a705a3ad985d88bb05ac0b8935b1c,user,中年(31-50),教师,女,大专/本科,支璐_357@dongzhou.cn,,,2025-05-22 16:58:49
359,张兰英_358,6a89bf0fda12890687bdeff94c17e1c9,user,老年(51+),教师,女,研究生及以上,张兰英_358@39.cn,,,2025-05-22 16:58:49
360,阚刚_359,53026ebcbbca5fbcbec672f560529389,user,青年(19-30),企业职员,女,大专/本科,阚刚_359@kong.net,,,2025-05-22 16:58:49
361,傅丽_360,9eb3d976b495cf2d90196d766c1fa918,user,青年(19-30),其他,其他,大专/本科,,,,2025-05-22 16:58:49
362,陈秀珍_361,bb6a1dc9a19574e6d3533c1acace72cc,user,青少年(13-18),学生,其他,初中,,,,2025-05-22 16:58:49
363,刘军_362,b140526f08936583674eaa300c284163,user,老年(51+),退休人员,女,大专/本科,刘军_362@xiuyingwan.cn,,,2025-05-22 16:58:49
364,唐彬_363,35b3012c1d6cb41656fa4823a343650c,user,中年(31-50),企业职员,女,大专/本科,,,,2025-05-22 16:58:49
365,谭洋_364,725a04bc1b0500ec836b544d461d3e98,user,青年(19-30),学生,女,高中,谭洋_364@31.cn,,,2025-05-22 16:58:49
366,许淑兰_365,3b6e4b6ebe886ffc3a1f51cbdb964778,user,中年(31-50),退休人员,女,高中,许淑兰_365@ia.cn,,,2025-05-22 16:58:49
367,董丽丽_366,0491aa5ec21eb3b3cf908400ed0d01bb,user,儿童(0-12),学生,其他,小学及以下,,,,2025-05-22 16:58:49
368,杜健_367,7d65390a63c23549dfac07f7d0c134f4,user,儿童(0-12),学生,女,小学及以下,杜健_367@44.cn,,,2025-05-22 16:58:49
369,刘帆_368,6c8f3353c64acc172be1cb64d64fd6bb,user,青年(19-30),学生,其他,高中,刘帆_368@lin.cn,,,2025-05-22 16:58:49
370,陈凤兰_369,ede7f09afd4268b8e74f23aa6ff33d47,user,中年(31-50),学生,女,研究生及以上,陈凤兰_369@87.cn,,,2025-05-22 16:58:49
371,赵洁_370,bb95ff044d215b87b1e1a2fcdf515e5a,user,青年(19-30),公务员,女,研究生及以上,,,,2025-05-22 16:58:49
372,张畅_371,d432d2549fa84c8f23f0c4be65d73a00,user,青年(19-30),学生,女,研究生及以上,,18618245745,,2025-05-22 16:58:49
373,张凤兰_372,b59aa73aad53a7a0035ce9b1c49fe1e9,user,青少年(13-18),学生,男,初中,,,,2025-05-22 16:58:49
374,陈海燕_373,60d4a9069a5b3285c6f8105607b531ca,user,青年(19-30),学生,其他,大专/本科,,,,2025-05-22 16:58:49
375,冯海燕_374,2935161e5c71ded5dab903d664e7ca1c,user,青少年(13-18),学生,女,初中,,,,2025-05-22 16:58:49
376,袁涛_375,2ba8ee39c1bbeb76349f1e7a04436ffe,user,中年(31-50),自由职业,男,高中,,,,2025-05-22 16:58:49
377,陈利_376,68bcaadbe19aee05b88696fd6ffb0b11,user,儿童(0-12),学生,男,小学及以下,,,,2025-05-22 16:58:49
378,万伟_377,dfeba73bbcd1581b4bd068649799666f,user,儿童(0-12),学生,男,小学及以下,,13130617458,,2025-05-22 16:58:49
379,张莉_378,8e17d7d0e51e60d20a4ee0cf4451e4ac,user,中年(31-50),自由职业,男,大专/本科,张莉_378@du.cn,,,2025-05-22 16:58:49
380,姚柳_379,9fdeda8bf14ad7a4286dc1da594efe01,user,中年(31-50),自由职业,男,大专/本科,,18217293938,,2025-05-22 16:58:49
381,邹建平_380,b5086ee7184631271ec9ef8755914c77,user,青年(19-30),其他,其他,高中,,,,2025-05-22 16:58:49
382,石秀梅_381,2b639c7944068d3566868655c2bbf5f6,user,中年(31-50),教师,女,大专/本科,石秀梅_381@guiyinglin.cn,13362500539,,2025-05-22 16:58:49
383,余桂荣_382,529a119394cc2c9db4aead6d6495ad93,user,老年(51+),公务员,其他,研究生及以上,余桂荣_382@chencui.cn,,,2025-05-22 16:58:49
384,袁瑜_383,8212d92d020d4d13adc3486b0da5dea7,user,儿童(0-12),学生,男,小学及以下,袁瑜_383@60.cn,,,2025-05-22 16:58:49
385,施岩_384,831b3696a4f6544bdf2e817ffe39caa5,user,中年(31-50),公务员,女,高中,施岩_384@ja.cn,,,2025-05-22 16:58:49
386,陈伟_385,020afad39cd5506f1efb8f5cb3c25f31,user,儿童(0-12),学生,男,小学及以下,陈伟_385@xiulanxiulan.cn,,,2025-05-22 16:58:49
387,李建军_386,cca553a63d42345276dddd902d5d1211,user,儿童(0-12),学生,其他,小学及以下,,,,2025-05-22 16:58:49
388,姜婷_387,4f0c44e7b21a4324c0510f34862d36bc,user,儿童(0-12),学生,男,小学及以下,,,,2025-05-22 16:58:49
389,张彬_388,97af7f79c92d9c2f50f5c8cf482dddf0,user,青年(19-30),企业职员,女,大专/本科,张彬_388@lijing.cn,18752996598,,2025-05-22 16:58:49
390,王磊_389,68b2bbd3a25840e8f99d4a8722807bda,user,中年(31-50),自由职业,其他,大专/本科,王磊_389@jinglin.cn,,,2025-05-22 16:58:49
391,仲红霞_390,a0eff974053276ee9c154c44951d2df5,user,儿童(0-12),学生,男,小学及以下,仲红霞_390@li.cn,,,2025-05-22 16:58:49
392,司勇_391,d54ce0609eba68d36e5544b837c071f9,user,中年(31-50),公务员,其他,大专/本科,,,,2025-05-22 16:58:49
393,朱建平_392,3a3294d0a42b3c3dca0df1f6b8d2f812,user,儿童(0-12),学生,女,小学及以下,,,,2025-05-22 16:58:49
394,高杨_393,23e0a7bb2cf3799ac09864cc1916be7c,user,中年(31-50),其他,男,大专/本科,,,,2025-05-22 16:58:49
395,孙秀英_394,450b059293cc3019f00b75c0b65a7f3a,user,青年(19-30),企业职员,女,研究生及以上,,15596383603,,2025-05-22 16:58:49
396,曾玉英_395,a6f08479592e32e4838a2328642a71fa,user,儿童(0-12),学生,男,小学及以下,曾玉英_395@xp.net,13185568826,,2025-05-22 16:58:49
397,周晨_396,792ebb077543b1a7d669e46dbf36b4d8,user,老年(51+),退休人员,女,研究生及以上,,18864039739,,2025-05-22 16:58:49
398,施建_397,7230c4bee721ac9eb6cf6a4eb929a4ba,user,儿童(0-12),学生,男,小学及以下,,15560883160,,2025-05-22 16:58:49
399,辛浩_398,0ba6690523ef5ef69ed4e6ab55e7352e,user,儿童(0-12),学生,其他,小学及以下,辛浩_398@35.cn,15913885122,,2025-05-22 16:58:49
400,吕云_399,f3b386d6b3e18d15cf1410a208971e5d,user,中年(31-50),公务员,男,大专/本科,,14519535897,,2025-05-22 16:58:49
401,谈金凤_400,ea45fc4bc9c04fa4681debecf7effd67,user,老年(51+),公务员,女,初中,,,,2025-05-22 16:58:49
402,杨勇_401,5e5ac8b5a01c251f474ab18c44340a0c,user,青少年(13-18),学生,其他,初中,,,,2025-05-22 16:58:49
403,王超_402,a13e6652c39adef26ed20419d7a30e18,user,青年(19-30),学生,其他,大专/本科,,,,2025-05-22 16:58:49
404,贾丽丽_403,c1400ec72a96b765bc05720791eabe2c,user,青年(19-30),教师,其他,大专/本科,贾丽丽_403@xupeng.cn,,,2025-05-22 16:58:49
405,周金凤_404,9184009f388a1c62d93de42f4ee5e186,user,中年(31-50),公务员,其他,大专/本科,周金凤_404@ky.com,13051426083,,2025-05-22 16:58:49
406,麦秀梅_405,d9b42a9490a97817561af7e09da8e5c3,user,中年(31-50),企业职员,女,大专/本科,,,,2025-05-22 16:58:49
407,邹婷_406,8722477b942158b9dae1d820e58b7b8d,user,青少年(13-18),学生,女,高中,,,,2025-05-22 16:58:49
408,朱彬_407,bee28ec3297f1aa5eef463d23f4b0c41,user,青少年(13-18),学生,男,高中,,,,2025-05-22 16:58:49
409,陈琳_408,980abc5a435e3c85f63265e1c07356b2,user,老年(51+),其他,男,高中,陈琳_408@juanbai.cn,,,2025-05-22 16:58:49
410,赵龙_409,17b857b5e538e3218eb27f0c7a0c5690,user,青年(19-30),自由职业,其他,大专/本科,,,,2025-05-22 16:58:49
411,张英_410,08924d942daf81be1744e7570293c6e5,user,老年(51+),退休人员,男,大专/本科,张英_410@rending.cn,,,2025-05-22 16:58:49
412,高建华_411,431f0048e9d91c0263a563a38470a7a0,user,青少年(13-18),学生,女,高中,,,,2025-05-22 16:58:49
413,吴洋_412,91c3813efc6099b0a7cae31d44ea353c,user,儿童(0-12),学生,其他,小学及以下,吴洋_412@yangmao.cn,18951134821,,2025-05-22 16:58:49
414,邓云_413,52f09f65a52e644ccca6cdf38f2164e3,user,青少年(13-18),学生,女,高中,,,,2025-05-22 16:58:49
415,周柳_414,e9a86b0749220230002b268a58cdba6f,user,老年(51+),自由职业,男,高中,,18048043088,,2025-05-22 16:58:49
416,陈杰_415,554e8ee3536a8fe7ad4a3b28c31254b3,user,儿童(0-12),学生,其他,小学及以下,陈杰_415@jiema.cn,13488502158,,2025-05-22 16:58:49
417,曹倩_416,74bc05ff6b60350e030b51546116e2f6,user,中年(31-50),教师,男,大专/本科,曹倩_416@yiqian.net,,,2025-05-22 16:58:49
418,蔡秀珍_417,66aa238e226d976df32673884ed14ce0,user,青年(19-30),自由职业,男,大专/本科,,,,2025-05-22 16:58:49
419,冯雪梅_418,af6c379d4fd13b7835d338b3dfdff160,user,青年(19-30),其他,女,大专/本科,冯雪梅_418@yi.cn,,,2025-05-22 16:58:49
420,王洋_419,c538dd6482c2d63fa718d9bc42b4811c,user,老年(51+),教师,其他,研究生及以上,王洋_419@yangding.cn,15759091034,,2025-05-22 16:58:49
421,康琳_420,3c0eb25dd2ceb466fd7ecb152abc09ad,user,青年(19-30),学生,男,大专/本科,,13427710188,,2025-05-22 16:58:49
422,高建_421,f22fb96a40489a8dfd8002c9d6307edb,user,老年(51+),企业职员,男,初中,,,,2025-05-22 16:58:49
423,欧阳伟_422,9d22660ab4106357db3c0a08be5b717c,user,青年(19-30),学生,女,大专/本科,,13259931800,,2025-05-22 16:58:49
424,毛丹丹_423,e059dd46014ff7c8446d2812abb6e5f4,user,青年(19-30),教师,男,大专/本科,,,,2025-05-22 16:58:49
425,唐丽_424,a20eb7098f830700bc7b7d05be4dce4f,user,老年(51+),退休人员,其他,初中,唐丽_424@18.cn,,,2025-05-22 16:58:49
426,赵利_425,a486d26b5710afbd80d3f4812f38739c,user,青年(19-30),学生,其他,研究生及以上,,,,2025-05-22 16:58:49
427,马亮_426,34059aad62e72b2bc5911948bcc5bf82,user,中年(31-50),其他,其他,高中,,,,2025-05-22 16:58:49
428,鞠玉兰_427,6484ce35cc7f8ba6faed16fbf43f3e56,user,青年(19-30),学生,其他,高中,鞠玉兰_427@qiangxue.cn,15133027315,,2025-05-22 16:58:49
429,张涛_428,ccf0669fe188a3e7dad7bf8fd4f3a546,user,中年(31-50),公务员,男,高中,张涛_428@34.cn,18921337904,,2025-05-22 16:58:49
430,郑岩_429,5e83afd8a7691423e19014c9ed01d7a0,user,儿童(0-12),学生,男,小学及以下,,,,2025-05-22 16:58:49
431,汤红霞_430,0a31fb0068e228236be97d05295c004c,user,中年(31-50),公务员,男,大专/本科,汤红霞_430@tao.net,18137073178,,2025-05-22 16:58:49
432,商浩_431,54cce6b8e9a82480d4c2230c91ad5a7b,user,儿童(0-12),学生,其他,小学及以下,,,,2025-05-22 16:58:49
433,郑坤_432,95877811a79d58e32cf6490a3e3de7ee,user,青年(19-30),自由职业,其他,研究生及以上,,,,2025-05-22 16:58:49
434,封志强_433,7ee7e28e3f092085757a75ce080b02fa,user,青年(19-30),其他,女,大专/本科,,,,2025-05-22 16:58:49
435,王杰_434,ab990658d2a57be6e6665326a3a2e9e1,user,老年(51+),退休人员,男,大专/本科,,,,2025-05-22 16:58:49
436,王玲_435,56e05a05a1dd7bce648f3566d9854832,user,老年(51+),企业职员,女,大专/本科,,,,2025-05-22 16:58:49
437,王秀华_436,e55cc4bd68d78d88d89472519fcf847c,user,儿童(0-12),学生,男,小学及以下,,13571931204,,2025-05-22 16:58:49
438,艾畅_437,db1c141df285f797a1832ca3fcaa9085,user,青少年(13-18),学生,女,高中,艾畅_437@ut.cn,13186080828,,2025-05-22 16:58:49
439,侯博_438,07aa0a95cf36c14b24a76f127f7a288d,user,青年(19-30),企业职员,其他,研究生及以上,侯博_438@pinghao.net,13921545844,,2025-05-22 16:58:49
440,蔡莉_439,aa30be71c8f94a47e3cf916b47f3baa8,user,青年(19-30),自由职业,女,研究生及以上,蔡莉_439@qs.cn,,,2025-05-22 16:58:49
441,林楠_440,ec47f8fea1bc815b1eb14ca5cd25fa3b,user,青年(19-30),学生,男,大专/本科,林楠_440@xiangzhang.cn,,,2025-05-22 16:58:49
442,张冬梅_441,04f3bcdd54b0f42fb15914ddd33b5de7,user,中年(31-50),企业职员,女,研究生及以上,张冬梅_441@dai.cn,,,2025-05-22 16:58:49
443,黄秀英_442,8f02dfc20e52fe26b296c0dc24bc3513,user,老年(51+),退休人员,其他,小学及以下,黄秀英_442@lz.cn,,,2025-05-22 16:58:49
444,施雷_443,df56f28658adbb7bcb22263bb5b53227,user,儿童(0-12),学生,男,小学及以下,,,,2025-05-22 16:58:49
445,陈雪梅_444,5f7d6951f37720c159f0237c0cbd0f85,user,青年(19-30),学生,其他,大专/本科,,,,2025-05-22 16:58:49
446,谭娟_445,ef225ab20bc8ca011a9546ecd9360873,user,青少年(13-18),学生,女,初中,,,,2025-05-22 16:58:49
447,韩东_446,109f8f2830d20adbd1d42f3e4fe73e4a,user,青年(19-30),学生,男,大专/本科,韩东_446@junli.cn,,,2025-05-22 16:58:49
448,葛辉_447,80f231beb0c5729dc6c8057b681b51a0,user,青年(19-30),其他,男,研究生及以上,葛辉_447@dong.cn,,,2025-05-22 16:58:49
449,张磊_448,86e7ffd8d114c6c6ff35dceb0a2ef1d1,user,青少年(13-18),学生,男,初中,,18865047182,,2025-05-22 16:58:49
450,孙畅_449,37327716696a51a70b05cd85f99b9f48,user,儿童(0-12),学生,男,小学及以下,孙畅_449@ping.net,,,2025-05-22 16:58:49
451,杨涛_450,70f552388316f34517bd9e2247e52178,user,青年(19-30),企业职员,女,大专/本科,,,,2025-05-22 16:58:49
452,吴洋_451,c6ce0e871dacdb84319f3379c6652e09,user,青少年(13-18),学生,其他,高中,吴洋_451@xia.cn,,,2025-05-22 16:58:49
453,马洋_452,1229f6ecca2f661bfdb957a29856e1c0,user,中年(31-50),自由职业,女,大专/本科,,13125370503,,2025-05-22 16:58:49
454,陈兵_453,3574b6adeb872574590a66dc7c3e2109,user,中年(31-50),自由职业,男,高中,陈兵_453@xiuyingzeng.cn,,,2025-05-22 16:58:49
455,陈想_454,66887264692a38c0f245691b5f4b5c30,user,青年(19-30),其他,女,大专/本科,陈想_454@wei.cn,,,2025-05-22 16:58:49
456,舒丽华_455,2df663ebecf8b9061de64adf3ed18551,user,青少年(13-18),学生,男,高中,舒丽华_455@gangmin.cn,18098258899,,2025-05-22 16:58:49
457,童帅_456,f312bf8c9216737130287a8c7c6979d8,user,儿童(0-12),学生,女,小学及以下,,,,2025-05-22 16:58:49
458,程杨_457,dd986a31289cab0f34eaa59793495e7e,user,青年(19-30),自由职业,其他,大专/本科,,15167209117,,2025-05-22 16:58:49
459,王波_458,14a5ba9d3dedf2897726ceb601638cbb,user,青少年(13-18),学生,女,高中,王波_458@jiechao.cn,,,2025-05-22 16:58:49
460,杨旭_459,cade549871a93a226bdabd96c3738afb,user,中年(31-50),企业职员,男,研究生及以上,,,,2025-05-22 16:58:49
461,谢想_460,24be3ff5b04fd0654aac95c64cf5c90f,user,青少年(13-18),学生,女,高中,谢想_460@gaoye.org,,,2025-05-22 16:58:49
462,左帆_461,80dc3da1f0903e0e7ff7b5a4b3178d02,user,老年(51+),企业职员,女,研究生及以上,,,,2025-05-22 16:58:49
463,季淑英_462,5a5fcd613b1e4fd314e5dd8216a21f6d,user,青年(19-30),公务员,女,大专/本科,季淑英_462@81.cn,,,2025-05-22 16:58:49
464,秦刚_463,a3ac35836e2949c2d3d84c5f23c22333,user,青少年(13-18),学生,其他,初中,,,,2025-05-22 16:58:49
465,袁萍_464,f46187e0f7682d57e4983c8106c69f03,user,青年(19-30),学生,其他,研究生及以上,袁萍_464@29.net,,,2025-05-22 16:58:49
466,马建军_465,2f921a48c6a66c771359e0ee6c9ce861,user,中年(31-50),企业职员,男,初中,,,,2025-05-22 16:58:49
467,孙杰_466,791ee644e099263cac01906254486bed,user,青少年(13-18),学生,男,高中,,,,2025-05-22 16:58:49
468,赵玉梅_467,dcbf1553b6472c2ed0873ad67cbed8d0,user,儿童(0-12),学生,男,小学及以下,赵玉梅_467@gn.cn,,,2025-05-22 16:58:49
469,李欢_468,688fa099113e07b42eda2f2064529de9,user,中年(31-50),企业职员,男,大专/本科,李欢_468@xiaoguo.cn,,,2025-05-22 16:58:49
470,楼红梅_469,16e6397b4bd366cc0738722cdf9dbe4f,user,中年(31-50),企业职员,男,高中,,,,2025-05-22 16:58:49
471,许宇_470,92828fd6d4a792a2c4ad18d5b2c4c4e3,user,中年(31-50),学生,女,大专/本科,许宇_470@20.cn,,,2025-05-22 16:58:49
472,刘平_471,1081a6a44f5acb2598455fc45bdf638d,user,老年(51+),退休人员,其他,大专/本科,刘平_471@22.org,15757584170,,2025-05-22 16:58:49
473,李瑞_472,94ecaf327d584c7f92e3cf08efeda703,user,儿童(0-12),学生,男,小学及以下,,,,2025-05-22 16:58:49
474,韦晨_473,dac017cd8a08488cc338ea6cd3716b12,user,青年(19-30),学生,女,大专/本科,,,,2025-05-22 16:58:49
475,周淑珍_474,1bc7551efde9ad4a74fc2990cfec369f,user,青年(19-30),学生,女,大专/本科,,,,2025-05-22 16:58:49
476,刘桂兰_475,9739ab529dab8881e07b6f022bf40fb1,user,青年(19-30),自由职业,其他,大专/本科,刘桂兰_475@yongqiu.cn,,,2025-05-22 16:58:49
477,陈秀云_476,30bbcb1a6c7214cbb69d57b5f6e1249a,user,儿童(0-12),学生,其他,小学及以下,陈秀云_476@lei.cn,,,2025-05-22 16:58:49
478,李春梅_477,9e48dc266987b698e6a0fcf3b7973f72,user,青年(19-30),公务员,女,大专/本科,李春梅_477@liyin.cn,,,2025-05-22 16:58:49
479,陈兵_478,24afe23150564cb58ed5af6f395014a2,user,中年(31-50),公务员,其他,大专/本科,陈兵_478@weiyang.cn,,,2025-05-22 16:58:49
480,何健_479,ea037aea2813d916ea119376da1c63bd,user,中年(31-50),公务员,女,大专/本科,,,,2025-05-22 16:58:49
481,刘娟_480,d34309648e11c918ed854153308ac98c,user,中年(31-50),企业职员,女,高中,,18624435366,,2025-05-22 16:58:49
482,黄鑫_481,e1398f2efc813e329ba15a2805b25db0,user,青年(19-30),公务员,男,大专/本科,,,,2025-05-22 16:58:49
483,张杰_482,80a27f1fc6ec3cc809c788c31d0dae34,user,老年(51+),自由职业,其他,大专/本科,,,,2025-05-22 16:58:49
484,吴建华_483,4d57a00952fbf25cac22e5ecb136dd6a,user,儿童(0-12),学生,其他,小学及以下,吴建华_483@61.cn,13953082556,,2025-05-22 16:58:49
485,南飞_484,bb08f4e647af73e6067864c9a01ee1b4,user,中年(31-50),公务员,男,研究生及以上,,,,2025-05-22 16:58:49
486,李丽华_485,ae2d392d2a581fe0f1ff5a742fb75e9d,user,青年(19-30),企业职员,其他,大专/本科,,,,2025-05-22 16:58:49
487,吴博_486,16bc78a9a77b537e2f7c451e3cb7a04c,user,老年(51+),自由职业,男,大专/本科,,13407247105,,2025-05-22 16:58:49
488,刘秀芳_487,090ede1841c77ec1900029d8ddd31fd1,user,中年(31-50),学生,其他,高中,刘秀芳_487@nb.cn,,,2025-05-22 16:58:49
489,许帆_488,e1e5f10e5124420901d7cc16db2c18de,user,老年(51+),自由职业,男,研究生及以上,许帆_488@dengwang.cn,,,2025-05-22 16:58:49
490,范丽丽_489,7b119639b3ed535cba30de2abcc1a253,user,中年(31-50),公务员,男,研究生及以上,,,,2025-05-22 16:58:49
491,谭帅_490,8acf3e04d34abe4399dd1efde7fb1b56,user,青年(19-30),学生,女,研究生及以上,谭帅_490@tao.cn,,,2025-05-22 16:58:49
492,孙莉_491,8e0c7ecd2059352ce962ba19cb09a6e6,user,青少年(13-18),学生,其他,初中,孙莉_491@zou.cn,,,2025-05-22 16:58:49
493,宋秀云_492,27b60dc550918e2cff3522cefa9db46e,user,儿童(0-12),学生,其他,小学及以下,,,,2025-05-22 16:58:49
494,梁华_493,8feb0d102734b1e0807ee4d1922b499c,user,青少年(13-18),学生,女,初中,梁华_493@fang.cn,,,2025-05-22 16:58:49
495,张龙_494,2188a90df06f56b10fd15cc62fdedca0,user,中年(31-50),教师,男,大专/本科,张龙_494@jb.cn,,,2025-05-22 16:58:49
496,李金凤_495,303220a867d629fa754a9cfde28e1256,user,儿童(0-12),学生,男,小学及以下,,18565668661,,2025-05-22 16:58:49
497,姚建国_496,36d17219bda9d6dc172670d47d12a32d,user,青年(19-30),学生,男,高中,姚建国_496@55.cn,13010994747,,2025-05-22 16:58:49
498,张桂荣_497,13f89969810985eb926724e560c7d28b,user,青少年(13-18),学生,其他,初中,,,,2025-05-22 16:58:49
499,樊辉_498,08952883615f9270f27992a9fd8ef59a,user,青年(19-30),学生,女,研究生及以上,,,,2025-05-22 16:58:49
500,余梅_499,0e619d3e6978280745a8e40affff6b51,user,青少年(13-18),学生,其他,初中,余梅_499@weina.net,,,2025-05-22 16:58:49
501,周佳_500,c225b151db447fea0f25ad2da1ee78b9,user,老年(51+),退休人员,其他,初中,周佳_500@juanliang.cn,,,2025-05-22 16:58:49
502,白晨_501,3732471b114578ddb3e994e255f9273a,user,青少年(13-18),学生,其他,高中,,,,2025-05-22 16:58:49
503,孙建国_502,9a0fcefd59bc7ce3ce435c009f752136,user,老年(51+),企业职员,其他,高中,,,,2025-05-22 16:58:49
504,何荣_503,b80ce4f5cd1425a9d62c0167f0f3568a,user,儿童(0-12),学生,男,小学及以下,何荣_503@mingjin.com,,,2025-05-22 16:58:49
505,张丽娟_504,fe37f1a7a4ee16931244ad0ea8867f0b,user,青年(19-30),学生,男,大专/本科,张丽娟_504@yanming.cn,,,2025-05-22 16:58:49
506,王旭_505,37b8cdfee3d6a956cfb95fd585fee035,user,青年(19-30),企业职员,女,大专/本科,,,,2025-05-22 16:58:49
507,李璐_506,367343cd9f40a8d07c4ab77e8a2d1673,user,儿童(0-12),学生,其他,小学及以下,李璐_506@28.cn,13940803293,,2025-05-22 16:58:49
508,赵洋_507,6def180ab368e2f7a55f61270be223d4,user,儿童(0-12),学生,女,小学及以下,,15937559499,,2025-05-22 16:58:49
509,周娟_508,74abae18c83cd175a6f3efad0ee8a0a8,user,青年(19-30),公务员,其他,研究生及以上,周娟_508@89.cn,,,2025-05-22 16:58:49
510,李畅_509,e483c92292b24e1fbbc95a28ecb478ba,user,老年(51+),公务员,男,小学及以下,,,,2025-05-22 16:58:49
511,蒋颖_510,a067aff51257fa1ec76108ae2d5e8369,user,中年(31-50),其他,男,初中,,14761272399,,2025-05-22 16:58:49
512,刘凤兰_511,3bcb52ef28720b647c7011cb18dfbb7c,user,儿童(0-12),学生,女,小学及以下,,,,2025-05-22 16:58:49
513,刘琴_512,3387fddc4d7211421afdca95592ecc6a,user,青年(19-30),其他,其他,研究生及以上,刘琴_512@53.net,15133037755,,2025-05-22 16:58:49
514,梁雪_513,8aadb188e0b3e6ef6217a8f5359e9e43,user,老年(51+),企业职员,男,高中,,,,2025-05-22 16:58:49
515,吴秀芳_514,187fef37d36170f6c79ddc9ade4d492a,user,儿童(0-12),学生,其他,小学及以下,,15265474601,,2025-05-22 16:58:49
516,郭婷婷_515,978a467e4e9558e6149c467843c155eb,user,中年(31-50),自由职业,其他,高中,郭婷婷_515@hs.org,13657902476,,2025-05-22 16:58:49
517,王莉_516,d6b54d940754fb5474f5f001680257c6,user,青年(19-30),企业职员,其他,大专/本科,王莉_516@hu.cn,,,2025-05-22 16:58:49
518,张斌_517,ee5990d47310609c35ef6069e2e68a0e,user,青年(19-30),企业职员,其他,大专/本科,张斌_517@wanlu.cn,18835755010,,2025-05-22 16:58:49
519,朱建国_518,d0378dac4d3e5e173dea66a11feb7c5b,user,青少年(13-18),学生,男,初中,朱建国_518@fangyan.cn,,,2025-05-22 16:58:49
520,马丽娟_519,cd63989a8f3196a189cf242ddf9e97d0,user,青年(19-30),公务员,女,大专/本科,马丽娟_519@xt.cn,,,2025-05-22 16:58:49
521,谭凤英_520,a9fcb3173f1ac3b5ffa062d639de2c6d,user,中年(31-50),企业职员,男,高中,,18181603077,,2025-05-22 16:58:49
522,卢波_521,0d344117d410393783fff663862219d9,user,中年(31-50),公务员,女,大专/本科,,,,2025-05-22 16:58:49
523,王健_522,1752cfd3a03df1859d709948d13366d0,user,中年(31-50),企业职员,女,大专/本科,,,,2025-05-22 16:58:49
524,尚瑞_523,3c7ce21be86885b8942b75d2a4a132e8,user,青年(19-30),公务员,其他,研究生及以上,尚瑞_523@yan.cn,,,2025-05-22 16:58:49
525,杨斌_524,1cd1bb295e68038c5a93a5614363e5a6,user,中年(31-50),公务员,其他,研究生及以上,,,,2025-05-22 16:58:49
526,张楠_525,3bae8d367825d65692c433e982184723,user,儿童(0-12),学生,女,小学及以下,张楠_525@feng.cn,18955865586,,2025-05-22 16:58:49
527,吴健_526,93c9f0db049dc6b22ccf0d4c93c470ce,user,中年(31-50),公务员,女,大专/本科,,13284993814,,2025-05-22 16:58:49
528,曾华_527,d82ebdc77d93159807e6c5dda3d67ead,user,儿童(0-12),学生,女,小学及以下,,,,2025-05-22 16:58:49
529,陈帅_528,d6b6258e5c063a497744a93f5712c1c4,user,老年(51+),退休人员,其他,高中,陈帅_528@nachao.cn,,,2025-05-22 16:58:49
530,罗晶_529,8a07d5520260853c801888ca97d3427a,user,儿童(0-12),学生,女,小学及以下,,,,2025-05-22 16:58:49
531,张金凤_530,10b7495b6a8880021229213e71c1dc8d,user,青年(19-30),学生,女,大专/本科,,15317354191,,2025-05-22 16:58:49
532,郭桂珍_531,0276ccf0e773e8e4cef511ea0353d8d6,user,青年(19-30),自由职业,女,研究生及以上,,13192727258,,2025-05-22 16:58:49
533,谢莹_532,3f1e8eb505b9e9529e3f13aa10aac8ac,user,中年(31-50),自由职业,女,初中,,,,2025-05-22 16:58:49
534,张凤兰_533,2f4105dc21753645fd42a13a183d60f7,user,老年(51+),自由职业,男,大专/本科,,13135473079,,2025-05-22 16:58:49
535,李萍_534,372af832de75ee8d8e589d6ec662bcd9,user,中年(31-50),公务员,女,研究生及以上,,,,2025-05-22 16:58:49
536,盛芳_535,2b224ff42e0b262a38982acd0f2fa6ce,user,青年(19-30),教师,女,大专/本科,,,,2025-05-22 16:58:49
537,廖桂兰_536,5400c271ce2436bbf82ab47e1517e4c8,user,青年(19-30),企业职员,女,大专/本科,廖桂兰_536@wei.cn,,,2025-05-22 16:58:49
538,薛娜_537,4bb45a2b907c968a51cc77a4d333eead,user,老年(51+),退休人员,女,初中,,,,2025-05-22 16:58:49
539,刘玉梅_538,c39d250b8e01e9164b01fe83cfab12ae,user,青年(19-30),学生,其他,大专/本科,,18221182017,,2025-05-22 16:58:49
540,张秀荣_539,a9ee0785dcbc79ec01586a2c742d09c9,user,老年(51+),退休人员,男,初中,,,,2025-05-22 16:58:49
541,马建国_540,b5a7ce57353c04d620efa14ab72990c6,user,中年(31-50),公务员,女,初中,马建国_540@deng.cn,18250030648,,2025-05-22 16:58:49
542,宋坤_541,e9813e68bcf333bda7113b7916568814,user,老年(51+),企业职员,其他,初中,宋坤_541@gu.cn,15350532968,,2025-05-22 16:58:49
543,杜刚_542,034caba26362e2875e92c4a08eb89a08,user,青年(19-30),学生,男,研究生及以上,,,,2025-05-22 16:58:49
544,郭欣_543,13cdac4298de11be096e9e883a3db4a0,user,中年(31-50),其他,其他,高中,,,,2025-05-22 16:58:49
545,党丹丹_544,bb61f7f185b51091fac5d340f45c32eb,user,老年(51+),退休人员,女,高中,党丹丹_544@iv.cn,18608009776,,2025-05-22 16:58:49
546,高桂兰_545,9afe15ebee915b26be7d1db3eeb755b3,user,青少年(13-18),学生,男,初中,,13664264178,,2025-05-22 16:58:49
547,李建平_546,1a2296a202b2fb010320de7f34b105f3,user,中年(31-50),企业职员,男,大专/本科,,18586686172,,2025-05-22 16:58:49
548,张倩_547,72ef4b3dee97a766869b862706c6ef43,user,青少年(13-18),学生,女,初中,,,,2025-05-22 16:58:49
549,吴强_548,665348e917a2c0bddae0cffb029fac20,user,儿童(0-12),学生,其他,小学及以下,吴强_548@minxiulan.cn,,,2025-05-22 16:58:49
550,郭秀荣_549,697406aec726a39f04ae8673dc7af8a1,user,青少年(13-18),学生,女,初中,郭秀荣_549@fangbai.cn,,,2025-05-22 16:58:49
551,熊文_550,bf0d8e16f7a9079f7ddf8abe764d866e,user,老年(51+),退休人员,男,初中,,,,2025-05-22 16:58:49
552,时涛_551,4c1909d2859b23162db49b92eba40e7e,user,中年(31-50),学生,其他,高中,,,,2025-05-22 16:58:49
553,万婷_552,20bf5d0a57ee1b647b1b2aadfe607522,user,儿童(0-12),学生,女,小学及以下,,14553104087,,2025-05-22 16:58:49
554,冯秀珍_553,ea3388aa7ea641b65923b80d135cf85f,user,青年(19-30),企业职员,其他,大专/本科,冯秀珍_553@liwan.cn,,,2025-05-22 16:58:49
555,魏军_554,a887ebf0b7013ce0df4e1ecaf65907ff,user,青年(19-30),教师,其他,大专/本科,魏军_554@jingwu.org,,,2025-05-22 16:58:49
556,魏娜_555,6307de03813e01999dc8c7cc99c30ea6,user,青年(19-30),企业职员,男,大专/本科,魏娜_555@87.net,15117205660,,2025-05-22 16:58:49
557,何璐_556,c60ee13b4b4ea191ee326f7df712bb3e,user,中年(31-50),学生,女,高中,,,,2025-05-22 16:58:49
558,汪金凤_557,bbaf5a475fc5e3d3442b3c49e71865f0,user,青少年(13-18),学生,其他,高中,汪金凤_557@20.cn,15322336433,,2025-05-22 16:58:49
559,李平_558,0f763940994e06a35442a75f6b009abc,user,老年(51+),其他,男,高中,李平_558@99.cn,,,2025-05-22 16:58:49
560,孙亮_559,cc609b45bb5f4273a361c31b0f5aed71,user,青年(19-30),学生,女,研究生及以上,孙亮_559@leihao.cn,,,2025-05-22 16:58:49
561,雷桂兰_560,622afc582ba36f8486f7bccec10680dd,user,老年(51+),教师,女,大专/本科,,,,2025-05-22 16:58:49
562,许刚_561,cf8a70c6b4c7f03fdc48c6b6d6aa9358,user,儿童(0-12),学生,男,小学及以下,,,,2025-05-22 16:58:49
563,袁波_562,0c15cf831777466a786f218ed07159f5,user,老年(51+),教师,女,研究生及以上,袁波_562@minjuan.cn,,,2025-05-22 16:58:49
564,钟洋_563,f23546d6deab1f29a1e6917625153e8b,user,青少年(13-18),学生,其他,高中,,,,2025-05-22 16:58:49
565,吕欢_564,2933ed7f7c862942500af61db07287d8,user,青少年(13-18),学生,其他,高中,吕欢_564@zhongdong.cn,,,2025-05-22 16:58:49
566,李淑兰_565,033570e22e3c39b69426ece487dd531d,user,青少年(13-18),学生,女,高中,李淑兰_565@fanggang.cn,,,2025-05-22 16:58:49
567,杨志强_566,608d5f15bb8b4364c7680bfd2cf59913,user,青年(19-30),企业职员,男,大专/本科,杨志强_566@zhang.cn,15909927202,,2025-05-22 16:58:49
568,温林_567,f557630c2290e650ffdd8119b9974ca3,user,中年(31-50),企业职员,女,研究生及以上,温林_567@01.com,,,2025-05-22 16:58:49
569,李玉兰_568,b11967781162c7f098220ef871531b64,user,中年(31-50),公务员,男,研究生及以上,李玉兰_568@43.cn,,,2025-05-22 16:58:49
570,崔明_569,a9cc164a9ab39d086feff36a7f645f83,user,青年(19-30),教师,其他,大专/本科,崔明_569@jun.cn,15759143927,,2025-05-22 16:58:49
571,边兰英_570,cd4463ae283b2efd4dad64153b4e67bc,user,中年(31-50),自由职业,其他,大专/本科,,,,2025-05-22 16:58:49
572,周阳_571,4476b075f4bc48c836da540da5bc8ccb,user,青少年(13-18),学生,女,高中,周阳_571@sun.cn,,,2025-05-22 16:58:49
573,李强_572,9af6e308861176d21bacdc7ed4bddacb,user,中年(31-50),其他,其他,大专/本科,李强_572@lijuan.org,,,2025-05-22 16:58:49
574,袁鑫_573,4dce2ea8f7a379c874c93926863bcc74,user,青年(19-30),学生,女,研究生及以上,,15393057119,,2025-05-22 16:58:49
575,王桂英_574,76c4f7b4ddac2a02b06bcde79ee13cfa,user,中年(31-50),教师,女,大专/本科,王桂英_574@jingchen.cn,,,2025-05-22 16:58:49
576,张小红_575,cf3e129149421b4ea666852c646c61fd,user,老年(51+),退休人员,女,大专/本科,张小红_575@sudai.cn,,,2025-05-22 16:58:49
577,项红_576,a7e80995ec43af8b8f15aeace3e27c2b,user,儿童(0-12),学生,男,小学及以下,项红_576@63.cn,,,2025-05-22 16:58:49
578,何金凤_577,24dcd215470d537749df3dd84d35cd40,user,中年(31-50),学生,其他,高中,何金凤_577@yongxiang.cn,,,2025-05-22 16:58:49
579,赖志强_578,235cd2e3209ea57c40a7a32f7714614b,user,青少年(13-18),学生,男,高中,赖志强_578@sj.com,18850989055,,2025-05-22 16:58:49
580,徐丽_579,682524c9266209fd48663d867f4f79c3,user,青年(19-30),自由职业,男,大专/本科,徐丽_579@52.com,18902226991,,2025-05-22 16:58:49
581,鲁俊_580,87b71a84eedf0a760634aa0354eb31fd,user,中年(31-50),企业职员,男,高中,,15341139335,,2025-05-22 16:58:49
582,周雷_581,d9d00a94f5f63fc6a41c3e7644f0f9dd,user,青少年(13-18),学生,女,高中,,,,2025-05-22 16:58:49
583,郭峰_582,c18a708aa680a9bbba301b5ee783e463,user,老年(51+),教师,男,高中,郭峰_582@zou.cn,,,2025-05-22 16:58:49
584,任桂英_583,d3518f79204526d3765b019eac4162ee,user,中年(31-50),自由职业,女,初中,,,,2025-05-22 16:58:49
585,董宇_584,aaa8b42e3c72bd7708172f939a352b09,user,中年(31-50),其他,女,大专/本科,,,,2025-05-22 16:58:49
586,马秀珍_585,c4a02f32b91c91c740d67211eab1ffd8,user,中年(31-50),教师,其他,大专/本科,,,,2025-05-22 16:58:49
587,高婷婷_586,9b265d623ddabe3345ff63da78d39b30,user,青年(19-30),学生,男,大专/本科,高婷婷_586@pingxia.cn,,,2025-05-22 16:58:49
588,余辉_587,65f482f4d4358a2f57ec596ea38aab25,user,儿童(0-12),学生,女,小学及以下,余辉_587@chaoyang.net,,,2025-05-22 16:58:49
589,翁秀华_588,295822653efa392045caf1027d0d7e40,user,中年(31-50),企业职员,男,大专/本科,翁秀华_588@47.cn,15396610264,,2025-05-22 16:58:49
590,蔡平_589,f396ce0d324dab9a4c6d633b14d65124,user,青少年(13-18),学生,男,高中,,,,2025-05-22 16:58:49
591,沈建平_590,474037a486b123aebbc293d66e7ade89,user,青年(19-30),学生,其他,研究生及以上,沈建平_590@zouwan.org,,,2025-05-22 16:58:49
592,姬亮_591,51b3d26e3d3531bf83f24ef61932f36a,user,中年(31-50),企业职员,女,研究生及以上,姬亮_591@xf.cn,,,2025-05-22 16:58:49
593,韩华_592,fcade355eda5c63fb0e3b40a5ff62fc3,user,中年(31-50),自由职业,男,大专/本科,,,,2025-05-22 16:58:49
594,张秀荣_593,96778b56b24dace9d05d683d1d507096,user,老年(51+),退休人员,其他,大专/本科,张秀荣_593@shen.cn,,,2025-05-22 16:58:49
595,赵莉_594,cb09cd79f31b276e6ce9b30ad2d7d179,user,儿童(0-12),学生,女,小学及以下,,,,2025-05-22 16:58:49
596,沈冬梅_595,8db274460544998870e2640fd7d706a6,user,青少年(13-18),学生,女,初中,,,,2025-05-22 16:58:49
597,焦静_596,e35ecc42c88d8feb426b976836910910,user,青年(19-30),教师,其他,大专/本科,,18671393207,,2025-05-22 16:58:49
598,胡杨_597,8fd2317efe9d544b552da097c12a36d0,user,中年(31-50),教师,男,大专/本科,胡杨_597@yan.cn,,,2025-05-22 16:58:49
599,公桂花_598,383a434568e7d325961eb1a38ca9edd4,user,青少年(13-18),学生,其他,初中,公桂花_598@jz.cn,,,2025-05-22 16:58:49
600,王凤英_599,de96a4f16c4bbbe048e911f308fb497c,user,青年(19-30),公务员,女,大专/本科,,,,2025-05-22 16:58:49
601,叶玉珍_600,a3c3e59bd2b9a9ff299734517c73f9f9,user,青年(19-30),学生,女,大专/本科,叶玉珍_600@xiuyingyan.cn,,,2025-05-22 16:58:49
602,马玉兰_601,882d681e68d1970722d66f65c538d962,user,青少年(13-18),学生,女,高中,马玉兰_601@cai.cn,13471367478,,2025-05-22 16:58:49
603,王宇_602,1b42444670d4d17cffacc54b65fa0816,user,中年(31-50),企业职员,女,大专/本科,,,,2025-05-22 16:58:49
604,黎雪梅_603,550a90728c54325d8e5d695b4cfedbca,user,中年(31-50),自由职业,男,研究生及以上,黎雪梅_603@xiulan.cn,,,2025-05-22 16:58:49
605,陈宁_604,0f58caeb03a36b23a54b7737a4055a89,user,老年(51+),企业职员,女,初中,陈宁_604@36.cn,,,2025-05-22 16:58:49
606,丁鹏_605,e1a7a5b252d5871392f805888e1d2798,user,青少年(13-18),学生,男,初中,丁鹏_605@lailai.cn,,,2025-05-22 16:58:49
607,傅涛_606,21dc98ec3102dc50a99c236cf2d2d278,user,老年(51+),退休人员,男,研究生及以上,,18116948778,,2025-05-22 16:58:49
608,余刚_607,99cc6d571f2b31cf5b5a9bf0e9055e51,user,儿童(0-12),学生,男,小学及以下,余刚_607@nh.cn,,,2025-05-22 16:58:49
609,岑洁_608,bebd032035de48a1386c37f2c708f571,user,青少年(13-18),学生,女,初中,,18224302658,,2025-05-22 16:58:49
610,滕燕_609,e3a94347ff4e831d9a488629f7cc120c,user,青少年(13-18),学生,男,高中,,,,2025-05-22 16:58:49
611,周淑珍_610,bce68177befe0a1be50d33e76c70e70b,user,青年(19-30),学生,女,高中,周淑珍_610@jing.cn,15620413853,,2025-05-22 16:58:49
612,王英_611,58a08aafdd69b58233f2ca0ef28fbd71,user,青年(19-30),企业职员,女,大专/本科,王英_611@jinggu.com,,,2025-05-22 16:58:49
613,杨冬梅_612,12473f6e59050ac032baa24595a48a0b,user,青年(19-30),学生,其他,研究生及以上,杨冬梅_612@chaoyao.cn,,,2025-05-22 16:58:49
614,张秀荣_613,43a7af494a994dbd31f82803349744dc,user,青年(19-30),公务员,女,大专/本科,,14549137141,,2025-05-22 16:58:49
615,沙云_614,ac9c4d920ae3942af82b6c157f7e1040,user,青少年(13-18),学生,其他,高中,沙云_614@db.cn,,,2025-05-22 16:58:49
616,刘玉兰_615,8ba464245fa63931ffeb477573785187,user,青年(19-30),学生,其他,大专/本科,刘玉兰_615@minhe.cn,,,2025-05-22 16:58:49
617,郑刚_616,c2bba033c633182e3c23daa0cbd94f50,user,儿童(0-12),学生,其他,小学及以下,,18968812749,,2025-05-22 16:58:49
618,李志强_617,daef95e678f7815d5698d08242ae5eaa,user,儿童(0-12),学生,其他,小学及以下,李志强_617@cn.cn,,,2025-05-22 16:58:49
619,彭婷婷_618,92afe843526641cfe046cba09fff908b,user,青少年(13-18),学生,其他,初中,彭婷婷_618@jm.cn,,,2025-05-22 16:58:49
620,胡丽_619,018a83f4815ae5389ab56cec71ec6f19,user,中年(31-50),公务员,男,研究生及以上,胡丽_619@suding.cn,,,2025-05-22 16:58:49
621,邹婷婷_620,e6b7e048c83a612108d3aaa5c4e17e3d,user,中年(31-50),其他,男,高中,邹婷婷_620@ming.cn,,,2025-05-22 16:58:49
622,张阳_621,77037b594e89684a61157e5c8477d2f0,user,老年(51+),退休人员,男,初中,,,,2025-05-22 16:58:49
623,陈岩_622,cf3fe0bbc18e612d89fd062736ce7c68,user,老年(51+),退休人员,女,高中,陈岩_622@48.com,,,2025-05-22 16:58:49
624,孟荣_623,e2c05eb7086ebd6e46f98bdfa06b7af7,user,中年(31-50),企业职员,男,高中,,,,2025-05-22 16:58:49
625,任想_624,e54925e46f381347d00a9c9e8dcc75aa,user,青少年(13-18),学生,男,高中,任想_624@yangyuan.cn,,,2025-05-22 16:58:49
626,姚婷婷_625,62312499189ede88fab4880a364cfe07,user,儿童(0-12),学生,女,小学及以下,,,,2025-05-22 16:58:49
627,严桂芳_626,393895f8d7ea0150d4e2c4e75b0b522f,user,老年(51+),企业职员,男,研究生及以上,,18748279269,,2025-05-22 16:58:49
628,邹峰_627,1aed1408535fd38a378f4cc3946a35ef,user,青年(19-30),企业职员,男,研究生及以上,,15509681528,,2025-05-22 16:58:49
629,顾兰英_628,96c8119653e80082857694d27ede1109,user,青年(19-30),学生,其他,研究生及以上,顾兰英_628@wei.cn,13091041789,,2025-05-22 16:58:49
630,邹凤英_629,6c17e8a609aa9a081167d14a74d4cd6f,user,青年(19-30),学生,其他,大专/本科,邹凤英_629@xiongyi.cn,,,2025-05-22 16:58:49
631,张娟_630,927d15d03c2ee7b9f62a9a35d29065bb,user,中年(31-50),企业职员,男,大专/本科,张娟_630@22.cn,15360777474,,2025-05-22 16:58:49
632,张建华_631,6ccac0c0eddc43d639855174088b6349,user,青年(19-30),学生,其他,研究生及以上,,,,2025-05-22 16:58:49
633,王兵_632,f50e61307640a9f0b756474f71d1c470,user,儿童(0-12),学生,女,小学及以下,王兵_632@shaomo.cn,18753511188,,2025-05-22 16:58:49
634,刘志强_633,ca7a7260a4fb22d8aeab23f82d56de05,user,青年(19-30),学生,男,研究生及以上,刘志强_633@cc.cn,,,2025-05-22 16:58:49
635,赵杨_634,329a3d9e68e640a4273874b926a37cc2,user,青年(19-30),教师,其他,大专/本科,,13171291844,,2025-05-22 16:58:49
636,王楠_635,c7c0f56fcbebf9d77e87b5a31874fbd1,user,儿童(0-12),学生,女,小学及以下,王楠_635@bq.net,,,2025-05-22 16:58:49
637,卢敏_636,8fbaf5efe41b103a3d31f0ee4135bf45,user,青年(19-30),学生,女,大专/本科,卢敏_636@ll.cn,18043432909,,2025-05-22 16:58:49
638,陈斌_637,0e70d9f70b9c6c2aa644c747cf917539,user,青年(19-30),学生,女,大专/本科,,,,2025-05-22 16:58:49
639,梁波_638,8c29dfaf15785d5c59814298bbc3f298,user,儿童(0-12),学生,女,小学及以下,,,,2025-05-22 16:58:49
640,郑旭_639,a14da83512196a3d81e69236d7cfd145,user,儿童(0-12),学生,其他,小学及以下,,18276724164,,2025-05-22 16:58:49
641,耿佳_640,05d4d1af1cf40a20bd02a4703dfcb4c4,user,中年(31-50),自由职业,男,高中,,,,2025-05-22 16:58:49
642,尚桂英_641,6fc98641ad9d823de4b0be5c39203059,user,中年(31-50),公务员,男,大专/本科,尚桂英_641@50.cn,,,2025-05-22 16:58:49
643,雷莉_642,e476b4fb230c53ac0374391592fa8be4,user,儿童(0-12),学生,男,小学及以下,,,,2025-05-22 16:58:49
644,刘坤_643,1370a9ff91c967c15d69421280e822cc,user,老年(51+),退休人员,其他,小学及以下,刘坤_643@min.cn,,,2025-05-22 16:58:49
645,常桂荣_644,3f967ca91dd0a10975c91469919fc0c4,user,青年(19-30),学生,其他,研究生及以上,,,,2025-05-22 16:58:49
646,张红_645,991409b7dd26758e4c70e96695ae0052,user,青年(19-30),学生,其他,大专/本科,,15127218473,,2025-05-22 16:58:49
647,张涛_646,dfdcd45f27ac5b5656c9f3649538b4be,user,青少年(13-18),学生,女,初中,张涛_646@yf.cn,,,2025-05-22 16:58:49
648,段坤_647,b7522ef4863ca748cf9e1317c14bb521,user,青年(19-30),企业职员,男,大专/本科,段坤_647@dw.cn,,,2025-05-22 16:58:49
649,聂春梅_648,7ded725ea23a740a5de66cb5c00acc42,user,青年(19-30),其他,女,研究生及以上,,,,2025-05-22 16:58:49
650,马静_649,f365ce689e70dec293fc7773dc4fb77e,user,中年(31-50),企业职员,男,大专/本科,,,,2025-05-22 16:58:49
651,张红梅_650,05e0b7213e8c9ccfc57f4f031bf672f2,user,中年(31-50),企业职员,女,大专/本科,,,,2025-05-22 16:58:49
652,刘旭_651,2c85b559224371a705e65b5ac6d97960,user,老年(51+),企业职员,男,高中,刘旭_651@tan.cn,15516619472,,2025-05-22 16:58:49
653,骆波_652,8161b6891b5cb5db2466ba1204e3a67b,user,老年(51+),退休人员,男,大专/本科,,,,2025-05-22 16:58:49
654,沈丽华_653,21685f671e63ebf159c9bf764336c8e7,user,老年(51+),教师,其他,高中,,18588192218,,2025-05-22 16:58:49
655,何倩_654,7fbfe53db3553ef7b37b40089a810cc9,user,儿童(0-12),学生,其他,小学及以下,何倩_654@yantao.net,,,2025-05-22 16:58:49
656,何玉珍_655,d8867e65959d8d7ecbf8ce078598e093,user,儿童(0-12),学生,女,小学及以下,何玉珍_655@yaoye.com,,,2025-05-22 16:58:49
657,王宁_656,38f056297c7c986717e6cb7e5abddc7a,user,青少年(13-18),学生,女,高中,,,,2025-05-22 16:58:49
658,郑莉_657,d617a4a172408a79f7e8e9f3a01e5b0e,user,儿童(0-12),学生,男,小学及以下,,,,2025-05-22 16:58:49
659,刘婷婷_658,1c4149ee2747be76516a26433a54ef21,user,中年(31-50),企业职员,其他,研究生及以上,刘婷婷_658@zhao.cn,18240422402,,2025-05-22 16:58:49
660,林勇_659,5b1fbc0e47ce93c78c04e3f7079b1189,user,中年(31-50),企业职员,女,高中,林勇_659@si.cn,,,2025-05-22 16:58:49
661,孙秀华_660,7fb93101db4f3f95e6bbd5b0b2008db4,user,中年(31-50),学生,其他,研究生及以上,孙秀华_660@jing.org,,,2025-05-22 16:58:49
662,赖亮_661,9e6f704a276ff6ba518773d00f29e5c2,user,中年(31-50),企业职员,其他,大专/本科,赖亮_661@chengzhou.cn,,,2025-05-22 16:58:49
663,李建平_662,83893c0f13b9db1a45897f268d668c91,user,青年(19-30),教师,女,大专/本科,李建平_662@li.net,,,2025-05-22 16:58:49
664,张玉梅_663,569a890d994aa5a4496306d929eeedd0,user,中年(31-50),公务员,女,研究生及以上,张玉梅_663@34.cn,13007703116,,2025-05-22 16:58:49
665,罗超_664,d4209ec6cf7c53bfcb0af97c5708165c,user,青少年(13-18),学生,女,高中,罗超_664@xiulangu.net,,,2025-05-22 16:58:49
666,谢平_665,e43ef8e4857a97391f2d84d2bf41a17d,user,青年(19-30),企业职员,男,高中,谢平_665@guiyingwei.cn,,,2025-05-22 16:58:49
667,崔丽_666,90a130c60583ddfc6c8b9e124a5d6de7,user,老年(51+),退休人员,其他,大专/本科,,,,2025-05-22 16:58:49
668,龙金凤_667,58372c83b0f345f6992ca6f46981ab7e,user,中年(31-50),自由职业,男,大专/本科,龙金凤_667@xiuyingyan.cn,,,2025-05-22 16:58:49
669,江成_668,0df90abd741469237d71768013c38be5,user,青年(19-30),学生,男,高中,江成_668@yin.cn,,,2025-05-22 16:58:49
670,张敏_669,132ff2c9b2b82a9213a34c8207c4f9ec,user,儿童(0-12),学生,女,小学及以下,张敏_669@ping.cn,15181423094,,2025-05-22 16:58:49
671,梁桂芝_670,37c8446e475bad2553893f71511e7e2c,user,儿童(0-12),学生,女,小学及以下,梁桂芝_670@mb.cn,,,2025-05-22 16:58:49
672,靳帅_671,438dc3d95db25143a6219248bc75d1e2,user,中年(31-50),教师,其他,大专/本科,,,,2025-05-22 16:58:49
673,程洋_672,80beb73378afda4a98dd6c93264c899a,user,青少年(13-18),学生,男,初中,,,,2025-05-22 16:58:49
674,杨丽娟_673,23717f6b8671eb11feb14ee7fcc36309,user,老年(51+),公务员,男,小学及以下,,,,2025-05-22 16:58:49
675,徐凯_674,27adc7513ca02c985bea5083d0e31788,user,中年(31-50),学生,男,大专/本科,,,,2025-05-22 16:58:49
676,马杨_675,a223b23c35c10b3cf768ac1817716e89,user,儿童(0-12),学生,男,小学及以下,,,,2025-05-22 16:58:49
677,王明_676,37d99edb5a013865e92b582aa641dba1,user,中年(31-50),企业职员,其他,初中,王明_676@71.cn,,,2025-05-22 16:58:49
678,史健_677,363f9bb50b3d1871b22ede8f472b75e1,user,青年(19-30),企业职员,女,大专/本科,,,,2025-05-22 16:58:49
679,李雪梅_678,c4d43cc4d071661980f2173f86ae8e86,user,老年(51+),退休人员,男,高中,,,,2025-05-22 16:58:49
680,尹勇_679,809bc66384646187bd056f29f70dcc90,user,青年(19-30),公务员,其他,高中,尹勇_679@yuan.cn,,,2025-05-22 16:58:49
681,李丽丽_680,7a38fdee2047eb66b5c246865289dfb8,user,老年(51+),退休人员,其他,高中,,,,2025-05-22 16:58:49
682,包帆_681,e1547d693c65a56b2bdea787b63302da,user,儿童(0-12),学生,其他,小学及以下,包帆_681@pingcheng.cn,,,2025-05-22 16:58:49
683,陈丽丽_682,f35528566161cd7ae86c184951261805,user,儿童(0-12),学生,其他,小学及以下,,,,2025-05-22 16:58:49
684,李俊_683,1ff16941e6f98f308b95546bf9d1fbd3,user,儿童(0-12),学生,其他,小学及以下,,,,2025-05-22 16:58:49
685,刘梅_684,bf0fca4578c8473f01682d90117838a4,user,老年(51+),其他,其他,小学及以下,,,,2025-05-22 16:58:49
686,缪军_685,fd4a1af9c730b56e9d3d232a95dcdd90,user,儿童(0-12),学生,女,小学及以下,缪军_685@xiao.net,13448857917,,2025-05-22 16:58:49
687,仇云_686,dfca13f8c7a81ab11db41de3d38773c2,user,青年(19-30),企业职员,女,高中,仇云_686@yuyin.net,,,2025-05-22 16:58:49
688,黄辉_687,0c94d0501855762bae9496a43dda17d2,user,青年(19-30),学生,其他,大专/本科,黄辉_687@yongmin.cn,15695728268,,2025-05-22 16:58:49
689,黄成_688,dfc263e472fbf41c6ed6c997d37e055b,user,青年(19-30),教师,女,研究生及以上,,,,2025-05-22 16:58:49
690,谢婷_689,02201fc1623305e990cd3c55fbbe728b,user,青年(19-30),教师,其他,大专/本科,谢婷_689@xiachao.cn,,,2025-05-22 16:58:49
691,尚鹏_690,bc94e7f1d38996288a485c2544606e25,user,青年(19-30),企业职员,男,大专/本科,尚鹏_690@15.cn,,,2025-05-22 16:58:49
692,彭超_691,fc4df6f1fe825c53247df873f9c8a244,user,青少年(13-18),学生,其他,高中,,18641055438,,2025-05-22 16:58:49
693,罗凯_692,cc26dc7dca5b28a01ca11b6c11cc934b,user,青少年(13-18),学生,女,高中,罗凯_692@em.cn,,,2025-05-22 16:58:49
694,章志强_693,6e59b0c1f43e823693686c511f2c7061,user,青年(19-30),学生,其他,大专/本科,章志强_693@pingqiang.cn,,,2025-05-22 16:58:49
695,王桂荣_694,13a115fc919c3acb51d7b5d435cb2f49,user,青年(19-30),其他,男,研究生及以上,王桂荣_694@kang.cn,13325838256,,2025-05-22 16:58:49
696,何阳_695,c860e3805f086af4aad690c9cee5610f,user,中年(31-50),公务员,男,高中,,13730432699,,2025-05-22 16:58:49
697,陈婷_696,3d7acc7c06eb1ef8ba13058c1d0197fa,user,老年(51+),退休人员,其他,大专/本科,陈婷_696@shao.cn,,,2025-05-22 16:58:49
698,刘淑华_697,e7839981433f82b8375d8cc99d30de95,user,青年(19-30),其他,女,大专/本科,刘淑华_697@ny.cn,15264233104,,2025-05-22 16:58:49
699,王波_698,2585643dc3c8424f9c6b7f330d097b66,user,青年(19-30),企业职员,男,大专/本科,王波_698@xiulanxiulan.cn,,,2025-05-22 16:58:49
700,韩雪梅_699,514d0e4cbd78573075e59b621fb6fc82,user,中年(31-50),学生,男,初中,韩雪梅_699@ping.cn,,,2025-05-22 16:58:49
701,杨芳_700,9cdca5c3458826b6be9ba2120cc1f094,user,中年(31-50),教师,其他,初中,杨芳_700@fangchao.cn,,,2025-05-22 16:58:49
702,仝秀芳_701,73a07d56dbd211823e6af3caeff37208,user,青年(19-30),学生,其他,大专/本科,,,,2025-05-22 16:58:49
703,杨娟_702,be6e8a78e247f5a60aa98b8a364714bb,user,中年(31-50),其他,其他,大专/本科,杨娟_702@ming.cn,18781157769,,2025-05-22 16:58:49
704,杨琳_703,fc61f9c4611dd2c48152923f4baf20a9,user,中年(31-50),企业职员,其他,高中,杨琳_703@ux.net,,,2025-05-22 16:58:49
705,朱瑜_704,d1814a23ca378e216a62f244103c978c,user,中年(31-50),教师,男,大专/本科,朱瑜_704@xionghou.cn,,,2025-05-22 16:58:49
706,胡佳_705,94bb304b6bb960e5cd4780029be65aa0,user,青年(19-30),学生,其他,研究生及以上,胡佳_705@jingxia.net,,,2025-05-22 16:58:49
707,张桂花_706,e56b3ac5aff023b412a9409e25bab51f,user,中年(31-50),自由职业,其他,高中,,,,2025-05-22 16:58:49
708,李秀梅_707,4ca0646a23866b7c504632d3f591dddc,user,中年(31-50),公务员,男,大专/本科,李秀梅_707@st.cn,,,2025-05-22 16:58:49
709,杨龙_708,ff51ea431ca0748645cf29fd98fb4060,user,中年(31-50),企业职员,其他,大专/本科,杨龙_708@mincheng.cn,,,2025-05-22 16:58:49
710,金军_709,91b52e780fd0d184bfbf315654c6daf6,user,青年(19-30),学生,男,大专/本科,,18298325264,,2025-05-22 16:58:49
711,刘淑英_710,177151717a2ab70d3a754837f95e0d20,user,老年(51+),退休人员,男,小学及以下,,,,2025-05-22 16:58:49
712,洪强_711,5a94ab5569471609bafdd208b9865688,user,中年(31-50),教师,其他,初中,洪强_711@tao.cn,14547196319,,2025-05-22 16:58:49
713,卢文_712,d2af9be864086ea5223560ca69e1274e,user,青年(19-30),公务员,其他,大专/本科,,13564987096,,2025-05-22 16:58:49
714,顾静_713,c6019174e251eeb77b57a65f882a0f92,user,青少年(13-18),学生,男,高中,,,,2025-05-22 16:58:49
715,孟旭_714,de7475510f51d7b4e58ac91382e1d150,user,青年(19-30),学生,男,大专/本科,孟旭_714@mingzheng.cn,18580420752,,2025-05-22 16:58:49
716,康涛_715,555d9c35a19c93ff75819bd158282711,user,青少年(13-18),学生,女,初中,康涛_715@yangdong.cn,18608444906,,2025-05-22 16:58:49
717,夏宇_716,7aa9037ce885724878739a6271ec04ba,user,中年(31-50),企业职员,女,大专/本科,,,,2025-05-22 16:58:49
718,樊雪_717,e8a8267101e6e4fba9e78dd8c4a51fa9,user,青年(19-30),其他,男,研究生及以上,樊雪_717@fa.cn,,,2025-05-22 16:58:49
719,张军_718,0b054b91a33921b55f25781299882fbd,user,青年(19-30),学生,女,大专/本科,,,,2025-05-22 16:58:49
720,张杰_719,c3774a15b3b9a75fdfdeafa65227948e,user,青年(19-30),学生,其他,大专/本科,张杰_719@juanming.cn,14776237884,,2025-05-22 16:58:49
721,郝建国_720,b8b4618a2a87314b54ceaf5350385687,user,青年(19-30),学生,女,大专/本科,郝建国_720@lu.cn,,,2025-05-22 16:58:49
722,段金凤_721,a038a651d28d3ac365337c087a895c5f,user,青年(19-30),其他,女,研究生及以上,,18096947766,,2025-05-22 16:58:49
723,刘琳_722,92c9090534f4ef181ecd5bff33ac4e02,user,中年(31-50),自由职业,其他,大专/本科,刘琳_722@guiying.cn,18233356849,,2025-05-22 16:58:49
724,沙雷_723,60967647d31a8e9dc2dc3df8dba3b42b,user,青少年(13-18),学生,男,初中,,14737731950,,2025-05-22 16:58:49
725,张霞_724,7e9871f7fe057b782c3516a893e000e7,user,中年(31-50),公务员,其他,研究生及以上,张霞_724@02.cn,13187661817,,2025-05-22 16:58:49
726,冯峰_725,829457dd3643df358606325e3620459f,user,青少年(13-18),学生,其他,初中,冯峰_725@se.net,15337193171,,2025-05-22 16:58:49
727,张浩_726,1622ece9f79b5f7b6356b37ee72fd56b,user,青少年(13-18),学生,男,初中,,18889699530,,2025-05-22 16:58:49
728,李小红_727,dd6e3bb7c492f19ec6b060131d7da89d,user,老年(51+),退休人员,其他,高中,,,,2025-05-22 16:58:49
729,张浩_728,860ab43914196a877067d8d38b40ea83,user,儿童(0-12),学生,男,小学及以下,,,,2025-05-22 16:58:49
730,辛丽华_729,60b48cf68c1b1488ec070bcd534b4b29,user,青年(19-30),学生,女,大专/本科,,,,2025-05-22 16:58:49
731,沈雪梅_730,028528ba1179ba5f439cdb4843ee6042,user,儿童(0-12),学生,男,小学及以下,,,,2025-05-22 16:58:49
732,王秀华_731,055dd6e68ff3c793c55940ae4f024ca1,user,青年(19-30),学生,女,大专/本科,,,,2025-05-22 16:58:49
733,李凤兰_732,7cf1c36a07dcce861e4c69e970b87203,user,青年(19-30),学生,男,大专/本科,,,,2025-05-22 16:58:49
734,吴丹_733,1c041d39ba0f2ffdb38324a2bd1fa405,user,青年(19-30),教师,女,大专/本科,吴丹_733@zhu.cn,,,2025-05-22 16:58:49
735,江岩_734,6bac7da8b432e056a0aafee5da7725d2,user,青年(19-30),学生,女,研究生及以上,,,,2025-05-22 16:58:49
736,王晶_735,91b92e2332db65024fa2915a35109f2f,user,老年(51+),公务员,其他,初中,,,,2025-05-22 16:58:49
737,马红霞_736,2ef65caf83567634e108f8188e148c83,user,青年(19-30),企业职员,其他,研究生及以上,,,,2025-05-22 16:58:49
738,王峰_737,83299381427a1703634b4797628d7f3c,user,青年(19-30),学生,其他,高中,,,,2025-05-22 16:58:49
739,张小红_738,de643eb5218bed2019d18b5206a522b0,user,儿童(0-12),学生,男,小学及以下,张小红_738@51.cn,,,2025-05-22 16:58:49
740,王明_739,56637f0911a98781bfd6c32dca97afba,user,青年(19-30),学生,男,大专/本科,,,,2025-05-22 16:58:49
741,张红梅_740,d5fdcfc6ca474c67ce43bf35dce9c9d4,user,儿童(0-12),学生,男,小学及以下,张红梅_740@36.cn,,,2025-05-22 16:58:49
742,温龙_741,063b57266a49d6bb71d00ad4ca2dd652,user,青年(19-30),企业职员,其他,大专/本科,,,,2025-05-22 16:58:49
743,张桂荣_742,95b23bff003f7faf7c508c6e0e0986f9,user,儿童(0-12),学生,女,小学及以下,,,,2025-05-22 16:58:49
744,刘成_743,3f141117979b4d6394166e602a11dfbd,user,中年(31-50),自由职业,其他,初中,,18086247196,,2025-05-22 16:58:49
745,杨强_744,3ec501829751f23f3d103b47182943e3,user,青少年(13-18),学生,其他,高中,杨强_744@sunhan.cn,,,2025-05-22 16:58:49
746,简建华_745,e6904a8d6cfd7b7db6111f754ddce23e,user,青年(19-30),企业职员,其他,大专/本科,,,,2025-05-22 16:58:49
747,张莹_746,c9e3539aca90483685125c9d077376ed,user,老年(51+),退休人员,男,大专/本科,,15271407831,,2025-05-22 16:58:49
748,王淑珍_747,0730ccc1b51dc57d2c7abed163f1c2c4,user,青年(19-30),学生,女,大专/本科,王淑珍_747@ming.cn,,,2025-05-22 16:58:49
749,陶玉珍_748,d831564015539334d7a7771c5a1d47ff,user,儿童(0-12),学生,其他,小学及以下,陶玉珍_748@fan.net,,,2025-05-22 16:58:49
750,陈秀华_749,10e2d1df1718586aa50d8c03bd75a53b,user,儿童(0-12),学生,女,小学及以下,陈秀华_749@yangwan.org,18879686675,,2025-05-22 16:58:49
751,吴利_750,4f70b1b316ecfab0284ace58b87c466f,user,青年(19-30),教师,其他,大专/本科,,,,2025-05-22 16:58:49
752,赖旭_751,4993e0856c1ef86a1ea9f1bcc6a2fe4e,user,老年(51+),退休人员,女,小学及以下,赖旭_751@ew.cn,,,2025-05-22 16:58:49
753,邓龙_752,fc331b79533cc64f0ab148ffcc1856d8,user,青年(19-30),学生,其他,高中,邓龙_752@kh.cn,,,2025-05-22 16:58:49
754,邓飞_753,0c92ab6dc71b60dada0ea7345ef9ddf2,user,青年(19-30),公务员,其他,大专/本科,邓飞_753@wu.cn,13674367393,,2025-05-22 16:58:49
755,苗艳_754,3e7b5cb793fcdb66f08e44c6c25b1bcd,user,中年(31-50),其他,女,研究生及以上,,,,2025-05-22 16:58:49
756,孙刚_755,9d8febca51b29b4d943b9bbd5932208c,user,中年(31-50),其他,女,研究生及以上,,,,2025-05-22 16:58:49
757,杨凤英_756,7309da5c59897dfdb929173b6b595fdc,user,中年(31-50),公务员,其他,初中,杨凤英_756@xiuying.cn,,,2025-05-22 16:58:49
758,黄桂荣_757,1acfa5c9a3efbf2f99d5d090c26e5355,user,青年(19-30),学生,女,大专/本科,,,,2025-05-22 16:58:49
759,李利_758,c0d3620d74fc63482cb639599ed02ad3,user,青年(19-30),其他,女,研究生及以上,,,,2025-05-22 16:58:49
760,李丹_759,79d985425170a5454df9bd03a41cb580,user,儿童(0-12),学生,男,小学及以下,,14598220979,,2025-05-22 16:58:49
761,陈颖_760,0ac85e6c6450d16c734bb6b71911a9fc,user,青少年(13-18),学生,其他,高中,陈颖_760@jie.cn,,,2025-05-22 16:58:49
762,冯东_761,3a76dee2aacf5fc3ec69bfa00b736804,user,青少年(13-18),学生,女,初中,冯东_761@wang.cn,,,2025-05-22 16:58:49
763,周婷婷_762,09e72ba86f99e73bc8f1e6bb3791263f,user,儿童(0-12),学生,女,小学及以下,,,,2025-05-22 16:58:49
764,单超_763,96aeb82c9e7448549e1041171d6915e2,user,青年(19-30),其他,男,大专/本科,单超_763@13.cn,,,2025-05-22 16:58:49
765,刘凤兰_764,144ed24adb2726649b3d6f3479582b0d,user,青年(19-30),其他,女,大专/本科,刘凤兰_764@le.cn,13816686447,,2025-05-22 16:58:49
766,高岩_765,6aef7f64c1aa34222b1548aa77e41ab2,user,青年(19-30),企业职员,男,研究生及以上,,15172941060,,2025-05-22 16:58:49
767,郁颖_766,f0e763c8649a293381e5579ae21c7d02,user,青年(19-30),企业职员,其他,研究生及以上,郁颖_766@75.cn,13158737216,,2025-05-22 16:58:49
768,徐丽_767,a519b1803170510f5e898166397aa57e,user,中年(31-50),其他,男,高中,徐丽_767@gu.cn,13609210770,,2025-05-22 16:58:49
769,张平_768,e98ff320f9d0ea1b11c4b5a92c5b4c3c,user,儿童(0-12),学生,女,小学及以下,,,,2025-05-22 16:58:49
770,杨玉兰_769,b1312505924232098e013345bf1b07df,user,中年(31-50),公务员,男,大专/本科,,,,2025-05-22 16:58:49
771,谢勇_770,815a0eb1519c35837f9d1fa1ac11e8ca,user,中年(31-50),退休人员,女,大专/本科,谢勇_770@huang.cn,18550063271,,2025-05-22 16:58:49
772,赵勇_771,bea548c0ae92b1bb27ceb69c21299591,user,青年(19-30),企业职员,男,大专/本科,赵勇_771@taotian.com,,,2025-05-22 16:58:49
773,陈红梅_772,83cacc04685b0b32b55ff90b6a4e9569,user,中年(31-50),教师,其他,高中,陈红梅_772@yongjuan.cn,,,2025-05-22 16:58:49
774,李勇_773,86077a59979000633e6ce2fe7e53de77,user,青年(19-30),企业职员,女,大专/本科,李勇_773@rm.com,,,2025-05-22 16:58:49
775,段帅_774,4a607dadfeb6cd1863ab80d84c4a26bc,user,青少年(13-18),学生,女,初中,,,,2025-05-22 16:58:49
776,谢建国_775,b920c46719d662ce950950d871db2034,user,青年(19-30),企业职员,女,大专/本科,,15019947985,,2025-05-22 16:58:49
777,陈平_776,63a8940a86665554700a27fd3bcf1a6b,user,青年(19-30),学生,男,研究生及以上,陈平_776@35.cn,,,2025-05-22 16:58:49
778,缪军_777,e86392fe0587bdaa43c3abd59c273fb0,user,老年(51+),退休人员,女,高中,缪军_777@laikang.com,,,2025-05-22 16:58:49
779,赵浩_778,5b0449b4fd456883837bf7d6186a97f6,user,儿童(0-12),学生,男,小学及以下,赵浩_778@gangchao.cn,,,2025-05-22 16:58:49
780,任晶_779,f337d12b13067ce420070f67a25838f7,user,儿童(0-12),学生,男,小学及以下,任晶_779@hanguo.cn,13245073062,,2025-05-22 16:58:49
781,余艳_780,b2f5e452d138e07bcc35482e457d0109,user,中年(31-50),企业职员,其他,大专/本科,,14536979497,,2025-05-22 16:58:49
782,吴亮_781,96219f8740d77c985cfda303ccf55511,user,中年(31-50),公务员,其他,研究生及以上,吴亮_781@chenhu.net,,,2025-05-22 16:58:49
783,廖小红_782,e70ca831ee1a8012f78c5e5e2f27ffe8,user,中年(31-50),企业职员,女,大专/本科,,,,2025-05-22 16:58:49
784,霍帆_783,def2f6d8779777a1a1eb9e0b5a78922d,user,儿童(0-12),学生,女,小学及以下,,13142952299,,2025-05-22 16:58:49
785,宋亮_784,ae4dced1e9da98e4a9f28172e4d8f22f,user,青年(19-30),企业职员,女,高中,宋亮_784@jieguiying.cn,,,2025-05-22 16:58:49
786,周丹_785,f1f60c3cf8c725e193878e631f908c7a,user,青少年(13-18),学生,男,初中,,14734778012,,2025-05-22 16:58:49
787,林强_786,f8d8a35ca54dc1cd2327d464501e4c97,user,中年(31-50),自由职业,其他,大专/本科,林强_786@qiu.cn,13784795375,,2025-05-22 16:58:49
788,张莹_787,6a0923b02cc28332cf85e8bd1680def5,user,青少年(13-18),学生,男,初中,张莹_787@zhengdeng.cn,15080260336,,2025-05-22 16:58:49
789,黄辉_788,0c7b38932223cec56ba7fb8d233e96e0,user,青年(19-30),自由职业,其他,大专/本科,黄辉_788@fangyong.cn,,,2025-05-22 16:58:49
790,谭浩_789,3b13e3a35746d1107d292e9c61579853,user,中年(31-50),企业职员,男,研究生及以上,,,,2025-05-22 16:58:49
791,吴红_790,85bc65cf6266b8a832c75f9f9f6226f6,user,老年(51+),退休人员,男,小学及以下,吴红_790@juanshen.cn,13896971470,,2025-05-22 16:58:49
792,田秀珍_791,435f947ccbd8f804c23f62c9ea32413d,user,中年(31-50),公务员,男,高中,田秀珍_791@dx.net,15644304086,,2025-05-22 16:58:49
793,陈琴_792,1bc09dd38fe525e22604378bcf1219fc,user,青少年(13-18),学生,女,初中,,,,2025-05-22 16:58:49
794,马健_793,1e5866d27137582276327b25bd0fc8cc,user,老年(51+),企业职员,其他,初中,,,,2025-05-22 16:58:49
795,陈龙_794,f2c4162c25f71b9a90937b5f1d6ad759,user,青少年(13-18),学生,女,初中,,,,2025-05-22 16:58:49
796,刘桂芝_795,dbc9df52b3bcb9619ff99a464ded2413,user,中年(31-50),教师,其他,初中,,,,2025-05-22 16:58:49
797,鞠玉梅_796,14191854fc773f2d9e6d2b9fd86e20e4,user,中年(31-50),企业职员,其他,高中,鞠玉梅_796@shenzheng.cn,,,2025-05-22 16:58:49
798,何玉珍_797,c4dcd6edc92da054e974c88621f2abfa,user,青少年(13-18),学生,女,初中,何玉珍_797@li.cn,,,2025-05-22 16:58:49
799,宁秀华_798,f5401c778032b729791b673fe819e111,user,老年(51+),公务员,男,研究生及以上,,,,2025-05-22 16:58:49
800,纪莉_799,4cab7d78c6f92bbe48af7c9b50f5e54c,user,老年(51+),企业职员,其他,小学及以下,,13097542961,,2025-05-22 16:58:49
801,吴平_800,bd61ff695619e90e18328b9f78ca266d,user,青年(19-30),学生,其他,大专/本科,吴平_800@ming.cn,,,2025-05-22 16:58:49
802,张玉_801,603d579d7d79464f13968ceadc9c88a4,user,儿童(0-12),学生,男,小学及以下,,,,2025-05-22 16:58:49
803,程娟_802,aee6cdb9a7c4547e46ce844f224bb744,user,青年(19-30),学生,女,大专/本科,程娟_802@fangyong.cn,13045467617,,2025-05-22 16:58:49
804,高秀英_803,6879c32680c7c5701e78b90ac3e867f3,user,青年(19-30),其他,男,大专/本科,高秀英_803@xia.cn,13339052841,,2025-05-22 16:58:49
805,林建平_804,61e8e3c780cab743d12584a0f661b2a7,user,青年(19-30),学生,女,大专/本科,,13266348767,,2025-05-22 16:58:49
806,倪成_805,e4ea507a5882b8b15245fe8aa51e7aa6,user,老年(51+),退休人员,其他,初中,,15827342466,,2025-05-22 16:58:49
807,孙志强_806,cfe9bc2863520e55b080c2b5ea57b760,user,青少年(13-18),学生,男,初中,孙志强_806@sunjia.cn,,,2025-05-22 16:58:49
808,王秀芳_807,ec611992cf1e8d75de17088bde26ec6a,user,中年(31-50),自由职业,男,初中,,,,2025-05-22 16:58:49
809,韩亮_808,862a5b93de2479ebcd873aeefcb2b0f6,user,中年(31-50),公务员,女,高中,韩亮_808@zheng.cn,,,2025-05-22 16:58:49
810,卢丽_809,8d7831adf42a2f3ad05421ad8180df15,user,青年(19-30),学生,男,高中,卢丽_809@gj.cn,,,2025-05-22 16:58:49
811,杨霞_810,197e2f6201b3feb06725caadd87415d8,user,青少年(13-18),学生,其他,高中,,15099793823,,2025-05-22 16:58:49
812,姚雪梅_811,a7aa3156a6b399ab8a97e2021c8d5731,user,青少年(13-18),学生,男,初中,姚雪梅_811@ren.net,15248774063,,2025-05-22 16:58:49
813,安帆_812,e4d3d995d4144158423643c37ef87342,user,青年(19-30),自由职业,其他,大专/本科,安帆_812@leiwei.cn,,,2025-05-22 16:58:49
814,王建军_813,b4e9efd4f3096866e76abd80a7399b9d,user,青少年(13-18),学生,男,初中,王建军_813@yk.cn,,,2025-05-22 16:58:49
815,李璐_814,59d863fa52ce03c51db13d155d7769ea,user,儿童(0-12),学生,男,小学及以下,,,,2025-05-22 16:58:49
816,吴旭_815,321001bac1cfd88b872791515a8872d2,user,青年(19-30),教师,男,大专/本科,吴旭_815@chaoguiying.net,13785301048,,2025-05-22 16:58:49
817,雷辉_816,0b9c00caa0003dd64c007993f6558e79,user,青年(19-30),其他,女,高中,雷辉_816@lin.org,,,2025-05-22 16:58:49
818,李旭_817,0b42cf1c1544446c3ebe8a28a9995f73,user,中年(31-50),自由职业,其他,大专/本科,李旭_817@wei.com,,,2025-05-22 16:58:49
819,谢想_818,64a0ffda85f51cb09a9319d52dddf240,user,中年(31-50),其他,男,高中,谢想_818@sunxue.cn,,,2025-05-22 16:58:49
820,李柳_819,7f6e98b661fb197280406dd92232143a,user,中年(31-50),教师,男,研究生及以上,李柳_819@71.cn,,,2025-05-22 16:58:49
821,林刚_820,9a3d8c8a86ba530984556217b43315c7,user,青少年(13-18),学生,女,初中,,13105827890,,2025-05-22 16:58:49
822,孙鹏_821,7bafba985894b5f80e0968e92e8e3998,user,青年(19-30),学生,其他,大专/本科,,,,2025-05-22 16:58:49
823,王建军_822,b22b8841227b3b153109a7569aa7195f,user,儿童(0-12),学生,女,小学及以下,,,,2025-05-22 16:58:49
824,张金凤_823,0e6e5b5b2a2e7d2f0468911ced03a9f7,user,青年(19-30),学生,其他,高中,张金凤_823@renchang.cn,,,2025-05-22 16:58:49
825,王建军_824,bc41c320e906558aeeb775a72df31b3d,user,儿童(0-12),学生,男,小学及以下,,,,2025-05-22 16:58:49
826,姜博_825,8575373595452a0a755bb46b83ff0f01,user,中年(31-50),教师,女,高中,姜博_825@yan.org,,,2025-05-22 16:58:49
827,李波_826,5835462209472e892d8a2939ce9e2fdb,user,青年(19-30),学生,其他,大专/本科,李波_826@34.cn,,,2025-05-22 16:58:49
828,刘秀梅_827,d2e63a98df1bf5f0a076ae62dc11d2f0,user,老年(51+),退休人员,男,研究生及以上,刘秀梅_827@aw.cn,14586542630,,2025-05-22 16:58:49
829,冉成_828,e9f3c4288ba09bb2e462485eeae58477,user,老年(51+),教师,女,高中,冉成_828@29.cn,18625987000,,2025-05-22 16:58:49
830,刘红梅_829,05f31a2135a4a9ff26807350a1967a56,user,青年(19-30),学生,其他,高中,刘红梅_829@xiaqiu.cn,,,2025-05-22 16:58:49
831,曾丹_830,4cf86b1b76fcdb58484e77f585d4a01b,user,中年(31-50),企业职员,其他,研究生及以上,,,,2025-05-22 16:58:49
832,窦勇_831,ff5034a0b350cf59e865bd5a1f6cd533,user,中年(31-50),企业职员,女,大专/本科,,13270656072,,2025-05-22 16:58:49
833,吕倩_832,056d0cd474cb0618c98bfa356f067d26,user,青年(19-30),公务员,其他,大专/本科,吕倩_832@jungao.cn,,,2025-05-22 16:58:49
834,宋阳_833,e254c558de92804e4ef32550ebb450f0,user,中年(31-50),教师,其他,大专/本科,,,,2025-05-22 16:58:49
835,洪峰_834,706fec2165a17f63b0296a1d030ef0db,user,青少年(13-18),学生,男,初中,,,,2025-05-22 16:58:49
836,唐秀芳_835,248b58f7e28ecb7f8d33679111799f65,user,青少年(13-18),学生,女,高中,唐秀芳_835@oc.net,,,2025-05-22 16:58:49
837,李岩_836,2c05aaf165dd051cd53790a893cf989a,user,青年(19-30),企业职员,女,大专/本科,李岩_836@rx.cn,,,2025-05-22 16:58:49
838,王小红_837,cfb6b5ce1d1c5e3385d0c1b170ecee2c,user,青少年(13-18),学生,女,初中,,,,2025-05-22 16:58:49
839,沈莉_838,4f80a30938181988abe3a6caf15cc4a6,user,老年(51+),其他,男,高中,,,,2025-05-22 16:58:49
840,黄林_839,11279a575cff4f071d50cf55bc3f7e16,user,老年(51+),退休人员,女,大专/本科,黄林_839@pingping.cn,,,2025-05-22 16:58:49
841,强杨_840,2c4eb3974f206fa215530d36396dfd9a,user,老年(51+),教师,女,大专/本科,强杨_840@09.cn,,,2025-05-22 16:58:49
842,鲁凤英_841,7be1aef4d2f8a40084348a30ebb4f032,user,中年(31-50),其他,男,大专/本科,,,,2025-05-22 16:58:49
843,洪娜_842,46e3e7c1f297f5d38f921a919874d027,user,青年(19-30),公务员,男,大专/本科,,,,2025-05-22 16:58:49
844,喻玉英_843,b9c4a57484eb866520c8b23998921db4,user,青年(19-30),学生,女,大专/本科,,,,2025-05-22 16:58:49
845,韦英_844,96ef38da27a71b142bbaf85beb5ff55b,user,中年(31-50),公务员,女,高中,韦英_844@jiasu.cn,14743465070,,2025-05-22 16:58:49
846,高海燕_845,468a23829b6de7393344f1f85f032697,user,青少年(13-18),学生,其他,初中,,,,2025-05-22 16:58:49
847,马建华_846,9b59aed3685ef98067508bd21402a825,user,青年(19-30),学生,其他,高中,马建华_846@ii.cn,14596374447,,2025-05-22 16:58:49
848,叶秀云_847,610c98ebacce45c210c23ac39add9d0b,user,儿童(0-12),学生,男,小学及以下,,13923874042,,2025-05-22 16:58:49
849,郭峰_848,4fd37bf89d1747a31a71fda1722d67d0,user,青少年(13-18),学生,其他,高中,郭峰_848@shao.net,,,2025-05-22 16:58:49
850,李瑜_849,afe2fa554a40b7981c91a62fa7d50bcd,user,青年(19-30),教师,女,大专/本科,李瑜_849@fc.cn,15917021349,,2025-05-22 16:58:49
851,傅慧_850,709e3a64ac556e98fcde1cd0fa1886b6,user,青少年(13-18),学生,女,初中,傅慧_850@nasong.cn,,,2025-05-22 16:58:49
852,徐霞_851,48875ae1664a251c7994a9bfb294d6cc,user,青年(19-30),公务员,男,研究生及以上,徐霞_851@54.cn,15203855292,,2025-05-22 16:58:49
853,陈刚_852,8d5908abc0372ebb4136d98b6c737cb2,user,中年(31-50),教师,女,高中,陈刚_852@lin.cn,,,2025-05-22 16:58:49
854,陈玉梅_853,bab524addcda1a0112743ecb2085bccb,user,儿童(0-12),学生,男,小学及以下,,18881833319,,2025-05-22 16:58:49
855,邓岩_854,5eca6a53ca6e3fdcf5f67387dd8d0c72,user,老年(51+),企业职员,女,高中,,15933698290,,2025-05-22 16:58:49
856,余健_855,cb4022087a7acab37abba73c87db5465,user,青年(19-30),学生,女,大专/本科,余健_855@66.cn,,,2025-05-22 16:58:49
857,金秀云_856,b78f8ef5a8b6e1dcda0042b08d780332,user,青年(19-30),学生,女,大专/本科,金秀云_856@82.cn,,,2025-05-22 16:58:49
858,秦秀荣_857,dddaa379caecb78f8cf0cf23c1164a09,user,青年(19-30),企业职员,其他,大专/本科,,,,2025-05-22 16:58:49
859,孔飞_858,c35f65587b0a3a8f6656297f4cc54af4,user,中年(31-50),企业职员,男,研究生及以上,,,,2025-05-22 16:58:49
860,覃成_859,ceedfe2409e4d627c8593507c6b4f4ef,user,青年(19-30),学生,男,大专/本科,,,,2025-05-22 16:58:49
861,姚兵_860,b8248c5744b96a4f2b844346ec09fe6f,user,青年(19-30),学生,其他,大专/本科,姚兵_860@luo.cn,18690761953,,2025-05-22 16:58:49
862,李淑华_861,b103a7d70f1f830162e7ef12e08b4631,user,中年(31-50),学生,其他,大专/本科,李淑华_861@taoxia.cn,15101855380,,2025-05-22 16:58:49
863,许萍_862,faf64bd812020e315333b77b499d7342,user,儿童(0-12),学生,其他,小学及以下,,,,2025-05-22 16:58:49
864,杨玉梅_863,506307bf70fb3b42120e5d26cf0158e8,user,青年(19-30),其他,女,大专/本科,,,,2025-05-22 16:58:49
865,石欣_864,98de47f3dcb86582f2824207b05d6ec6,user,老年(51+),其他,女,大专/本科,,,,2025-05-22 16:58:49
866,奉凤英_865,6eb6e6566fd2f684d786e75a81f323ee,user,青少年(13-18),学生,男,初中,奉凤英_865@at.cn,,,2025-05-22 16:58:49
867,邢建_866,32f38571df325b55c511a6462c993b35,user,中年(31-50),公务员,男,大专/本科,,18826377616,,2025-05-22 16:58:49
868,鞠峰_867,600122995eef230cca6288b446d7f2fb,user,中年(31-50),学生,其他,研究生及以上,鞠峰_867@wang.org,,,2025-05-22 16:58:49
869,谭杨_868,05ed252533af766dee81acda324ea660,user,青年(19-30),公务员,其他,大专/本科,谭杨_868@fangqiang.com,,,2025-05-22 16:58:49
870,安倩_869,f85fe03ea1d24dbfa871ddd3bf392f84,user,青年(19-30),学生,女,高中,,13356236968,,2025-05-22 16:58:49
871,王秀梅_870,e3a08940b95feb331daa1b22254ebb2b,user,中年(31-50),企业职员,男,大专/本科,,13373066282,,2025-05-22 16:58:49
872,王想_871,95a2fff5eb0024568b903fb73de2ac49,user,老年(51+),退休人员,其他,高中,,,,2025-05-22 16:58:49
873,黄燕_872,e3763da21f346cf9edf67140252f4833,user,青年(19-30),公务员,女,大专/本科,,,,2025-05-22 16:58:49
874,廖丽_873,53dd4244e4154dd6dc0131bad7a80df8,user,儿童(0-12),学生,其他,小学及以下,,,,2025-05-22 16:58:49
875,禹桂花_874,4c5e6526bc6432dd6ffb47468cb9862d,user,儿童(0-12),学生,其他,小学及以下,禹桂花_874@fangping.cn,,,2025-05-22 16:58:49
876,林玉梅_875,6389bb2db67c6ed073dd17dd0f1fb483,user,青年(19-30),自由职业,其他,大专/本科,林玉梅_875@juanzhong.cn,,,2025-05-22 16:58:49
877,李林_876,141421452719b2f2181dde7446c37373,user,中年(31-50),公务员,女,初中,,15982591282,,2025-05-22 16:58:49
878,戴梅_877,e6e394174d7d4a765da5e39656bc9005,user,中年(31-50),退休人员,其他,大专/本科,,13438348026,,2025-05-22 16:58:49
879,汪志强_878,7621d723077e84941cacd227fbf820f9,user,老年(51+),自由职业,男,初中,汪志强_878@mingtao.cn,,,2025-05-22 16:58:49
880,邹亮_879,1cbcdb80458677bc41f2c4ea59daf6ce,user,儿童(0-12),学生,女,小学及以下,邹亮_879@fangqiu.cn,,,2025-05-22 16:58:49
881,张琳_880,59379db37ce1fce88c882666c3e5ec25,user,儿童(0-12),学生,女,小学及以下,张琳_880@weimin.cn,13516420708,,2025-05-22 16:58:49
882,张波_881,88edd45b308a18d8c61f434445ce54a8,user,儿童(0-12),学生,其他,小学及以下,张波_881@qiang.org,14773722831,,2025-05-22 16:58:49
883,张建华_882,a39f3f57900609021825555a95ace667,user,青年(19-30),企业职员,男,研究生及以上,,,,2025-05-22 16:58:49
884,刘强_883,0703a74f946a810a431d814a93344a0a,user,中年(31-50),退休人员,女,大专/本科,,13182262647,,2025-05-22 16:58:49
885,唐飞_884,8bebfae2beeaeeabe0406d4c1f41f9e7,user,青少年(13-18),学生,其他,初中,,,,2025-05-22 16:58:49
886,蒙凤英_885,0be3b383bece20d9d622fe9ebe405a87,user,老年(51+),企业职员,其他,高中,蒙凤英_885@ux.cn,,,2025-05-22 16:58:49
887,王勇_886,34b8fe95735a53571e008f7c2ddea7c0,user,青年(19-30),教师,其他,大专/本科,王勇_886@34.cn,,,2025-05-22 16:58:49
888,乔建军_887,85ad1c622df2019743e46809bd21b771,user,儿童(0-12),学生,其他,小学及以下,乔建军_887@tian.cn,,,2025-05-22 16:58:49
889,金欣_888,7c795f34ed5c94ab182409253fe9a566,user,儿童(0-12),学生,女,小学及以下,金欣_888@minqiang.cn,,,2025-05-22 16:58:49
890,李桂珍_889,03fb1a61fbbd9b9ae7b8b7106ec62dca,user,中年(31-50),教师,其他,大专/本科,,,,2025-05-22 16:58:49
891,李丹丹_890,5c60e2512e7da6d7023e008eaff29009,user,青少年(13-18),学生,其他,高中,李丹丹_890@guiyingping.cn,,,2025-05-22 16:58:49
892,段瑜_891,ae6ebf6bcb8460652253beb4d3a96a80,user,青少年(13-18),学生,其他,初中,段瑜_891@zeng.cn,,,2025-05-22 16:58:49
893,兰桂荣_892,238f64fbc2869f9b595891366f358b71,user,儿童(0-12),学生,其他,小学及以下,兰桂荣_892@jieliang.cn,14791676658,,2025-05-22 16:58:49
894,江俊_893,3b41039aed83f45145c19d7d99ce9690,user,中年(31-50),自由职业,女,高中,,,,2025-05-22 16:58:49
895,邓秀英_894,4fff561c320c8c94335f8ea1b1800db9,user,中年(31-50),企业职员,其他,大专/本科,邓秀英_894@71.cn,,,2025-05-22 16:58:49
896,史金凤_895,08df0a068982383e062f39078e279026,user,青少年(13-18),学生,其他,高中,史金凤_895@85.cn,,,2025-05-22 16:58:49
897,朱建华_896,228911f449f343fe4b1fd49a3edf83da,user,中年(31-50),其他,其他,高中,,18122642054,,2025-05-22 16:58:49
898,胡桂荣_897,fef5365e5f8e804c4a132fbc5c3ba86b,user,中年(31-50),自由职业,女,大专/本科,,,,2025-05-22 16:58:49
899,张涛_898,959a655dab5eaef141c70b56b11bdc66,user,儿童(0-12),学生,女,小学及以下,张涛_898@03.cn,13065406637,,2025-05-22 16:58:49
900,杨冬梅_899,0118b1d2297f4af378e1905d0c2fd406,user,青少年(13-18),学生,其他,高中,,,,2025-05-22 16:58:49
901,冯鑫_900,b7e27098616134afdce387adfc33ebf2,user,青年(19-30),公务员,女,大专/本科,,,,2025-05-22 16:58:49
902,龚婷_901,31e97e9283adbecae461e84b0d60cf2b,user,中年(31-50),自由职业,其他,大专/本科,,,,2025-05-22 16:58:49
903,黎静_902,f3dc284791f3785d8d737ef54ee8b72d,user,中年(31-50),企业职员,男,初中,,,,2025-05-22 16:58:49
904,熊静_903,b4fbbe7563d056df75fc652031ac669f,user,老年(51+),自由职业,男,高中,,,,2025-05-22 16:58:49
905,李瑜_904,8e86f6fdc7165664ef9ffba48232d119,user,青年(19-30),企业职员,女,研究生及以上,李瑜_904@weitao.cn,15298379201,,2025-05-22 16:58:49
906,唐晶_905,e7e17960a62e218f46c33d6849ff0c4b,user,青年(19-30),学生,男,大专/本科,,,,2025-05-22 16:58:49
907,贾晨_906,b9977d2a575aed6dafed7d608b0a7fe4,user,儿童(0-12),学生,其他,小学及以下,,,,2025-05-22 16:58:49
908,黎桂芝_907,a72aa27fb02cea9aef7ceaf7f04efa9b,user,儿童(0-12),学生,女,小学及以下,黎桂芝_907@jk.cn,,,2025-05-22 16:58:49
909,潘秀珍_908,540bf25a094e3fb2fa14d1876768d849,user,青年(19-30),学生,女,大专/本科,,,,2025-05-22 16:58:49
910,时成_909,9c72ff0a93f3cafc1119a1e044240e61,user,青年(19-30),企业职员,女,研究生及以上,时成_909@zhusun.com,,,2025-05-22 16:58:49
911,邱刚_910,5b1e4c815bfa214c3456fff00e77402d,user,青年(19-30),其他,男,研究生及以上,,,,2025-05-22 16:58:49
912,汪杰_911,d6228611b21e58dc1b06e64e2a6f0124,user,青年(19-30),教师,其他,研究生及以上,汪杰_911@eg.net,,,2025-05-22 16:58:49
913,田欢_912,3b44c331ada972365204376cecb728dc,user,青年(19-30),其他,女,大专/本科,田欢_912@xuejiang.cn,15160972556,,2025-05-22 16:58:49
914,王慧_913,dac4097ff227359328380353a331fabf,user,青少年(13-18),学生,其他,高中,王慧_913@qian.cn,,,2025-05-22 16:58:49
915,陈畅_914,dd623209c6e867ad7281764a269a4f70,user,中年(31-50),学生,其他,大专/本科,陈畅_914@tao.cn,,,2025-05-22 16:58:49
916,胡玲_915,f02a73f771d0033e3187c70e636dc92d,user,青年(19-30),学生,男,大专/本科,,,,2025-05-22 16:58:49
917,王桂花_916,58f1ac56d3186c5994e628a3c66e4a18,user,青年(19-30),企业职员,其他,研究生及以上,,15024579831,,2025-05-22 16:58:49
918,尹雪_917,93fef2381652cea245a4fe70402f1a1c,user,青年(19-30),其他,男,大专/本科,,,,2025-05-22 16:58:49
919,曾想_918,771d7ec8ddf362e5a5891a07ebd30bba,user,中年(31-50),公务员,其他,大专/本科,曾想_918@yangjie.net,,,2025-05-22 16:58:49
920,张秀荣_919,c863e94f339fc3a589f04c2938a0310d,user,青年(19-30),自由职业,其他,大专/本科,张秀荣_919@huyang.cn,15786409718,,2025-05-22 16:58:49
921,张静_920,a91a1e94a8581499800b3f063e529848,user,青年(19-30),学生,男,研究生及以上,张静_920@xiulan.cn,,,2025-05-22 16:58:49
922,黄柳_921,1875f568486f86d35f5025624f0764dd,user,青少年(13-18),学生,其他,初中,,,,2025-05-22 16:58:49
923,卢兰英_922,a52f366d0be84c6537b28486f22a9bbe,user,老年(51+),退休人员,女,大专/本科,卢兰英_922@jie.com,,,2025-05-22 16:58:49
924,宾红霞_923,4aad9e8c10820e553f21e15fe1b8e060,user,儿童(0-12),学生,其他,小学及以下,宾红霞_923@jiejia.cn,15122767441,,2025-05-22 16:58:49
925,丁倩_924,97943930cc97d2ca0e9fd6a49b25b113,user,儿童(0-12),学生,男,小学及以下,丁倩_924@shaoqin.org,18081294880,,2025-05-22 16:58:49
926,赵秀英_925,f23e241e3d0bce3e5e0d129b9ce7d401,user,中年(31-50),企业职员,男,大专/本科,赵秀英_925@qiang.cn,,,2025-05-22 16:58:49
927,孟强_926,dd660ebd28194ce49d3c9972bb2dc545,user,中年(31-50),公务员,其他,高中,,,,2025-05-22 16:58:49
928,杨鹏_927,463892c3b05bfc56b9724f806debf4c6,user,老年(51+),公务员,女,研究生及以上,杨鹏_927@qianxu.cn,,,2025-05-22 16:58:49
929,张玉华_928,a6d29abf7b7033c2e5b42d804cc84864,user,儿童(0-12),学生,男,小学及以下,张玉华_928@qf.cn,13106661238,,2025-05-22 16:58:49
930,赵秀英_929,4f54f776dbe22667354cb895119cfd75,user,青少年(13-18),学生,女,高中,,,,2025-05-22 16:58:49
931,蒋娜_930,53a699f50a85fbe24612b89505abdc30,user,青年(19-30),自由职业,其他,大专/本科,,15732065389,,2025-05-22 16:58:49
932,曾桂芳_931,adefdbf540d1896b43dfffc4033cc387,user,青少年(13-18),学生,男,高中,,,,2025-05-22 16:58:49
933,亢瑞_932,0cea47156905460b60b85d6234ace3c8,user,青年(19-30),自由职业,女,研究生及以上,亢瑞_932@09.cn,,,2025-05-22 16:58:49
934,陈平_933,b3ae7e8316ea9dbd16440bc7a0937af0,user,儿童(0-12),学生,男,小学及以下,陈平_933@taoli.cn,18710078011,,2025-05-22 16:58:49
935,韩波_934,a5396bbe1ba89d9266fb1058c5a69929,user,青少年(13-18),学生,女,初中,,,,2025-05-22 16:58:49
936,吴晨_935,a8bc8d5397390cd2c5e33daee795e7a9,user,青少年(13-18),学生,其他,初中,,18858225205,,2025-05-22 16:58:49
937,张勇_936,7526a76fafb66210c43aa49b0cef4633,user,中年(31-50),公务员,男,研究生及以上,张勇_936@tanshi.cn,15755624822,,2025-05-22 16:58:49
938,杨燕_937,4be27085f57aecacc8a46f702dcc22d6,user,中年(31-50),教师,其他,研究生及以上,,18282255963,,2025-05-22 16:58:49
939,杨莹_938,c19ea150f5b1a5d5952122ac150bfb07,user,青年(19-30),学生,男,大专/本科,杨莹_938@zu.org,,,2025-05-22 16:58:49
940,田红梅_939,6aa421fb4c9fc5aac1a11112d80a679b,user,中年(31-50),自由职业,男,大专/本科,田红梅_939@rc.cn,,,2025-05-22 16:58:49
941,方海燕_940,93b552681fb9023540f37ee4b4d8715e,user,儿童(0-12),学生,男,小学及以下,,,,2025-05-22 16:58:49
942,赵杰_941,8b892fd120113e14c7c5494dcd64c99f,user,儿童(0-12),学生,其他,小学及以下,赵杰_941@jingyan.cn,,,2025-05-22 16:58:49
943,李峰_942,1fd4449f71488330828b89af493733e9,user,青年(19-30),学生,其他,大专/本科,李峰_942@ye.cn,15073779071,,2025-05-22 16:58:49
944,孙桂珍_943,525390245f7a480a652f0b05871a77c2,user,中年(31-50),退休人员,男,高中,,,,2025-05-22 16:58:49
945,周丽_944,9db093485a2b690d86853f8b0dacbff1,user,儿童(0-12),学生,女,小学及以下,周丽_944@guiying.cn,,,2025-05-22 16:58:49
946,余玉华_945,50e2c73cf6866025a443bf68e8e2152c,user,儿童(0-12),学生,女,小学及以下,,,,2025-05-22 16:58:49
947,王红_946,a11592bbaeeed8ef5478dcb0e7a3ed9f,user,青少年(13-18),学生,男,高中,,,,2025-05-22 16:58:49
948,胡红霞_947,4693a95aedcd21915ede250a684bff68,user,青少年(13-18),学生,其他,高中,胡红霞_947@li.cn,,,2025-05-22 16:58:49
949,麦丽_948,f0f1d82aa797990e0f62448b85450e5c,user,中年(31-50),企业职员,其他,大专/本科,麦丽_948@juanjun.cn,,,2025-05-22 16:58:49
950,丁凤英_949,8f02c7dc85cd76b89ad52c6fd245cf30,user,中年(31-50),公务员,女,研究生及以上,丁凤英_949@56.cn,18129374667,,2025-05-22 16:58:49
951,潘龙_950,ba8c22930a7975bf952aa0e08f64add0,user,儿童(0-12),学生,女,小学及以下,潘龙_950@pan.com,13639196446,,2025-05-22 16:58:49
952,丁岩_951,78dd13e3c0601f2e77721119bec7c9ac,user,中年(31-50),公务员,女,大专/本科,,,,2025-05-22 16:58:49
953,王瑞_952,d20be99c2c571d958cd0b0ae4dab04a5,user,中年(31-50),教师,男,大专/本科,,,,2025-05-22 16:58:49
954,刘淑华_953,39954823525119e27082c4482db293d9,user,中年(31-50),自由职业,女,大专/本科,刘淑华_953@jingli.cn,,,2025-05-22 16:58:49
955,李想_954,d1570d3d9325db97fb1fccd85da1b1d7,user,中年(31-50),企业职员,其他,大专/本科,李想_954@ld.cn,,,2025-05-22 16:58:49
956,伍林_955,fabb3fedb15c7a0a94cb862482298957,user,中年(31-50),退休人员,其他,研究生及以上,伍林_955@shi.cn,18821585504,,2025-05-22 16:58:49
957,王俊_956,464878e9b5a29762433d7b9ed984c0ee,user,青年(19-30),其他,其他,研究生及以上,王俊_956@yongzheng.cn,13325066477,,2025-05-22 16:58:49
958,崔玉英_957,de27e08c61eaaae2c5998fb03e9bd45b,user,中年(31-50),公务员,女,大专/本科,崔玉英_957@61.cn,,,2025-05-22 16:58:49
959,朱强_958,fa1987326ee6f4502ee0488ca9dc5640,user,中年(31-50),学生,女,初中,朱强_958@juan.com,18657140543,,2025-05-22 16:58:49
960,王秀华_959,54a5eaba7fef2e63f8dcaab8b3508546,user,中年(31-50),自由职业,男,大专/本科,王秀华_959@en.cn,15717448869,,2025-05-22 16:58:49
961,俞燕_960,edfded81df8c11f510c5eb5979bf1130,user,青年(19-30),公务员,女,大专/本科,,,,2025-05-22 16:58:49
962,马秀英_961,5d65a0872dea6c32a2e0538934ae3ae0,user,青年(19-30),学生,男,大专/本科,马秀英_961@yuan.cn,,,2025-05-22 16:58:49
963,黎建平_962,da747fc7903b4b608635e67ff645969f,user,老年(51+),企业职员,其他,研究生及以上,黎建平_962@tanguo.org,,,2025-05-22 16:58:49
964,曾平_963,a32a290bab8d2c75c6638e915335fe94,user,老年(51+),退休人员,女,研究生及以上,曾平_963@cai.cn,,,2025-05-22 16:58:49
965,周辉_964,0775c4bde94eb2c0fc32ee487bf815ad,user,老年(51+),教师,女,初中,,,,2025-05-22 16:58:49
966,龙阳_965,b49bf523b66d1dd19ac19e62e0b91291,user,青年(19-30),学生,其他,研究生及以上,龙阳_965@22.cn,,,2025-05-22 16:58:49
967,高淑珍_966,d4bf218e9256a32bd18b84a669b4735b,user,青少年(13-18),学生,其他,高中,高淑珍_966@nl.cn,,,2025-05-22 16:58:49
968,汪波_967,3c3c9e6f3caa1a09469887ca4ebd5b55,user,青少年(13-18),学生,其他,初中,,14554230472,,2025-05-22 16:58:49
969,廖俊_968,a479fb9a73c6c0930e0028abb3cd9b1f,user,青年(19-30),学生,男,大专/本科,廖俊_968@wanghu.cn,15395861725,,2025-05-22 16:58:49
970,唐刚_969,894e15a14e4dfe18969e92a62faa53a1,user,青年(19-30),学生,女,研究生及以上,唐刚_969@zhongpan.cn,,,2025-05-22 16:58:49
971,周燕_970,df1e82db1d940c30ea04fd8ac44a3f3e,user,青少年(13-18),学生,女,高中,周燕_970@duyang.cn,,,2025-05-22 16:58:49
972,曹欣_971,6e9227b69562b728e56983275ba870c2,user,青年(19-30),其他,其他,大专/本科,,,,2025-05-22 16:58:49
973,鞠娟_972,0f586bfd80a350c16bce726e01d976a5,user,老年(51+),企业职员,其他,大专/本科,,,,2025-05-22 16:58:49
974,俞俊_973,96b389a643c4bd2e90c8753d41ee16d8,user,青年(19-30),自由职业,其他,高中,俞俊_973@nadu.cn,,,2025-05-22 16:58:49
975,陈柳_974,af8b452098b80382298215a56a611e80,user,青年(19-30),学生,男,研究生及以上,陈柳_974@ma.cn,13925177888,,2025-05-22 16:58:49
976,舒旭_975,3eebe39a9b8c3d07fa88ba17e063c18b,user,青年(19-30),学生,男,大专/本科,,,,2025-05-22 16:58:49
977,张博_976,d0561a8062267f2377f40cdde32bbd29,user,中年(31-50),自由职业,其他,大专/本科,,,,2025-05-22 16:58:49
978,蒋鑫_977,23060a2f10cc8ed364d8cdfd50e4ab13,user,老年(51+),退休人员,女,初中,蒋鑫_977@pl.cn,15268429988,,2025-05-22 16:58:49
979,徐兰英_978,805b9d7021e60642a451eacdabc89967,user,青年(19-30),企业职员,其他,大专/本科,徐兰英_978@li.cn,,,2025-05-22 16:58:49
980,陈磊_979,1a63cdb3af4fac9ff72b0f7146f5b15a,user,老年(51+),教师,男,研究生及以上,陈磊_979@huangmo.cn,,,2025-05-22 16:58:49
981,李峰_980,5e9b87c4ddea622e0bba354be400956e,user,青年(19-30),学生,男,大专/本科,,13684364951,,2025-05-22 16:58:49
982,曹龙_981,0291badbfa471ffce53d3aca17afc492,user,中年(31-50),教师,其他,大专/本科,,,,2025-05-22 16:58:49
983,王帆_982,f0652e4a97096348db3c1e011b1f3e8f,user,青少年(13-18),学生,女,初中,,,,2025-05-22 16:58:49
984,靳彬_983,0c33e0fd6da4adcb01b8760ac6a46e34,user,青少年(13-18),学生,其他,高中,靳彬_983@linzhong.cn,,,2025-05-22 16:58:49
985,侯凤英_984,c74da58ce17eec932586bafa83034bdd,user,中年(31-50),自由职业,女,大专/本科,,,,2025-05-22 16:58:49
986,王鹏_985,45a4b36d37b96f94cbd59114384b7eb0,user,青年(19-30),学生,男,研究生及以上,王鹏_985@guiying.cn,,,2025-05-22 16:58:49
987,陈丽丽_986,49d1998ba289e886982045d7cd89b3d2,user,老年(51+),退休人员,男,高中,陈丽丽_986@qian.cn,13861979740,,2025-05-22 16:58:49
988,赵杨_987,060679491517a5d186b29e73e6505e4d,user,青少年(13-18),学生,女,高中,,15059246617,,2025-05-22 16:58:49
989,姜龙_988,a2811fa35b91aaf57aa47a7126c40eca,user,中年(31-50),学生,其他,高中,姜龙_988@qiangzhang.cn,13704838791,,2025-05-22 16:58:49
990,王静_989,a1831af78dac6b75802be40172da5ce9,user,青年(19-30),学生,女,大专/本科,,15658938856,,2025-05-22 16:58:49
991,张兵_990,c2f7f842730340fe43543b15194e0be4,user,青年(19-30),其他,女,研究生及以上,张兵_990@ga.net,,,2025-05-22 16:58:49
992,李秀荣_991,067f03cdb2d5924f070bea0c289dcb9c,user,青少年(13-18),学生,男,高中,,,,2025-05-22 16:58:49
993,蒙秀梅_992,36f75f8482dba0d427b9390811ba020f,user,中年(31-50),学生,男,研究生及以上,蒙秀梅_992@juan.cn,,,2025-05-22 16:58:49
994,刁慧_993,37e0b6f336979350cbdd39d16caab30f,user,老年(51+),企业职员,男,高中,,,,2025-05-22 16:58:49
995,许志强_994,44e97e294350749f369820d6a4dfdd6f,user,中年(31-50),学生,其他,高中,许志强_994@yongyang.cn,18742976900,,2025-05-22 16:58:49
996,崔华_995,73e50ed1afaca83d79a174b39d5ef3ed,user,中年(31-50),公务员,女,大专/本科,崔华_995@lei.com,,,2025-05-22 16:58:49
997,林鹏_996,a84cc4541b73a08560257c3f04fc4006,user,青少年(13-18),学生,其他,高中,,,,2025-05-22 16:58:49
998,谢萍_997,efd17bfdf8f15d79214ac1b750669033,user,儿童(0-12),学生,女,小学及以下,谢萍_997@cai.net,,,2025-05-22 16:58:49
999,李洋_998,7c6ae5411c156280137cf899ceaa2b4d,user,儿童(0-12),学生,其他,小学及以下,,,,2025-05-22 16:58:49
1000,高秀英_999,8a4d29bc01fcbd0fe8f3ab1bc31e99c4,user,青年(19-30),学生,男,高中,,,,2025-05-22 16:58:49
1001,admin,0192023a7bbd73250516f069df18b500,admin,中年(31-50),企业职员,男,大专/本科,admin@wuhan-culture.com,13800138000,,2025-05-22 16:58:49
1002,NoProgress,pbkdf2:sha256:600000$ssNWBfFBjMYbHaMz$dff6a3ff9bfb02b1706f03f5b01b40f5765da7491ef336f2f3a52cafb75f8e4c,user,青年(19-30),学生,男,大专/本科,1725916115@qq.com,"",,2025-05-23 18:47:27
1003,123,pbkdf2:sha256:600000$Bq3rJaqA639RWFpK$ef29d32514b24bcb1e7c8c55ea13f2c0bc819bcb733ea7de27695ebb42c70e00,user,青年(19-30),学生,男,大专/本科,123@mail.com,"",,2025-05-28 15:00:28
1004,abc,pbkdf2:sha256:600000$pm8CvckQdxXgi33H$b90f0062408c767e3e00599f825554c79b3e64d15675580e3646824ad7c0e1df,user,青年(19-30),学生,男,大专/本科,abc@123.com,"",,2025-05-28 23:07:16
